species_annotation_id	recording_id	annotation_id	species_code	scientific_name	common_name	occurrence
60100	113002	53962	pbgdov1	Columbina minuta	Plain-breasted Ground Dove	2
60101	108051	53966	batbel1	Procnias nudicollis	Bare-throated Bellbird	1
60096	109034	53932	batbel1	Procnias nudicollis	Bare-throated Bellbird	1
60097	117549	53933	cotfly1	Todirostrum cinereum	Common Tody-Flycatcher	2
60095	214543	53926	pabthr1	Turdus leucomelas	Pale-breasted Thrush	1
60098	111546	53936	rubthr1	Turdus rufiventris	Rufous-bellied Thrush	2
60099	210619	53943	pabthr1	Turdus leucomelas	Pale-breasted Thrush	2
60102	214163	53967	pabthr1	Turdus leucomelas	Pale-breasted Thrush	1
