species_annotation_id	recording_id	annotation_id	species_code	scientific_name	common_name	occurrence
6650	87334	9001	brambl	Fringilla montifringilla	Brambling	1
6651	87334	9001	comred2	Phoenicurus phoenicurus	Common Redstart	1
6652	87354	9002	wiltit1	Poecile montanus	Willow Tit	1
6657	87205	9005	brambl	Fringilla montifringilla	Brambling	1
6658	87205	9005	redcro	Loxia curvirostra	Red Crossbill	1
6659	87257	9006	cohmar1	Delichon urbicum	Common House-Martin	1
6661	87177	9008	cohmar1	Delichon urbicum	Common House-Martin	1
6662	87288	9009	cohmar1	Delichon urbicum	Common House-Martin	1
6667	87213	9011	parcro2	Loxia pytyopsittacus	Parrot Crossbill	1
6668	87215	9012	parcro2	Loxia pytyopsittacus	Parrot Crossbill	1
6670	87327	9014	grnsan	Tringa ochropus	Green Sandpiper	1
6675	87248	9018	comred2	Phoenicurus phoenicurus	Common Redstart	1
6676	87248	9018	brambl	Fringilla montifringilla	Brambling	1
6680	6478	9021	eurnut2	Sitta europaea	Eurasian Nuthatch	1
6681	6038	9022	eurjay1	Garrulus glandarius	Eurasian Jay	2
6682	6038	9022	norgos	Accipiter gentilis	Northern Goshawk	2
6683	6335	9023	norgos	Accipiter gentilis	Northern Goshawk	1
6685	6448	9028	cretit2	Lophophanes cristatus	Crested Tit	1
6694	6312	9035	blutit	Cyanistes caeruleus	Eurasian Blue Tit	1
6695	6312	9035	cretit2	Lophophanes cristatus	Crested Tit	1
6699	6480	9039	blawoo1	Dryocopus martius	Black Woodpecker	1
6700	6480	9039	eurnut2	Sitta europaea	Eurasian Nuthatch	1
6702	6536	9042	gretit1	Parus major	Great Tit	1
6703	6601	9044	blutit	Cyanistes caeruleus	Eurasian Blue Tit	1
6704	6082	9045	martit2	Poecile palustris	Marsh Tit	2
6709	6048	9051	eurnut2	Sitta europaea	Eurasian Nuthatch	1
6710	6048	9051	cretit2	Lophophanes cristatus	Crested Tit	1
6714	6455	9058	eurtre1	Certhia familiaris	Eurasian Treecreeper	1
6716	130766	9069	deslar1	Ammomanes deserti	Desert Lark	1
6725	32180	9102	eupowl1	Glaucidium passerinum	Eurasian Pygmy-Owl	1
6737	70278	9108	wiltit1	Poecile montanus	Willow Tit	1
6740	69270	9110	blutit	Cyanistes caeruleus	Eurasian Blue Tit	1
6745	69197	9115	eurbla	Turdus merula	Eurasian Blackbird	1
6750	32068	9119	eurrob1	Erithacus rubecula	European Robin	1
6751	5395	9120	lottit1	Aegithalos caudatus	Long-tailed Tit	1
6752	5395	9120	comcha	Fringilla coelebs	Common Chaffinch	1
6753	5395	9120	blutit	Cyanistes caeruleus	Eurasian Blue Tit	1
6754	5395	9120	sonthr1	Turdus philomelos	Song Thrush	1
6755	5395	9120	eurrob1	Erithacus rubecula	European Robin	2
6760	49400	9123	eurnut2	Sitta europaea	Eurasian Nuthatch	1
6761	69638	9124	grswoo	Dendrocopos major	Great Spotted Woodpecker	1
6764	47955	9127	gretit1	Parus major	Great Tit	1
6765	47955	9127	eurbla	Turdus merula	Eurasian Blackbird	1
6766	47955	9127	eurrob1	Erithacus rubecula	European Robin	1
6767	32148	9128	redkit1	Milvus milvus	Red Kite	1
6768	32148	9128	comcha	Fringilla coelebs	Common Chaffinch	1
6769	49208	9129	gretit1	Parus major	Great Tit	1
6770	49208	9129	eurjay1	Garrulus glandarius	Eurasian Jay	2
6771	49208	9129	combuz1	Buteo buteo	Common Buzzard	2
6772	13525	9130	eurbla	Turdus merula	Eurasian Blackbird	1
6773	13525	9130	cowpig1	Columba palumbus	Common Wood-Pigeon	1
6774	13525	9130	eurrob1	Erithacus rubecula	European Robin	1
6775	13525	9130	winwre4	Troglodytes troglodytes	Eurasian Wren	1
6776	13525	9130	blackc1	Sylvia atricapilla	Eurasian Blackcap	1
6779	105826	9133	eurbla	Turdus merula	Eurasian Blackbird	1
6780	105826	9133	winwre4	Troglodytes troglodytes	Eurasian Wren	1
6781	105826	9133	comcha	Fringilla coelebs	Common Chaffinch	1
6782	31271	9134	eurnut2	Sitta europaea	Eurasian Nuthatch	1
6783	31271	9134	blawoo1	Dryocopus martius	Black Woodpecker	1
6784	31271	9134	martit2	Poecile palustris	Marsh Tit	1
6790	49371	9138	blutit	Cyanistes caeruleus	Eurasian Blue Tit	1
6791	49371	9138	gretit1	Parus major	Great Tit	1
6792	49371	9138	eurgol	Carduelis carduelis	European Goldfinch	1
6793	49371	9138	cowpig1	Columba palumbus	Common Wood-Pigeon	1
6795	31550	9140	eurbla	Turdus merula	Eurasian Blackbird	1
6796	31550	9140	eurtre1	Certhia familiaris	Eurasian Treecreeper	2
6801	4784	9142	comcha	Fringilla coelebs	Common Chaffinch	1
6802	31872	9143	eurtre1	Certhia familiaris	Eurasian Treecreeper	1
6803	31872	9143	comcha	Fringilla coelebs	Common Chaffinch	1
6805	49214	9145	eugwoo2	Picus viridis	Eurasian Green Woodpecker	1
6806	49214	9145	eurrob1	Erithacus rubecula	European Robin	1
6807	49214	9145	gretit1	Parus major	Great Tit	1
6808	31049	9146	gretit1	Parus major	Great Tit	1
6809	31049	9146	eurrob1	Erithacus rubecula	European Robin	1
6811	32451	9149	eupowl1	Glaucidium passerinum	Eurasian Pygmy-Owl	1
6812	5371	9150	gretit1	Parus major	Great Tit	1
6813	5371	9150	sonthr1	Turdus philomelos	Song Thrush	1
6814	5371	9150	blutit	Cyanistes caeruleus	Eurasian Blue Tit	2
6827	55829	9156	comcra	Grus grus	Common Crane	1
6828	49445	9157	eurmag1	Pica pica	Eurasian Magpie	1
6829	49445	9157	eurgol	Carduelis carduelis	European Goldfinch	1
6830	49445	9157	gretit1	Parus major	Great Tit	1
6831	47938	9158	shttre1	Certhia brachydactyla	Short-toed Treecreeper	1
6832	47938	9158	blutit	Cyanistes caeruleus	Eurasian Blue Tit	1
6836	13048	9162	eurrob1	Erithacus rubecula	European Robin	1
6838	29834	9164	sarwar1	Sylvia melanocephala	Sardinian Warbler	1
6841	37052	9167	corbun1	Emberiza calandra	Corn Bunting	1
6842	37052	9167	comcha	Fringilla coelebs	Common Chaffinch	1
6850	36534	9177	eurrob1	Erithacus rubecula	European Robin	1
6851	36534	9177	winwre4	Troglodytes troglodytes	Eurasian Wren	1
6853	30555	9181	cretit2	Lophophanes cristatus	Crested Tit	1
6857	30530	9187	eurbla	Turdus merula	Eurasian Blackbird	2
6858	30228	9188	relpar1	Alectoris rufa	Red-legged Partridge	1
6859	30228	9188	crelar2	Galerida cristata	Crested Lark	1
6860	30925	9189	eurwar1	Acrocephalus scirpaceus	Eurasian Reed Warbler	2
6863	30710	9192	bkwsti	Himantopus himantopus	Black-winged Stilt	1
6864	28950	9193	eubeat1	Merops apiaster	European Bee-eater	1
6865	28950	9193	eurbla	Turdus merula	Eurasian Blackbird	1
6866	28950	9193	sarwar1	Sylvia melanocephala	Sardinian Warbler	2
6868	30526	9197	grefla3	Phoenicopterus roseus	Greater Flamingo	1
6869	29033	9199	sarwar1	Sylvia melanocephala	Sardinian Warbler	1
6870	29033	9199	cowpig1	Columba palumbus	Common Wood-Pigeon	1
6871	30196	9202	sarwar1	Sylvia melanocephala	Sardinian Warbler	1
6872	29233	9204	grefla3	Phoenicopterus roseus	Greater Flamingo	1
6873	29674	9206	crelar2	Galerida cristata	Crested Lark	1
6878	85029	9219	eurbla	Turdus merula	Eurasian Blackbird	1
6879	85029	9219	wlwwar	Phylloscopus trochilus	Willow Warbler	1
6880	85151	9220	comswi	Apus apus	Common Swift	1
6881	85151	9220	stodov1	Columba oenas	Stock Dove	1
6882	84970	9223	comrav	Corvus corax	Common Raven	1
6885	85214	9225	comswi	Apus apus	Common Swift	1
6886	85214	9225	trepip	Anthus trivialis	Tree Pipit	1
6887	85031	9226	eurbla	Turdus merula	Eurasian Blackbird	1
6888	84936	9227	eurbla	Turdus merula	Eurasian Blackbird	1
6889	84936	9227	trepip	Anthus trivialis	Tree Pipit	1
6898	85081	9233	gyfwoo1	Picus canus	Gray-headed Woodpecker	1
6899	85081	9233	comrav	Corvus corax	Common Raven	1
6900	84935	9234	comcha	Fringilla coelebs	Common Chaffinch	1
6901	84935	9234	cowpig1	Columba palumbus	Common Wood-Pigeon	1
6902	84935	9234	stodov1	Columba oenas	Stock Dove	1
6903	84931	9236	sonthr1	Turdus philomelos	Song Thrush	1
6905	84955	9239	comgol	Bucephala clangula	Common Goldeneye	1
6908	85023	9242	tawowl1	Strix aluco	Tawny Owl	1
6912	85095	9244	cretit2	Lophophanes cristatus	Crested Tit	1
6916	85103	9247	spofly1	Muscicapa striata	Spotted Flycatcher	1
6920	85165	9250	cowpig1	Columba palumbus	Common Wood-Pigeon	1
6921	85165	9250	trepip	Anthus trivialis	Tree Pipit	1
6922	85165	9250	comcha	Fringilla coelebs	Common Chaffinch	1
6925	85073	9253	comcha	Fringilla coelebs	Common Chaffinch	1
6926	85073	9253	trepip	Anthus trivialis	Tree Pipit	1
6927	85073	9253	eurbla	Turdus merula	Eurasian Blackbird	1
6928	85134	9254	leswoo1	Dryobates minor	Lesser Spotted Woodpecker	1
6929	84927	9255	garwar1	Sylvia borin	Garden Warbler	1
6930	84927	9255	comcha	Fringilla coelebs	Common Chaffinch	1
6933	85170	9258	trepip	Anthus trivialis	Tree Pipit	1
6935	85002	9260	comswi	Apus apus	Common Swift	1
6936	85002	9260	eurbla	Turdus merula	Eurasian Blackbird	1
6937	85002	9260	trepip	Anthus trivialis	Tree Pipit	1
6938	85209	9261	eurbla	Turdus merula	Eurasian Blackbird	1
6941	85205	9265	grewhi1	Sylvia communis	Greater Whitethroat	1
6942	85205	9265	eurgre1	Chloris chloris	European Greenfinch	1
6943	85205	9265	wlwwar	Phylloscopus trochilus	Willow Warbler	1
6947	85025	9267	yellow2	Emberiza citrinella	Yellowhammer	1
6948	85025	9267	sonthr1	Turdus philomelos	Song Thrush	1
6949	85025	9267	eupfly1	Ficedula hypoleuca	European Pied Flycatcher	1
6952	84950	9270	trepip	Anthus trivialis	Tree Pipit	1
6953	84950	9270	comcha	Fringilla coelebs	Common Chaffinch	1
6955	85140	9272	trepip	Anthus trivialis	Tree Pipit	1
6956	85140	9272	comcha	Fringilla coelebs	Common Chaffinch	1
6960	84996	9275	comcha	Fringilla coelebs	Common Chaffinch	1
6961	84996	9275	brambl	Fringilla montifringilla	Brambling	1
6962	84996	9275	blawoo1	Dryocopus martius	Black Woodpecker	1
6963	84996	9275	cretit2	Lophophanes cristatus	Crested Tit	1
6964	84996	9275	eurrob1	Erithacus rubecula	European Robin	1
6970	114546	9280	eurjay1	Garrulus glandarius	Eurasian Jay	1
6971	115125	9283	whsbul1	Pycnonotus xanthopygos	White-spectacled Bulbul	1
6972	113828	9284	rebshr1	Lanius collurio	Red-backed Shrike	2
6973	113828	9284	wooshr1	Lanius senator	Woodchat Shrike	2
7033	131396	9403	houspa	Passer domesticus	House Sparrow	1
7034	130852	9406	whsbul1	Pycnonotus xanthopygos	White-spectacled Bulbul	1
7037	130865	9411	whsbul1	Pycnonotus xanthopygos	White-spectacled Bulbul	1
7045	86176	9420	gragoo	Anser anser	Graylag Goose	1
7050	87024	9426	winwre4	Troglodytes troglodytes	Eurasian Wren	1
7051	87024	9426	eurrob1	Erithacus rubecula	European Robin	1
7052	87024	9426	lottit1	Aegithalos caudatus	Long-tailed Tit	2
7053	85540	9427	gragoo	Anser anser	Graylag Goose	1
7055	85704	9430	gragoo	Anser anser	Graylag Goose	1
7056	86565	9431	blutit	Cyanistes caeruleus	Eurasian Blue Tit	1
7060	85824	9435	eurrob1	Erithacus rubecula	European Robin	1
7069	139978	9453	hoocro1	Corvus cornix	Hooded Crow	1
7072	139582	9459	comred	Acanthis flammea	Common Redpoll	2
7073	139582	9459	hoared	Acanthis hornemanni	Hoary Redpoll	2
7074	139582	9459	lesred1	Acanthis cabaret	Lesser Redpoll	2
7075	139744	9461	comrav	Corvus corax	Common Raven	1
7076	139282	9462	redwin	Turdus iliacus	Redwing	1
7077	139685	9465	meapip1	Anthus pratensis	Meadow Pipit	1
7078	139245	9466	meapip1	Anthus pratensis	Meadow Pipit	1
7079	139544	9467	retloo	Gavia stellata	Red-throated Loon	1
7080	140060	9470	comred	Acanthis flammea	Common Redpoll	2
7081	140060	9470	hoared	Acanthis hornemanni	Hoary Redpoll	2
7082	140060	9470	lesred1	Acanthis cabaret	Lesser Redpoll	2
7083	139195	9472	retloo	Gavia stellata	Red-throated Loon	1
7084	139239	9473	meapip1	Anthus pratensis	Meadow Pipit	1
7085	139810	9474	comred	Acanthis flammea	Common Redpoll	2
7086	139810	9474	lesred1	Acanthis cabaret	Lesser Redpoll	2
7087	139810	9474	hoared	Acanthis hornemanni	Hoary Redpoll	2
7088	139594	9477	comred	Acanthis flammea	Common Redpoll	2
7089	139594	9477	lesred1	Acanthis cabaret	Lesser Redpoll	2
7090	139594	9477	hoared	Acanthis hornemanni	Hoary Redpoll	2
7097	139699	9484	meapip1	Anthus pratensis	Meadow Pipit	1
7099	140109	9488	hoocro1	Corvus cornix	Hooded Crow	1
7100	139966	9491	hoocro1	Corvus cornix	Hooded Crow	1
7101	139966	9491	comred	Acanthis flammea	Common Redpoll	2
7102	139966	9491	lesred1	Acanthis cabaret	Lesser Redpoll	2
7103	139966	9491	hoared	Acanthis hornemanni	Hoary Redpoll	2
7121	84723	9503	comred	Acanthis flammea	Common Redpoll	2
7122	84723	9503	lesred1	Acanthis cabaret	Lesser Redpoll	2
7123	84723	9503	hoared	Acanthis hornemanni	Hoary Redpoll	2
7107	140033	9493	comred	Acanthis flammea	Common Redpoll	2
7108	140033	9493	lesred1	Acanthis cabaret	Lesser Redpoll	2
7109	140033	9493	hoared	Acanthis hornemanni	Hoary Redpoll	2
7114	139460	9497	brambl	Fringilla montifringilla	Brambling	1
7115	139460	9497	redwin	Turdus iliacus	Redwing	1
7120	84809	9502	eurrob1	Erithacus rubecula	European Robin	1
7124	84768	9504	eurwoo	Scolopax rusticola	Eurasian Woodcock	1
7125	84768	9504	eurbla	Turdus merula	Eurasian Blackbird	1
7127	84816	9506	eurbul	Pyrrhula pyrrhula	Eurasian Bullfinch	1
7128	84747	9507	comchi1	Phylloscopus collybita	Common Chiffchaff	1
7129	84747	9507	eurbul	Pyrrhula pyrrhula	Eurasian Bullfinch	1
7130	84900	9508	whoswa	Cygnus cygnus	Whooper Swan	1
7145	84884	9518	eurtre1	Certhia familiaris	Eurasian Treecreeper	1
7147	84755	9520	sonthr1	Turdus philomelos	Song Thrush	1
7152	84817	9523	whimbr	Numenius phaeopus	Whimbrel	1
7153	84824	9524	hazgro1	Tetrastes bonasia	Hazel Grouse	1
7160	84879	9530	comcha	Fringilla coelebs	Common Chaffinch	1
7183	119819	9571	meapip1	Anthus pratensis	Meadow Pipit	1
7167	84841	9536	eurrob1	Erithacus rubecula	European Robin	1
7168	84841	9536	comcha	Fringilla coelebs	Common Chaffinch	1
7171	84887	9538	eurbul	Pyrrhula pyrrhula	Eurasian Bullfinch	1
6653	87341	9003	brambl	Fringilla montifringilla	Brambling	1
6654	87341	9003	whiwag	Motacilla alba	White Wagtail	1
6655	87241	9004	grnsan	Tringa ochropus	Green Sandpiper	1
6656	87241	9004	brambl	Fringilla montifringilla	Brambling	1
6660	87165	9007	grswoo	Dendrocopos major	Great Spotted Woodpecker	1
6663	87328	9010	trepip	Anthus trivialis	Tree Pipit	1
6664	87328	9010	redcro	Loxia curvirostra	Red Crossbill	1
6665	87328	9010	sonthr1	Turdus philomelos	Song Thrush	1
6666	87328	9010	brambl	Fringilla montifringilla	Brambling	2
6669	87233	9013	parcro2	Loxia pytyopsittacus	Parrot Crossbill	1
6671	87247	9015	brambl	Fringilla montifringilla	Brambling	1
6672	87247	9015	eursis	Spinus spinus	Eurasian Siskin	1
6673	87300	9017	rusbun	Emberiza rustica	Rustic Bunting	1
6674	87300	9017	eursis	Spinus spinus	Eurasian Siskin	1
6677	87338	9019	comred	Acanthis flammea	Common Redpoll	2
6678	87338	9019	hoared	Acanthis hornemanni	Hoary Redpoll	2
6679	87338	9019	brambl	Fringilla montifringilla	Brambling	1
6684	6618	9025	uraowl1	Strix uralensis	Ural Owl	1
6686	6385	9030	martit2	Poecile palustris	Marsh Tit	1
6687	6496	9031	grswoo	Dendrocopos major	Great Spotted Woodpecker	1
6688	6544	9032	eurnut2	Sitta europaea	Eurasian Nuthatch	1
6689	6544	9032	blutit	Cyanistes caeruleus	Eurasian Blue Tit	1
6690	6545	9033	eurjay1	Garrulus glandarius	Eurasian Jay	1
6691	6671	9034	whbwoo1	Dendrocopos leucotos	White-backed Woodpecker	2
6692	6671	9034	grswoo	Dendrocopos major	Great Spotted Woodpecker	2
6693	6671	9034	gretit1	Parus major	Great Tit	1
6696	6246	9036	grswoo	Dendrocopos major	Great Spotted Woodpecker	1
6706	6526	9049	gretit1	Parus major	Great Tit	1
6707	6313	9050	cretit2	Lophophanes cristatus	Crested Tit	1
6701	6486	9041	eurjay1	Garrulus glandarius	Eurasian Jay	1
6705	6408	9047	gretit1	Parus major	Great Tit	1
6708	6313	9050	eurnut2	Sitta europaea	Eurasian Nuthatch	1
6711	6711	9052	eurtre1	Certhia familiaris	Eurasian Treecreeper	1
6712	6468	9055	eurjay1	Garrulus glandarius	Eurasian Jay	1
6713	6634	9057	gretit1	Parus major	Great Tit	1
6715	131595	9066	whsbul1	Pycnonotus xanthopygos	White-spectacled Bulbul	1
6717	130661	9074	whsbul1	Pycnonotus xanthopygos	White-spectacled Bulbul	1
6718	130832	9076	whsbul1	Pycnonotus xanthopygos	White-spectacled Bulbul	1
6719	130582	9086	houspa	Passer domesticus	House Sparrow	1
6720	130810	9091	whsbul1	Pycnonotus xanthopygos	White-spectacled Bulbul	1
6721	116246	9094	comcha	Fringilla coelebs	Common Chaffinch	1
6722	105838	9101	eurrob1	Erithacus rubecula	European Robin	1
6723	105838	9101	tawowl1	Strix aluco	Tawny Owl	1
6724	105838	9101	eurbla	Turdus merula	Eurasian Blackbird	1
6726	48389	9103	blutit	Cyanistes caeruleus	Eurasian Blue Tit	1
6727	48389	9103	gretit1	Parus major	Great Tit	1
6728	31393	9105	blawoo1	Dryocopus martius	Black Woodpecker	1
6729	31393	9105	comcha	Fringilla coelebs	Common Chaffinch	1
6730	48071	9106	eurgre1	Chloris chloris	European Greenfinch	1
6731	48071	9106	gretit1	Parus major	Great Tit	1
6732	48071	9106	blutit	Cyanistes caeruleus	Eurasian Blue Tit	1
6733	106087	9107	winwre4	Troglodytes troglodytes	Eurasian Wren	1
6734	106087	9107	eugori2	Oriolus oriolus	Eurasian Golden Oriole	1
6735	106087	9107	blackc1	Sylvia atricapilla	Eurasian Blackcap	1
6736	106087	9107	gretit1	Parus major	Great Tit	1
6738	54339	9109	carcro1	Corvus corone	Carrion Crow	2
6739	54339	9109	hoocro1	Corvus cornix	Hooded Crow	2
6741	69105	9111	shttre1	Certhia brachydactyla	Short-toed Treecreeper	1
6742	69105	9111	hawfin	Coccothraustes coccothraustes	Hawfinch	2
6743	31057	9113	eurrob1	Erithacus rubecula	European Robin	1
6744	69314	9114	blutit	Cyanistes caeruleus	Eurasian Blue Tit	1
6746	70038	9116	blutit	Cyanistes caeruleus	Eurasian Blue Tit	1
6747	70038	9116	gretit1	Parus major	Great Tit	1
6748	70038	9116	eurjay1	Garrulus glandarius	Eurasian Jay	2
6749	69389	9118	eurrob1	Erithacus rubecula	European Robin	1
6756	47773	9121	eurrob1	Erithacus rubecula	European Robin	1
6757	47773	9121	eurbla	Turdus merula	Eurasian Blackbird	1
6758	48622	9122	comcha	Fringilla coelebs	Common Chaffinch	1
6759	48622	9122	eurjay1	Garrulus glandarius	Eurasian Jay	1
6762	32519	9125	coatit2	Periparus ater	Coal Tit	1
6763	32519	9125	grswoo	Dendrocopos major	Great Spotted Woodpecker	1
6777	13540	9131	comchi1	Phylloscopus collybita	Common Chiffchaff	1
6778	13540	9131	spofly1	Muscicapa striata	Spotted Flycatcher	1
6785	48451	9135	gretit1	Parus major	Great Tit	1
6786	48451	9135	eurbla	Turdus merula	Eurasian Blackbird	1
6787	32130	9137	brambl	Fringilla montifringilla	Brambling	1
6788	32130	9137	comcha	Fringilla coelebs	Common Chaffinch	1
6789	32130	9137	blawoo1	Dryocopus martius	Black Woodpecker	1
6794	54764	9139	gretit1	Parus major	Great Tit	2
6797	106124	9141	comcha	Fringilla coelebs	Common Chaffinch	1
6798	106124	9141	cowpig1	Columba palumbus	Common Wood-Pigeon	1
6799	106124	9141	blackc1	Sylvia atricapilla	Eurasian Blackcap	1
6800	106124	9141	winwre4	Troglodytes troglodytes	Eurasian Wren	1
6804	55641	9144	eurbla	Turdus merula	Eurasian Blackbird	1
6810	5125	9148	miswoo1	Dendrocoptes medius	Middle Spotted Woodpecker	1
6815	31101	9151	comcha	Fringilla coelebs	Common Chaffinch	1
6816	31101	9151	eurrob1	Erithacus rubecula	European Robin	1
6817	31101	9151	blackc1	Sylvia atricapilla	Eurasian Blackcap	1
6818	69724	9152	gretit1	Parus major	Great Tit	1
6819	55225	9153	eurgol	Carduelis carduelis	European Goldfinch	1
6820	55225	9153	blutit	Cyanistes caeruleus	Eurasian Blue Tit	1
6821	5678	9154	comcha	Fringilla coelebs	Common Chaffinch	1
6822	5678	9154	misthr1	Turdus viscivorus	Mistle Thrush	1
6823	5678	9154	eurnut2	Sitta europaea	Eurasian Nuthatch	1
6824	5678	9154	eurrob1	Erithacus rubecula	European Robin	1
6825	48240	9155	gretit1	Parus major	Great Tit	1
6826	48240	9155	eurgol	Carduelis carduelis	European Goldfinch	1
6833	48858	9159	carcro1	Corvus corone	Carrion Crow	2
6834	48858	9159	hoocro1	Corvus cornix	Hooded Crow	2
6835	48858	9159	blutit	Cyanistes caeruleus	Eurasian Blue Tit	1
6837	73734	9163	eurrob1	Erithacus rubecula	European Robin	1
6839	37339	9166	winwre4	Troglodytes troglodytes	Eurasian Wren	1
6840	37339	9166	comcha	Fringilla coelebs	Common Chaffinch	1
6843	38002	9169	tawowl1	Strix aluco	Tawny Owl	1
6844	37310	9170	comcha	Fringilla coelebs	Common Chaffinch	1
6845	37932	9172	booeag1	Hieraaetus pennatus	Booted Eagle	2
6846	37932	9172	euhbuz1	Pernis apivorus	European Honey-buzzard	2
6847	37932	9172	shteag1	Circaetus gallicus	Short-toed Snake-Eagle	2
6848	73677	9174	eurrob1	Erithacus rubecula	European Robin	1
6849	38643	9175	comchi1	Phylloscopus collybita	Common Chiffchaff	1
6852	74859	9179	blutit	Cyanistes caeruleus	Eurasian Blue Tit	1
6854	36624	9182	winwre4	Troglodytes troglodytes	Eurasian Wren	1
6855	30331	9184	gubter1	Gelochelidon nilotica	Gull-billed Tern	2
6856	28989	9185	sarwar1	Sylvia melanocephala	Sardinian Warbler	1
6861	29218	9190	gretit1	Parus major	Great Tit	1
6862	28968	9191	sarwar1	Sylvia melanocephala	Sardinian Warbler	1
6867	29012	9194	sarwar1	Sylvia melanocephala	Sardinian Warbler	1
6874	29448	9210	eubeat1	Merops apiaster	European Bee-eater	1
6875	29870	9212	sarwar1	Sylvia melanocephala	Sardinian Warbler	1
6876	29702	9214	comswi	Apus apus	Common Swift	1
6883	85159	9224	cretit2	Lophophanes cristatus	Crested Tit	1
6884	85159	9224	gretit1	Parus major	Great Tit	1
6890	85056	9228	comcha	Fringilla coelebs	Common Chaffinch	1
6891	85056	9228	trepip	Anthus trivialis	Tree Pipit	1
6892	85056	9228	comros	Carpodacus erythrinus	Common Rosefinch	1
6893	85180	9229	blawoo1	Dryocopus martius	Black Woodpecker	1
6894	85097	9230	barswa	Hirundo rustica	Barn Swallow	1
6895	85014	9231	cohmar1	Delichon urbicum	Common House-Martin	1
6896	85200	9232	eurbla	Turdus merula	Eurasian Blackbird	1
6897	85200	9232	sonthr1	Turdus philomelos	Song Thrush	1
6904	85051	9237	tawowl1	Strix aluco	Tawny Owl	1
6906	84947	9240	comcha	Fringilla coelebs	Common Chaffinch	2
6907	85071	9241	cowpig1	Columba palumbus	Common Wood-Pigeon	1
6909	84948	9243	comcha	Fringilla coelebs	Common Chaffinch	1
6910	84948	9243	trepip	Anthus trivialis	Tree Pipit	1
6911	84948	9243	stodov1	Columba oenas	Stock Dove	1
6913	85216	9245	sonthr1	Turdus philomelos	Song Thrush	1
6914	85091	9246	garwar1	Sylvia borin	Garden Warbler	1
6915	85091	9246	comcha	Fringilla coelebs	Common Chaffinch	1
6917	85128	9248	comcha	Fringilla coelebs	Common Chaffinch	1
6918	85128	9248	stodov1	Columba oenas	Stock Dove	1
6919	85199	9249	gbbgul	Larus marinus	Great Black-backed Gull	1
6923	85006	9251	cretit2	Lophophanes cristatus	Crested Tit	1
6924	85006	9251	eupfly1	Ficedula hypoleuca	European Pied Flycatcher	1
6931	84986	9256	eurwoo	Scolopax rusticola	Eurasian Woodcock	1
6932	85204	9257	blutit	Cyanistes caeruleus	Eurasian Blue Tit	1
6934	84914	9259	cohmar1	Delichon urbicum	Common House-Martin	1
6939	85018	9264	wlwwar	Phylloscopus trochilus	Willow Warbler	1
6940	85018	9264	eurbla	Turdus merula	Eurasian Blackbird	1
6944	85203	9266	grewhi1	Sylvia communis	Greater Whitethroat	1
6945	85203	9266	wlwwar	Phylloscopus trochilus	Willow Warbler	1
6946	85203	9266	eurbla	Turdus merula	Eurasian Blackbird	1
6950	84956	9269	grswoo	Dendrocopos major	Great Spotted Woodpecker	2
6951	84956	9269	whbwoo1	Dendrocopos leucotos	White-backed Woodpecker	2
6954	85027	9271	sonthr1	Turdus philomelos	Song Thrush	1
6957	85211	9273	sonthr1	Turdus philomelos	Song Thrush	1
6958	85211	9273	trepip	Anthus trivialis	Tree Pipit	1
6959	85211	9273	eurbla	Turdus merula	Eurasian Blackbird	1
6965	85120	9276	stodov1	Columba oenas	Stock Dove	1
6966	85120	9276	blutit	Cyanistes caeruleus	Eurasian Blue Tit	1
6967	85017	9277	grewhi1	Sylvia communis	Greater Whitethroat	1
6968	85017	9277	gretit1	Parus major	Great Tit	1
6969	85017	9277	wlwwar	Phylloscopus trochilus	Willow Warbler	1
7035	130512	9410	whsbul1	Pycnonotus xanthopygos	White-spectacled Bulbul	1
7036	130512	9410	sonthr1	Turdus philomelos	Song Thrush	2
7038	85767	9414	gragoo	Anser anser	Graylag Goose	1
7039	85767	9414	eurgre1	Chloris chloris	European Greenfinch	1
7040	85767	9414	fieldf	Turdus pilaris	Fieldfare	1
7041	86202	9415	hoocro1	Corvus cornix	Hooded Crow	1
7042	85819	9416	winwre4	Troglodytes troglodytes	Eurasian Wren	1
7043	85926	9417	gragoo	Anser anser	Graylag Goose	1
7044	86137	9418	mallar3	Anas platyrhynchos	Mallard	1
7046	85344	9424	eurbla	Turdus merula	Eurasian Blackbird	1
7047	85344	9424	eurrob1	Erithacus rubecula	European Robin	1
7048	85344	9424	winwre4	Troglodytes troglodytes	Eurasian Wren	1
7049	85982	9425	eurgre1	Chloris chloris	European Greenfinch	1
7054	86773	9429	gragoo	Anser anser	Graylag Goose	1
7057	86634	9433	hoocro1	Corvus cornix	Hooded Crow	1
7058	86634	9433	gragoo	Anser anser	Graylag Goose	2
7059	86634	9433	taibeg1	Anser fabalis	Taiga Bean-Goose	2
7061	86840	9436	eurjac	Corvus monedula	Eurasian Jackdaw	1
7062	87013	9438	comcha	Fringilla coelebs	Common Chaffinch	1
7063	86034	9442	gretit1	Parus major	Great Tit	1
7064	86044	9443	eurjac	Corvus monedula	Eurasian Jackdaw	1
7065	86153	9444	eurbla	Turdus merula	Eurasian Blackbird	1
7066	86153	9444	gragoo	Anser anser	Graylag Goose	1
7067	86340	9446	gretit1	Parus major	Great Tit	1
7068	139423	9450	fieldf	Turdus pilaris	Fieldfare	1
7070	140145	9454	wiltit1	Poecile montanus	Willow Tit	2
7071	140145	9454	gyhchi	Poecile cinctus	Gray-headed Chickadee	2
7091	139913	9478	retloo	Gavia stellata	Red-throated Loon	1
7092	139595	9481	redwin	Turdus iliacus	Redwing	1
7093	139595	9481	fieldf	Turdus pilaris	Fieldfare	1
7094	139595	9481	comred	Acanthis flammea	Common Redpoll	2
7095	139595	9481	hoared	Acanthis hornemanni	Hoary Redpoll	2
7096	139595	9481	lesred1	Acanthis cabaret	Lesser Redpoll	2
7098	139970	9486	comrav	Corvus corax	Common Raven	1
7110	139232	9494	meapip1	Anthus pratensis	Meadow Pipit	1
7111	139232	9494	eaywag1	Motacilla flava	Western Yellow Wagtail	1
7112	139278	9496	fieldf	Turdus pilaris	Fieldfare	1
7113	139278	9496	redwin	Turdus iliacus	Redwing	1
7116	84838	9498	coatit2	Periparus ater	Coal Tit	1
7117	84799	9499	eurbul	Pyrrhula pyrrhula	Eurasian Bullfinch	1
7118	84754	9500	sonthr1	Turdus philomelos	Song Thrush	1
7119	84754	9500	eurrob1	Erithacus rubecula	European Robin	1
7126	84849	9505	wiltit1	Poecile montanus	Willow Tit	1
7131	84848	9509	dunnoc1	Prunella modularis	Dunnock	1
7132	84848	9509	eurrob1	Erithacus rubecula	European Robin	1
7133	84848	9509	wlwwar	Phylloscopus trochilus	Willow Warbler	1
7134	84792	9512	sonthr1	Turdus philomelos	Song Thrush	1
7135	84888	9513	cowpig1	Columba palumbus	Common Wood-Pigeon	1
7136	84865	9514	eurbul	Pyrrhula pyrrhula	Eurasian Bullfinch	1
7137	84875	9515	eurrob1	Erithacus rubecula	European Robin	1
7138	84875	9515	wlwwar	Phylloscopus trochilus	Willow Warbler	1
7139	84875	9515	comchi1	Phylloscopus collybita	Common Chiffchaff	1
7140	84797	9516	comchi1	Phylloscopus collybita	Common Chiffchaff	1
7141	84786	9517	eurtre1	Certhia familiaris	Eurasian Treecreeper	1
7142	84786	9517	comcha	Fringilla coelebs	Common Chaffinch	1
7143	84786	9517	gretit1	Parus major	Great Tit	1
7144	84786	9517	comchi1	Phylloscopus collybita	Common Chiffchaff	1
7146	84903	9519	dunnoc1	Prunella modularis	Dunnock	1
7148	84771	9521	eurwoo	Scolopax rusticola	Eurasian Woodcock	1
7149	84771	9521	eurbla	Turdus merula	Eurasian Blackbird	1
7150	84882	9522	bohwax	Bombycilla garrulus	Bohemian Waxwing	1
7151	84882	9522	goldcr1	Regulus regulus	Goldcrest	1
7154	84773	9525	comswi	Apus apus	Common Swift	1
7155	84868	9526	eurmag1	Pica pica	Eurasian Magpie	1
7156	84728	9527	hazgro1	Tetrastes bonasia	Hazel Grouse	1
7157	84728	9527	redwin	Turdus iliacus	Redwing	2
7158	84812	9528	hazgro1	Tetrastes bonasia	Hazel Grouse	1
7159	84812	9528	eurrob1	Erithacus rubecula	European Robin	1
7161	84833	9532	comcha	Fringilla coelebs	Common Chaffinch	1
7162	84833	9532	comchi1	Phylloscopus collybita	Common Chiffchaff	1
7163	84778	9533	eursis	Spinus spinus	Eurasian Siskin	1
7164	84778	9533	comcha	Fringilla coelebs	Common Chaffinch	1
7166	84735	9535	redwin	Turdus iliacus	Redwing	1
7169	84826	9537	hazgro1	Tetrastes bonasia	Hazel Grouse	1
7170	84826	9537	comcha	Fringilla coelebs	Common Chaffinch	1
7172	84851	9540	comcha	Fringilla coelebs	Common Chaffinch	1
7173	84851	9540	comchi1	Phylloscopus collybita	Common Chiffchaff	1
7174	84851	9540	eursis	Spinus spinus	Eurasian Siskin	1
7175	84739	9541	eurjac	Corvus monedula	Eurasian Jackdaw	1
7176	84739	9541	comcha	Fringilla coelebs	Common Chaffinch	1
7177	84796	9542	comchi1	Phylloscopus collybita	Common Chiffchaff	1
7178	84796	9542	eurrob1	Erithacus rubecula	European Robin	1
7179	84899	9543	comcra	Grus grus	Common Crane	1
7180	119331	9567	corplo	Charadrius hiaticula	Common Ringed Plover	1
7181	119331	9567	comgre	Tringa nebularia	Common Greenshank	1
7182	119595	9569	norwhe	Oenanthe oenanthe	Northern Wheatear	1
7223	84343	9677	fieldf	Turdus pilaris	Fieldfare	1
7224	84343	9677	comcha	Fringilla coelebs	Common Chaffinch	1
7225	84343	9677	eupfly1	Ficedula hypoleuca	European Pied Flycatcher	1
7226	84407	9678	mewgul	Larus canus	Mew Gull	1
7227	84407	9678	comcha	Fringilla coelebs	Common Chaffinch	1
7228	84407	9678	leswoo1	Dryobates minor	Lesser Spotted Woodpecker	1
7229	84407	9678	blutit	Cyanistes caeruleus	Eurasian Blue Tit	1
7230	84380	9679	comcha	Fringilla coelebs	Common Chaffinch	1
7231	84380	9679	gretit1	Parus major	Great Tit	1
7232	84380	9679	comgol	Bucephala clangula	Common Goldeneye	2
7233	84332	9680	mallar3	Anas platyrhynchos	Mallard	1
7234	84322	9681	eupfly1	Ficedula hypoleuca	European Pied Flycatcher	1
7235	84322	9681	comcha	Fringilla coelebs	Common Chaffinch	1
7236	84322	9681	wlwwar	Phylloscopus trochilus	Willow Warbler	1
7237	84405	9682	lbbgul	Larus fuscus	Lesser Black-backed Gull	1
7238	84405	9682	eurrob1	Erithacus rubecula	European Robin	1
7239	84319	9683	comcha	Fringilla coelebs	Common Chaffinch	1
7240	84319	9683	wlwwar	Phylloscopus trochilus	Willow Warbler	1
7241	84417	9684	comcha	Fringilla coelebs	Common Chaffinch	1
7242	84417	9684	mewgul	Larus canus	Mew Gull	1
7243	84401	9685	gyfwoo1	Picus canus	Gray-headed Woodpecker	1
7244	84401	9685	redwin	Turdus iliacus	Redwing	1
7245	84401	9685	blutit	Cyanistes caeruleus	Eurasian Blue Tit	1
5729	49503	7723	gretit1	Parus major	Great Tit	1
5730	49503	7723	blutit	Cyanistes caeruleus	Eurasian Blue Tit	1
5731	49503	7723	carcro1	Corvus corone	Carrion Crow	2
5732	49503	7723	hoocro1	Corvus cornix	Hooded Crow	2
7246	84401	9685	fieldf	Turdus pilaris	Fieldfare	1
7247	84441	9686	comgol	Bucephala clangula	Common Goldeneye	1
7248	84395	9687	comcha	Fringilla coelebs	Common Chaffinch	1
7249	84395	9687	eurrob1	Erithacus rubecula	European Robin	1
7250	84395	9687	fieldf	Turdus pilaris	Fieldfare	1
7251	84383	9688	comcha	Fringilla coelebs	Common Chaffinch	1
7252	84383	9688	gretit1	Parus major	Great Tit	1
7253	84315	9689	arcloo	Gavia arctica	Arctic Loon	1
7254	84315	9689	wlwwar	Phylloscopus trochilus	Willow Warbler	1
7255	84315	9689	comcha	Fringilla coelebs	Common Chaffinch	1
7258	84398	9691	comcha	Fringilla coelebs	Common Chaffinch	1
7259	84398	9691	gretit1	Parus major	Great Tit	1
7263	870	9695	redwin	Turdus iliacus	Redwing	1
7264	77080	9701	arcter	Sterna paradisaea	Arctic Tern	1
7267	77975	9705	meapip1	Anthus pratensis	Meadow Pipit	1
7268	77975	9705	comsni	Gallinago gallinago	Common Snipe	1
7270	77084	9709	arcter	Sterna paradisaea	Arctic Tern	1
7273	69968	9713	hoocro1	Corvus cornix	Hooded Crow	2
7274	69968	9713	carcro1	Corvus corone	Carrion Crow	2
7275	69968	9713	blutit	Cyanistes caeruleus	Eurasian Blue Tit	1
7907	141728	10051	redwin	Turdus iliacus	Redwing	1
7908	141728	10051	wlwwar	Phylloscopus trochilus	Willow Warbler	1
7909	141728	10051	sonthr1	Turdus philomelos	Song Thrush	1
7911	141729	10056	redwin	Turdus iliacus	Redwing	1
7912	141729	10056	wlwwar	Phylloscopus trochilus	Willow Warbler	1
7913	141729	10056	sonthr1	Turdus philomelos	Song Thrush	1
7920	141732	10059	redwin	Turdus iliacus	Redwing	1
7256	84408	9690	comcha	Fringilla coelebs	Common Chaffinch	1
7257	84408	9690	mewgul	Larus canus	Mew Gull	1
7269	76728	9708	whiwag	Motacilla alba	White Wagtail	1
7904	141727	10050	redwin	Turdus iliacus	Redwing	1
7905	141727	10050	sonthr1	Turdus philomelos	Song Thrush	1
7906	141727	10050	eursis	Spinus spinus	Eurasian Siskin	1
7914	141730	10057	redwin	Turdus iliacus	Redwing	1
7915	141730	10057	wlwwar	Phylloscopus trochilus	Willow Warbler	1
7916	141730	10057	sonthr1	Turdus philomelos	Song Thrush	1
7917	141731	10058	redwin	Turdus iliacus	Redwing	1
7918	141731	10058	wlwwar	Phylloscopus trochilus	Willow Warbler	1
7919	141731	10058	sonthr1	Turdus philomelos	Song Thrush	1
7926	141129	10061	comred2	Phoenicurus phoenicurus	Common Redstart	1
7927	141129	10061	comcha	Fringilla coelebs	Common Chaffinch	1
7928	141129	10061	comeid	Somateria mollissima	Common Eider	1
7929	141129	10061	hoocro1	Corvus cornix	Hooded Crow	1
7930	141129	10061	hergul	Larus argentatus	Herring Gull	1
7931	141130	10062	comred2	Phoenicurus phoenicurus	Common Redstart	1
7932	141130	10062	comcha	Fringilla coelebs	Common Chaffinch	1
7933	141130	10062	hoocro1	Corvus cornix	Hooded Crow	1
7934	141130	10062	hergul	Larus argentatus	Herring Gull	1
7944	141132	10064	comred2	Phoenicurus phoenicurus	Common Redstart	1
7945	141132	10064	comcha	Fringilla coelebs	Common Chaffinch	1
7946	141132	10064	eurrob1	Erithacus rubecula	European Robin	1
7947	141132	10064	sonthr1	Turdus philomelos	Song Thrush	2
7948	141132	10064	hergul	Larus argentatus	Herring Gull	1
7949	141132	10064	comeid	Somateria mollissima	Common Eider	1
7262	1948	9694	houspa	Passer domesticus	House Sparrow	1
7265	77419	9704	eugplo	Pluvialis apricaria	European Golden-Plover	1
7266	77419	9704	arcter	Sterna paradisaea	Arctic Tern	1
7271	69184	9711	gretit1	Parus major	Great Tit	1
7272	69454	9712	eurbla	Turdus merula	Eurasian Blackbird	1
7899	141726	10049	redwin	Turdus iliacus	Redwing	1
7900	141726	10049	wlwwar	Phylloscopus trochilus	Willow Warbler	1
7901	141726	10049	eursis	Spinus spinus	Eurasian Siskin	1
7902	141726	10049	sonthr1	Turdus philomelos	Song Thrush	1
7903	141726	10049	comcha	Fringilla coelebs	Common Chaffinch	1
7921	141732	10059	wlwwar	Phylloscopus trochilus	Willow Warbler	1
7922	141732	10059	sonthr1	Turdus philomelos	Song Thrush	1
7923	141733	10060	redwin	Turdus iliacus	Redwing	1
7924	141733	10060	wlwwar	Phylloscopus trochilus	Willow Warbler	1
7925	141733	10060	sonthr1	Turdus philomelos	Song Thrush	1
7963	141135	10067	comcha	Fringilla coelebs	Common Chaffinch	1
7964	141135	10067	trepip	Anthus trivialis	Tree Pipit	1
7965	141135	10067	hergul	Larus argentatus	Herring Gull	1
7966	141136	10068	comred2	Phoenicurus phoenicurus	Common Redstart	1
7950	141133	10065	comred2	Phoenicurus phoenicurus	Common Redstart	1
7951	141133	10065	comcha	Fringilla coelebs	Common Chaffinch	1
7962	141135	10067	comred2	Phoenicurus phoenicurus	Common Redstart	1
7967	141136	10068	comcha	Fringilla coelebs	Common Chaffinch	1
7968	141136	10068	hoocro1	Corvus cornix	Hooded Crow	1
7969	141136	10068	thrnig1	Luscinia luscinia	Thrush Nightingale	2
7970	141136	10068	eurgre1	Chloris chloris	European Greenfinch	2
7971	141137	10069	comred2	Phoenicurus phoenicurus	Common Redstart	1
7972	141137	10069	comcha	Fringilla coelebs	Common Chaffinch	1
7973	141137	10069	comeid	Somateria mollissima	Common Eider	1
7974	141137	10069	wlwwar	Phylloscopus trochilus	Willow Warbler	1
7975	141137	10069	hoocro1	Corvus cornix	Hooded Crow	1
7939	141131	10063	comred2	Phoenicurus phoenicurus	Common Redstart	1
7940	141131	10063	comcha	Fringilla coelebs	Common Chaffinch	1
7941	141131	10063	mewgul	Larus canus	Mew Gull	1
7942	141131	10063	hergul	Larus argentatus	Herring Gull	2
7943	141131	10063	eurrob1	Erithacus rubecula	European Robin	2
7957	141134	10066	comred2	Phoenicurus phoenicurus	Common Redstart	1
7958	141134	10066	comcha	Fringilla coelebs	Common Chaffinch	1
7959	141134	10066	trepip	Anthus trivialis	Tree Pipit	1
7960	141134	10066	hergul	Larus argentatus	Herring Gull	1
7961	141134	10066	wlwwar	Phylloscopus trochilus	Willow Warbler	2
14964	141143	18417	comred2	Phoenicurus phoenicurus	Common Redstart	1
14965	141143	18417	comcha	Fringilla coelebs	Common Chaffinch	1
14966	141143	18417	wlwwar	Phylloscopus trochilus	Willow Warbler	1
14948	141139	18413	comred2	Phoenicurus phoenicurus	Common Redstart	1
14949	141139	18413	comcha	Fringilla coelebs	Common Chaffinch	1
14950	141139	18413	cowpig1	Columba palumbus	Common Wood-Pigeon	2
14955	141141	18415	comred2	Phoenicurus phoenicurus	Common Redstart	1
14956	141141	18415	comcha	Fringilla coelebs	Common Chaffinch	1
14957	141141	18415	wlwwar	Phylloscopus trochilus	Willow Warbler	1
14963	141142	18416	comeid	Somateria mollissima	Common Eider	1
14967	141144	18418	comred2	Phoenicurus phoenicurus	Common Redstart	1
14968	141144	18418	comcha	Fringilla coelebs	Common Chaffinch	1
14969	141144	18418	hergul	Larus argentatus	Herring Gull	2
14970	141144	18418	sonthr1	Turdus philomelos	Song Thrush	2
14971	141144	18418	comeid	Somateria mollissima	Common Eider	1
14972	28768	18420	comnig1	Luscinia megarhynchos	Common Nightingale	1
14973	144880	18423	grewhi1	Sylvia communis	Greater Whitethroat	1
14974	144880	18423	comcuc	Cuculus canorus	Common Cuckoo	1
14975	144880	18423	eurwar1	Acrocephalus scirpaceus	Eurasian Reed Warbler	1
14976	2517	18424	comred	Acanthis flammea	Common Redpoll	1
14977	2616	18425	comred	Acanthis flammea	Common Redpoll	1
14978	2548	18426	comred2	Phoenicurus phoenicurus	Common Redstart	1
14979	2558	18428	goldcr1	Regulus regulus	Goldcrest	1
14980	2558	18428	comred	Acanthis flammea	Common Redpoll	1
14986	2584	18431	comred	Acanthis flammea	Common Redpoll	1
14982	2582	18429	gyhchi	Poecile cinctus	Gray-headed Chickadee	2
14983	2572	18430	gyhchi	Poecile cinctus	Gray-headed Chickadee	2
14984	2572	18430	wiltit1	Poecile montanus	Willow Tit	2
14985	2584	18431	perfal	Falco peregrinus	Peregrine Falcon	2
14987	2640	18432	redcro	Loxia curvirostra	Red Crossbill	1
14988	2679	18434	comred	Acanthis flammea	Common Redpoll	1
14989	2679	18434	gretit1	Parus major	Great Tit	1
14990	2680	18435	comred2	Phoenicurus phoenicurus	Common Redstart	1
14991	2680	18435	brambl	Fringilla montifringilla	Brambling	1
14992	2680	18435	wlwwar	Phylloscopus trochilus	Willow Warbler	1
14993	2631	18436	eupfly1	Ficedula hypoleuca	European Pied Flycatcher	1
14994	2628	18437	gretit1	Parus major	Great Tit	1
14995	2544	18438	pingro	Pinicola enucleator	Pine Grosbeak	1
14996	2544	18438	comred	Acanthis flammea	Common Redpoll	1
14997	2581	18440	comred	Acanthis flammea	Common Redpoll	1
14998	2629	18441	pingro	Pinicola enucleator	Pine Grosbeak	1
14999	2629	18441	sonthr1	Turdus philomelos	Song Thrush	1
15000	2629	18441	brambl	Fringilla montifringilla	Brambling	1
15001	2634	18445	gyhchi	Poecile cinctus	Gray-headed Chickadee	2
15002	2634	18445	wiltit1	Poecile montanus	Willow Tit	2
15003	2634	18445	brambl	Fringilla montifringilla	Brambling	1
15004	2618	18446	eaywag1	Motacilla flava	Western Yellow Wagtail	1
15005	2621	18447	perfal	Falco peregrinus	Peregrine Falcon	1
15006	2621	18447	comred	Acanthis flammea	Common Redpoll	1
15007	2678	18452	comrav	Corvus corax	Common Raven	1
15008	2555	18453	pingro	Pinicola enucleator	Pine Grosbeak	1
15009	2683	18454	parcro2	Loxia pytyopsittacus	Parrot Crossbill	1
15010	2519	18455	wlwwar	Phylloscopus trochilus	Willow Warbler	1
15011	2550	18456	eugplo	Pluvialis apricaria	European Golden-Plover	1
15012	2619	18457	perfal	Falco peregrinus	Peregrine Falcon	2
15013	2649	18458	eugplo	Pluvialis apricaria	European Golden-Plover	1
15014	2645	18459	brambl	Fringilla montifringilla	Brambling	1
15015	2668	18460	parcro2	Loxia pytyopsittacus	Parrot Crossbill	1
15016	2609	18461	brambl	Fringilla montifringilla	Brambling	1
15017	2656	18462	parcro2	Loxia pytyopsittacus	Parrot Crossbill	1
15018	2672	18463	misthr1	Turdus viscivorus	Mistle Thrush	1
15019	2518	18464	perfal	Falco peregrinus	Peregrine Falcon	1
15020	81170	18465	blutit	Cyanistes caeruleus	Eurasian Blue Tit	1
15021	30542	18467	sarwar1	Sylvia melanocephala	Sardinian Warbler	1
15022	30971	18469	gretit1	Parus major	Great Tit	1
15023	30527	18470	grefla3	Phoenicopterus roseus	Greater Flamingo	1
15024	30717	18471	palswi3	Apus pallidus	Pallid Swift	2
15025	30717	18471	comswi	Apus apus	Common Swift	2
15026	119635	18476	meapip1	Anthus pratensis	Meadow Pipit	1
15027	119603	18477	meapip1	Anthus pratensis	Meadow Pipit	1
15028	119713	18478	comred1	Tringa totanus	Common Redshank	1
15029	119713	18478	meapip1	Anthus pratensis	Meadow Pipit	1
15030	119464	18480	meapip1	Anthus pratensis	Meadow Pipit	1
15031	119806	18481	corplo	Charadrius hiaticula	Common Ringed Plover	1
15032	119745	18482	corplo	Charadrius hiaticula	Common Ringed Plover	1
15033	119363	18483	mewgul	Larus canus	Mew Gull	1
15034	119638	18485	meapip1	Anthus pratensis	Meadow Pipit	1
15035	119753	18487	meapip1	Anthus pratensis	Meadow Pipit	1
15036	119727	18488	meapip1	Anthus pratensis	Meadow Pipit	1
15037	145523	18489	grewhi1	Sylvia communis	Greater Whitethroat	1
15038	145523	18489	comchi1	Phylloscopus collybita	Common Chiffchaff	1
15039	145523	18489	comcha	Fringilla coelebs	Common Chaffinch	1
15040	145384	18490	blutit	Cyanistes caeruleus	Eurasian Blue Tit	1
15041	145384	18490	gretit1	Parus major	Great Tit	1
15042	145384	18490	garwar1	Sylvia borin	Garden Warbler	1
15043	145384	18490	comchi1	Phylloscopus collybita	Common Chiffchaff	1
15044	145348	18491	gretit1	Parus major	Great Tit	1
15045	145348	18491	blutit	Cyanistes caeruleus	Eurasian Blue Tit	1
15046	145227	18493	reebun	Emberiza schoeniclus	Reed Bunting	1
15047	145227	18493	comcha	Fringilla coelebs	Common Chaffinch	1
15048	145227	18493	eaywag1	Motacilla flava	Western Yellow Wagtail	1
15049	145227	18493	comchi1	Phylloscopus collybita	Common Chiffchaff	1
15050	144460	18494	redwin	Turdus iliacus	Redwing	1
15051	144460	18494	sonthr1	Turdus philomelos	Song Thrush	1
15052	144906	18495	comchi1	Phylloscopus collybita	Common Chiffchaff	1
15053	144906	18495	reebun	Emberiza schoeniclus	Reed Bunting	1
15054	24568	18496	eurrob1	Erithacus rubecula	European Robin	1
15055	23625	18497	shttre1	Certhia brachydactyla	Short-toed Treecreeper	1
15056	24074	18498	firecr1	Regulus ignicapilla	Common Firecrest	2
15057	24074	18498	eurrob1	Erithacus rubecula	European Robin	1
15058	23498	18499	lottit1	Aegithalos caudatus	Long-tailed Tit	1
15059	23710	18500	blackc1	Sylvia atricapilla	Eurasian Blackcap	1
15060	23710	18500	blutit	Cyanistes caeruleus	Eurasian Blue Tit	1
15061	23710	18500	comchi1	Phylloscopus collybita	Common Chiffchaff	1
15062	23903	18502	redwin	Turdus iliacus	Redwing	1
15063	24802	18503	blutit	Cyanistes caeruleus	Eurasian Blue Tit	1
15064	7376	18507	lotjae	Stercorarius longicaudus	Long-tailed Jaeger	1
15065	7828	18509	dunlin	Calidris alpina	Dunlin	1
15125	7300	18965	lotjae	Stercorarius longicaudus	Long-tailed Jaeger	1
15126	7443	18966	pifgoo	Anser brachyrhynchus	Pink-footed Goose	1
15127	7635	18968	pifgoo	Anser brachyrhynchus	Pink-footed Goose	1
15128	7840	18969	lotjae	Stercorarius longicaudus	Long-tailed Jaeger	1
15129	7501	18970	pifgoo	Anser brachyrhynchus	Pink-footed Goose	1
15130	7887	18971	lotjae	Stercorarius longicaudus	Long-tailed Jaeger	1
15131	7681	18972	bargoo	Branta leucopsis	Barnacle Goose	1
15132	7362	18973	bargoo	Branta leucopsis	Barnacle Goose	1
15133	7860	18974	lotjae	Stercorarius longicaudus	Long-tailed Jaeger	1
15134	7587	18976	bargoo	Branta leucopsis	Barnacle Goose	1
15135	7375	18977	lotjae	Stercorarius longicaudus	Long-tailed Jaeger	1
15136	7960	18978	lotjae	Stercorarius longicaudus	Long-tailed Jaeger	1
15137	7648	18979	pifgoo	Anser brachyrhynchus	Pink-footed Goose	1
15138	7638	18981	bargoo	Branta leucopsis	Barnacle Goose	1
15139	7329	18982	retloo	Gavia stellata	Red-throated Loon	1
15140	8013	18983	dunlin	Calidris alpina	Dunlin	1
15141	7653	18986	corplo	Charadrius hiaticula	Common Ringed Plover	1
15142	8026	18987	dunlin	Calidris alpina	Dunlin	1
15143	7924	18988	corplo	Charadrius hiaticula	Common Ringed Plover	1
15144	7688	18989	lotjae	Stercorarius longicaudus	Long-tailed Jaeger	1
15145	7864	18992	rudtur	Arenaria interpres	Ruddy Turnstone	1
15146	7725	18993	bargoo	Branta leucopsis	Barnacle Goose	1
15147	7529	18994	lotjae	Stercorarius longicaudus	Long-tailed Jaeger	1
15148	7529	18994	rudtur	Arenaria interpres	Ruddy Turnstone	1
15149	145199	18997	reebun	Emberiza schoeniclus	Reed Bunting	1
15150	145199	18997	litgre1	Tachybaptus ruficollis	Little Grebe	1
15151	145171	19002	sheowl	Asio flammeus	Short-eared Owl	1
15152	144862	19003	leswhi4	Sylvia curruca	Lesser Whitethroat	1
15153	144862	19003	grewhi1	Sylvia communis	Greater Whitethroat	1
15154	144862	19003	eurwar1	Acrocephalus scirpaceus	Eurasian Reed Warbler	1
15155	144894	19004	meapip1	Anthus pratensis	Meadow Pipit	1
15156	145565	19008	hawfin	Coccothraustes coccothraustes	Hawfinch	1
15157	145565	19008	comcuc	Cuculus canorus	Common Cuckoo	1
15158	145565	19008	eurbla	Turdus merula	Eurasian Blackbird	1
15159	145565	19008	hoocro1	Corvus cornix	Hooded Crow	1
15160	145565	19008	grewhi1	Sylvia communis	Greater Whitethroat	1
15161	144611	19009	gretit1	Parus major	Great Tit	1
15162	145391	19011	eurbla	Turdus merula	Eurasian Blackbird	1
15163	145665	19012	grewhi1	Sylvia communis	Greater Whitethroat	1
15164	145128	19013	comsni	Gallinago gallinago	Common Snipe	1
15165	145015	19014	hoocro1	Corvus cornix	Hooded Crow	1
15166	145015	19014	eurbla	Turdus merula	Eurasian Blackbird	1
15167	144936	19015	comchi1	Phylloscopus collybita	Common Chiffchaff	1
15168	144936	19015	meapip1	Anthus pratensis	Meadow Pipit	1
15169	144989	19019	rinphe	Phasianus colchicus	Ring-necked Pheasant	1
15170	144989	19019	yellow2	Emberiza citrinella	Yellowhammer	1
14940	141138	18412	comred2	Phoenicurus phoenicurus	Common Redstart	1
14941	141138	18412	hoocro1	Corvus cornix	Hooded Crow	1
14942	141138	18412	comcha	Fringilla coelebs	Common Chaffinch	1
14943	141138	18412	wlwwar	Phylloscopus trochilus	Willow Warbler	1
14944	141138	18412	sonthr1	Turdus philomelos	Song Thrush	1
14951	141140	18414	comred2	Phoenicurus phoenicurus	Common Redstart	1
14952	141140	18414	comcha	Fringilla coelebs	Common Chaffinch	1
14953	141140	18414	eurrob1	Erithacus rubecula	European Robin	2
14954	141140	18414	cowpig1	Columba palumbus	Common Wood-Pigeon	2
14958	141142	18416	comred2	Phoenicurus phoenicurus	Common Redstart	1
14959	141142	18416	comcha	Fringilla coelebs	Common Chaffinch	1
14960	141142	18416	wlwwar	Phylloscopus trochilus	Willow Warbler	1
14961	141142	18416	hoocro1	Corvus cornix	Hooded Crow	1
14962	141142	18416	hergul	Larus argentatus	Herring Gull	1
15322	18745	19229	blackc1	Sylvia atricapilla	Eurasian Blackcap	1
15338	19798	19325	eurrob1	Erithacus rubecula	European Robin	1
15342	19681	19333	eurser1	Serinus serinus	European Serin	1
15343	19681	19333	comnig1	Luscinia megarhynchos	Common Nightingale	1
15356	19644	19445	hawfin	Coccothraustes coccothraustes	Hawfinch	1
15357	19644	19445	eurrob1	Erithacus rubecula	European Robin	1
15361	19707	19454	eursco1	Otus scops	Eurasian Scops-Owl	1
15362	19707	19454	comnig1	Luscinia megarhynchos	Common Nightingale	1
15368	19875	19456	dunnoc1	Prunella modularis	Dunnock	1
15369	19875	19456	eurrob1	Erithacus rubecula	European Robin	1
15424	140280	19627	sedwar1	Acrocephalus schoenobaenus	Sedge Warbler	1
15431	140283	19631	sedwar1	Acrocephalus schoenobaenus	Sedge Warbler	1
15438	20095	19634	comnig1	Luscinia megarhynchos	Common Nightingale	1
15439	20095	19634	blackc1	Sylvia atricapilla	Eurasian Blackcap	1
15649	47474	20216	norwhe	Oenanthe oenanthe	Northern Wheatear	1
15652	47704	20220	redwin	Turdus iliacus	Redwing	1
15657	7342	20230	pifgoo	Anser brachyrhynchus	Pink-footed Goose	1
15660	7771	20234	snobun	Plectrophenax nivalis	Snow Bunting	1
15665	7888	20240	lotjae	Stercorarius longicaudus	Long-tailed Jaeger	1
15670	7974	20247	comrav	Corvus corax	Common Raven	1
15672	7755	20248	corplo	Charadrius hiaticula	Common Ringed Plover	1
15675	121057	20252	retloo	Gavia stellata	Red-throated Loon	1
15683	121634	20263	retloo	Gavia stellata	Red-throated Loon	1
15324	19280	19239	eurrob1	Erithacus rubecula	European Robin	1
15325	19280	19239	comchi1	Phylloscopus collybita	Common Chiffchaff	1
15327	19581	19261	lottit1	Aegithalos caudatus	Long-tailed Tit	1
15328	19581	19261	blackc1	Sylvia atricapilla	Eurasian Blackcap	1
15335	18949	19323	comcha	Fringilla coelebs	Common Chaffinch	1
15336	18949	19323	blutit	Cyanistes caeruleus	Eurasian Blue Tit	1
15350	18293	19421	sarwar1	Sylvia melanocephala	Sardinian Warbler	1
15351	18293	19421	webwar1	Phylloscopus bonelli	Western Bonelli's Warbler	1
15352	18293	19421	cowpig1	Columba palumbus	Common Wood-Pigeon	1
15353	18293	19421	spofly1	Muscicapa striata	Spotted Flycatcher	2
15359	20116	19452	grswoo	Dendrocopos major	Great Spotted Woodpecker	1
15430	140282	19630	sedwar1	Acrocephalus schoenobaenus	Sedge Warbler	1
15437	19485	19633	eurser1	Serinus serinus	European Serin	1
15628	147840	20200	eurbul	Pyrrhula pyrrhula	Eurasian Bullfinch	1
15629	147840	20200	cowpig1	Columba palumbus	Common Wood-Pigeon	1
15630	147840	20200	comcha	Fringilla coelebs	Common Chaffinch	1
15631	147841	20201	eurbul	Pyrrhula pyrrhula	Eurasian Bullfinch	1
15632	147841	20201	comcha	Fringilla coelebs	Common Chaffinch	1
15636	47668	20207	comred	Acanthis flammea	Common Redpoll	2
15637	47668	20207	hoared	Acanthis hornemanni	Hoary Redpoll	2
15646	47338	20214	comred	Acanthis flammea	Common Redpoll	2
15647	47338	20214	hoared	Acanthis hornemanni	Hoary Redpoll	1
15648	47270	20215	comrav	Corvus corax	Common Raven	1
15662	7852	20236	lotjae	Stercorarius longicaudus	Long-tailed Jaeger	1
15663	7630	20237	bargoo	Branta leucopsis	Barnacle Goose	2
15677	121061	20254	retloo	Gavia stellata	Red-throated Loon	1
15679	121668	20257	sander	Calidris alba	Sanderling	1
15680	121601	20259	retloo	Gavia stellata	Red-throated Loon	2
15681	121407	20261	retloo	Gavia stellata	Red-throated Loon	1
15682	121607	20262	retloo	Gavia stellata	Red-throated Loon	1
15684	121282	20264	retloo	Gavia stellata	Red-throated Loon	1
15333	20279	19281	eurrob1	Erithacus rubecula	European Robin	1
15341	18996	19329	blutit	Cyanistes caeruleus	Eurasian Blue Tit	1
15344	19035	19340	comchi1	Phylloscopus collybita	Common Chiffchaff	1
15345	19035	19340	eurrob1	Erithacus rubecula	European Robin	1
15346	18606	19345	comnig1	Luscinia megarhynchos	Common Nightingale	1
15347	18606	19345	comcha	Fringilla coelebs	Common Chaffinch	1
15323	18162	19235	eurrob1	Erithacus rubecula	European Robin	1
15354	19310	19429	firecr1	Regulus ignicapilla	Common Firecrest	1
15370	19263	19457	blackc1	Sylvia atricapilla	Eurasian Blackcap	1
15371	19263	19457	comchi1	Phylloscopus collybita	Common Chiffchaff	1
15372	19263	19457	eurrob1	Erithacus rubecula	European Robin	1
15406	141330	19617	wlwwar	Phylloscopus trochilus	Willow Warbler	1
15412	141331	19619	wlwwar	Phylloscopus trochilus	Willow Warbler	1
15413	141331	19619	eurbla	Turdus merula	Eurasian Blackbird	1
15414	141332	19620	wlwwar	Phylloscopus trochilus	Willow Warbler	1
15415	141333	19621	wlwwar	Phylloscopus trochilus	Willow Warbler	1
15420	141334	19623	wlwwar	Phylloscopus trochilus	Willow Warbler	1
15447	18726	19638	eubeat1	Merops apiaster	European Bee-eater	1
15633	47308	20203	snobun	Plectrophenax nivalis	Snow Bunting	1
15638	47392	20208	houspa	Passer domesticus	House Sparrow	1
15639	47392	20208	comred	Acanthis flammea	Common Redpoll	2
15640	47392	20208	hoared	Acanthis hornemanni	Hoary Redpoll	2
15650	47401	20217	comred	Acanthis flammea	Common Redpoll	2
15651	47401	20217	hoared	Acanthis hornemanni	Hoary Redpoll	2
15653	47470	20225	comred	Acanthis flammea	Common Redpoll	2
15654	47470	20225	hoared	Acanthis hornemanni	Hoary Redpoll	2
15655	47470	20225	redwin	Turdus iliacus	Redwing	1
15656	47701	20227	laplon	Calcarius lapponicus	Lapland Longspur	1
15661	8047	20235	y00478	Larus glaucoides	Iceland Gull	2
15673	7693	20249	dunlin	Calidris alpina	Dunlin	1
15678	121099	20255	retloo	Gavia stellata	Red-throated Loon	1
15326	19416	19244	grswoo	Dendrocopos major	Great Spotted Woodpecker	1
15330	19514	19273	firecr1	Regulus ignicapilla	Common Firecrest	1
15331	19514	19273	comnig1	Luscinia megarhynchos	Common Nightingale	1
15332	20010	19279	eurbla	Turdus merula	Eurasian Blackbird	1
15348	18572	19353	eupfly1	Ficedula hypoleuca	European Pied Flycatcher	1
15349	19046	19363	eurser1	Serinus serinus	European Serin	1
15355	19682	19432	comnig1	Luscinia megarhynchos	Common Nightingale	1
15358	18486	19449	skylar	Alauda arvensis	Eurasian Skylark	1
15360	19480	19453	eurbla	Turdus merula	Eurasian Blackbird	1
15363	17971	19455	gretit1	Parus major	Great Tit	1
15364	17971	19455	comnig1	Luscinia megarhynchos	Common Nightingale	1
15365	17971	19455	blutit	Cyanistes caeruleus	Eurasian Blue Tit	1
15366	17971	19455	winwre4	Troglodytes troglodytes	Eurasian Wren	1
15367	17971	19455	eurrob1	Erithacus rubecula	European Robin	1
15405	141329	19616	wlwwar	Phylloscopus trochilus	Willow Warbler	1
15421	140277	19624	sedwar1	Acrocephalus schoenobaenus	Sedge Warbler	1
15422	140278	19625	sedwar1	Acrocephalus schoenobaenus	Sedge Warbler	1
15423	140279	19626	sedwar1	Acrocephalus schoenobaenus	Sedge Warbler	1
15429	140281	19629	sedwar1	Acrocephalus schoenobaenus	Sedge Warbler	1
15623	147839	20199	eurbul	Pyrrhula pyrrhula	Eurasian Bullfinch	1
15624	147839	20199	redcro	Loxia curvirostra	Red Crossbill	1
15625	147839	20199	comcha	Fringilla coelebs	Common Chaffinch	1
15626	147839	20199	cowpig1	Columba palumbus	Common Wood-Pigeon	1
15627	147839	20199	eurrob1	Erithacus rubecula	European Robin	2
15634	47363	20204	comrav	Corvus corax	Common Raven	1
15635	47420	20206	redwin	Turdus iliacus	Redwing	1
15641	47379	20209	comred	Acanthis flammea	Common Redpoll	2
15642	47379	20209	hoared	Acanthis hornemanni	Hoary Redpoll	2
15643	47652	20211	hoared	Acanthis hornemanni	Hoary Redpoll	2
15644	47652	20211	comred	Acanthis flammea	Common Redpoll	2
15645	47381	20213	redwin	Turdus iliacus	Redwing	1
15658	7799	20231	y00478	Larus glaucoides	Iceland Gull	2
15659	7401	20232	redkno	Calidris canutus	Red Knot	1
15664	8012	20238	dunlin	Calidris alpina	Dunlin	1
15666	7652	20241	pifgoo	Anser brachyrhynchus	Pink-footed Goose	1
15667	7882	20242	lotjae	Stercorarius longicaudus	Long-tailed Jaeger	1
15668	7803	20244	lotjae	Stercorarius longicaudus	Long-tailed Jaeger	1
15669	7394	20245	lotjae	Stercorarius longicaudus	Long-tailed Jaeger	1
15674	7549	20250	lotjae	Stercorarius longicaudus	Long-tailed Jaeger	1
15676	121291	20253	retloo	Gavia stellata	Red-throated Loon	1
