species_annotation_id	recording_id	annotation_id	species_code	scientific_name	common_name	occurrence
23851	84314	25237	eupfly1	Ficedula hypoleuca	European Pied Flycatcher	1
23852	84314	25237	wlwwar	Phylloscopus trochilus	Willow Warbler	1
23856	84420	25239	whiwag	Motacilla alba	White Wagtail	1
23857	84389	25240	gretit1	Parus major	Great Tit	1
23858	84389	25240	comcha	Fringilla coelebs	Common Chaffinch	1
23859	84333	25241	mewgul	Larus canus	Mew Gull	1
23860	84321	25242	mallar3	Anas platyrhynchos	Mallard	1
23861	84825	25245	wiltit1	Poecile montanus	Willow Tit	1
23862	84825	25245	goldcr1	Regulus regulus	Goldcrest	1
23863	84775	25246	comcha	Fringilla coelebs	Common Chaffinch	1
23864	84738	25249	comcha	Fringilla coelebs	Common Chaffinch	1
23865	84745	25250	comchi1	Phylloscopus collybita	Common Chiffchaff	1
23866	84850	25251	comcha	Fringilla coelebs	Common Chaffinch	1
23867	84781	25252	eursis	Spinus spinus	Eurasian Siskin	1
23868	6545	25254	eurjay1	Garrulus glandarius	Eurasian Jay	1
23869	6523	25256	gretit1	Parus major	Great Tit	1
23870	84657	25259	eurwoo	Scolopax rusticola	Eurasian Woodcock	1
54556	262015	49806	wlwwar	Phylloscopus trochilus	Willow Warbler	1
54557	262015	49806	eurrob1	Erithacus rubecula	European Robin	1
54558	262015	49806	eupfly1	Ficedula hypoleuca	European Pied Flycatcher	1
54559	262015	49806	blackc1	Sylvia atricapilla	Eurasian Blackcap	1
54565	262029	49808	wlwwar	Phylloscopus trochilus	Willow Warbler	1
54566	262029	49808	eupfly1	Ficedula hypoleuca	European Pied Flycatcher	1
54567	262029	49808	comcha	Fringilla coelebs	Common Chaffinch	1
54568	262029	49808	blutit	Cyanistes caeruleus	Eurasian Blue Tit	1
54604	262026	49822	wlwwar	Phylloscopus trochilus	Willow Warbler	1
54590	262058	49817	comred2	Phoenicurus phoenicurus	Common Redstart	1
54591	262058	49817	comcha	Fringilla coelebs	Common Chaffinch	2
54603	262026	49822	comcha	Fringilla coelebs	Common Chaffinch	1
54610	262052	49824	wlwwar	Phylloscopus trochilus	Willow Warbler	1
54611	262052	49824	comred2	Phoenicurus phoenicurus	Common Redstart	1
54612	262052	49824	comcha	Fringilla coelebs	Common Chaffinch	1
54663	262030	49845	comcha	Fringilla coelebs	Common Chaffinch	1
54664	262030	49845	wlwwar	Phylloscopus trochilus	Willow Warbler	1
54679	262063	49850	eurrob1	Erithacus rubecula	European Robin	1
54680	262063	49850	wlwwar	Phylloscopus trochilus	Willow Warbler	1
54681	262063	49850	comcha	Fringilla coelebs	Common Chaffinch	1
54705	262037	49860	comchi1	Phylloscopus collybita	Common Chiffchaff	1
54706	262037	49860	comcha	Fringilla coelebs	Common Chaffinch	1
54707	262037	49860	wlwwar	Phylloscopus trochilus	Willow Warbler	1
54723	262078	49865	comcha	Fringilla coelebs	Common Chaffinch	1
54732	262049	49874	comred2	Phoenicurus phoenicurus	Common Redstart	1
54733	262049	49874	wlwwar	Phylloscopus trochilus	Willow Warbler	1
54738	262041	49876	comcha	Fringilla coelebs	Common Chaffinch	1
54739	262041	49876	wlwwar	Phylloscopus trochilus	Willow Warbler	1
54740	262041	49876	eurbla	Turdus merula	Eurasian Blackbird	1
54741	262041	49876	trepip	Anthus trivialis	Tree Pipit	2
54742	262041	49876	eupfly1	Ficedula hypoleuca	European Pied Flycatcher	1
54743	262041	49876	garwar1	Sylvia borin	Garden Warbler	1
54744	262077	49877	winwre4	Troglodytes troglodytes	Eurasian Wren	1
54745	262077	49877	wlwwar	Phylloscopus trochilus	Willow Warbler	1
54746	262077	49877	comcha	Fringilla coelebs	Common Chaffinch	1
54769	262079	49883	trepip	Anthus trivialis	Tree Pipit	1
54781	262020	49894	wlwwar	Phylloscopus trochilus	Willow Warbler	1
54782	262020	49894	comcha	Fringilla coelebs	Common Chaffinch	1
54787	262066	49896	wlwwar	Phylloscopus trochilus	Willow Warbler	1
54757	262024	49880	wlwwar	Phylloscopus trochilus	Willow Warbler	1
54758	262024	49880	comcha	Fringilla coelebs	Common Chaffinch	1
54759	262024	49880	eupfly1	Ficedula hypoleuca	European Pied Flycatcher	1
54760	262024	49880	winwre4	Troglodytes troglodytes	Eurasian Wren	1
54761	262053	49881	wlwwar	Phylloscopus trochilus	Willow Warbler	1
54762	262053	49881	comcha	Fringilla coelebs	Common Chaffinch	1
54763	262053	49881	eurbla	Turdus merula	Eurasian Blackbird	1
54768	262079	49883	comcha	Fringilla coelebs	Common Chaffinch	1
54794	262073	49900	comcha	Fringilla coelebs	Common Chaffinch	1
54795	262073	49900	wlwwar	Phylloscopus trochilus	Willow Warbler	1
54796	262073	49900	winwre4	Troglodytes troglodytes	Eurasian Wren	2
54800	262076	49902	comcha	Fringilla coelebs	Common Chaffinch	1
54801	262076	49902	wlwwar	Phylloscopus trochilus	Willow Warbler	1
54802	262076	49902	eurbla	Turdus merula	Eurasian Blackbird	1
54803	262076	49902	comros	Carpodacus erythrinus	Common Rosefinch	1
54831	262028	49917	eursis	Spinus spinus	Eurasian Siskin	1
54832	262028	49917	comcha	Fringilla coelebs	Common Chaffinch	1
54833	262028	49917	wlwwar	Phylloscopus trochilus	Willow Warbler	1
54834	262023	49918	comchi1	Phylloscopus collybita	Common Chiffchaff	1
54835	262023	49918	comcha	Fringilla coelebs	Common Chaffinch	1
54836	262023	49918	comros	Carpodacus erythrinus	Common Rosefinch	1
54837	262023	49918	wlwwar	Phylloscopus trochilus	Willow Warbler	1
54839	262033	49920	comcha	Fringilla coelebs	Common Chaffinch	1
54840	262033	49920	wlwwar	Phylloscopus trochilus	Willow Warbler	1
54841	262033	49920	garwar1	Sylvia borin	Garden Warbler	1
54842	262033	49920	eupfly1	Ficedula hypoleuca	European Pied Flycatcher	1
54843	262033	49920	gretit1	Parus major	Great Tit	1
54844	262051	49921	comred2	Phoenicurus phoenicurus	Common Redstart	1
54466	262011	49680	wlwwar	Phylloscopus trochilus	Willow Warbler	1
54467	262011	49680	comcha	Fringilla coelebs	Common Chaffinch	1
54468	262011	49680	eurgre1	Chloris chloris	European Greenfinch	1
49372	244635	45343	comcha	Fringilla coelebs	Common Chaffinch	1
49373	244635	45343	eupfly1	Ficedula hypoleuca	European Pied Flycatcher	1
49381	244640	45348	comcha	Fringilla coelebs	Common Chaffinch	1
49382	244640	45348	wlwwar	Phylloscopus trochilus	Willow Warbler	1
49389	244645	45353	comcha	Fringilla coelebs	Common Chaffinch	1
49390	244645	45353	eursis	Spinus spinus	Eurasian Siskin	2
49391	244645	45353	garwar1	Sylvia borin	Garden Warbler	1
49392	244646	45354	comcha	Fringilla coelebs	Common Chaffinch	1
49404	244862	45360	comros	Carpodacus erythrinus	Common Rosefinch	1
49405	244862	45360	skylar	Alauda arvensis	Eurasian Skylark	1
49419	244870	45368	comros	Carpodacus erythrinus	Common Rosefinch	1
49420	244870	45368	comcha	Fringilla coelebs	Common Chaffinch	1
49421	244871	45369	comros	Carpodacus erythrinus	Common Rosefinch	1
49422	244871	45369	comcha	Fringilla coelebs	Common Chaffinch	1
49423	244871	45369	skylar	Alauda arvensis	Eurasian Skylark	1
49424	244872	45370	grewhi1	Sylvia communis	Greater Whitethroat	1
49425	244872	45370	comcha	Fringilla coelebs	Common Chaffinch	1
49426	244872	45370	comros	Carpodacus erythrinus	Common Rosefinch	1
49427	244872	45370	skylar	Alauda arvensis	Eurasian Skylark	1
49428	244872	45370	eutspa	Passer montanus	Eurasian Tree Sparrow	1
49465	244927	45380	spofly1	Muscicapa striata	Spotted Flycatcher	1
49466	244927	45380	goldcr1	Regulus regulus	Goldcrest	1
49467	244927	45380	wlwwar	Phylloscopus trochilus	Willow Warbler	1
49482	244664	45387	comros	Carpodacus erythrinus	Common Rosefinch	1
49483	244664	45387	comcha	Fringilla coelebs	Common Chaffinch	1
49484	244664	45387	garwar1	Sylvia borin	Garden Warbler	1
49485	244665	45388	comros	Carpodacus erythrinus	Common Rosefinch	1
49486	244666	45389	comros	Carpodacus erythrinus	Common Rosefinch	1
49487	244667	45390	comros	Carpodacus erythrinus	Common Rosefinch	1
49488	244668	45391	comros	Carpodacus erythrinus	Common Rosefinch	1
49515	244816	45404	yellow2	Emberiza citrinella	Yellowhammer	1
49516	244816	45404	comcha	Fringilla coelebs	Common Chaffinch	1
49519	244817	45405	yellow2	Emberiza citrinella	Yellowhammer	1
49520	244817	45405	banswa	Riparia riparia	Bank Swallow	1
49521	244817	45405	redwin	Turdus iliacus	Redwing	1
49527	244821	45409	comcha	Fringilla coelebs	Common Chaffinch	1
49528	244821	45409	yellow2	Emberiza citrinella	Yellowhammer	1
49529	244822	45410	comcha	Fringilla coelebs	Common Chaffinch	1
49534	244826	45414	comcha	Fringilla coelebs	Common Chaffinch	1
49537	244828	45416	redwin	Turdus iliacus	Redwing	1
49538	244828	45416	comcha	Fringilla coelebs	Common Chaffinch	1
49547	244653	45421	redwin	Turdus iliacus	Redwing	1
49548	244654	45422	comcha	Fringilla coelebs	Common Chaffinch	1
49549	244654	45422	redwin	Turdus iliacus	Redwing	1
49550	244654	45422	wlwwar	Phylloscopus trochilus	Willow Warbler	1
49554	244659	45427	wlwwar	Phylloscopus trochilus	Willow Warbler	1
49555	244660	45428	comcha	Fringilla coelebs	Common Chaffinch	1
49566	244712	45435	comcha	Fringilla coelebs	Common Chaffinch	1
49567	244712	45435	winwre4	Troglodytes troglodytes	Eurasian Wren	1
49574	244715	45438	wlwwar	Phylloscopus trochilus	Willow Warbler	1
49575	244715	45438	comcha	Fringilla coelebs	Common Chaffinch	1
49576	244715	45438	winwre4	Troglodytes troglodytes	Eurasian Wren	1
49577	244715	45438	gretit1	Parus major	Great Tit	1
49597	244695	45448	redwin	Turdus iliacus	Redwing	1
49598	244695	45448	eursis	Spinus spinus	Eurasian Siskin	1
49599	244695	45448	bkhgul	Chroicocephalus ridibundus	Black-headed Gull	1
49607	244698	45451	redwin	Turdus iliacus	Redwing	1
49611	244700	45453	redwin	Turdus iliacus	Redwing	1
49612	244700	45453	gretit1	Parus major	Great Tit	1
49613	244700	45453	eursis	Spinus spinus	Eurasian Siskin	1
49614	244700	45453	fieldf	Turdus pilaris	Fieldfare	1
49620	244703	45456	redwin	Turdus iliacus	Redwing	1
49621	244703	45456	comcha	Fringilla coelebs	Common Chaffinch	1
49656	244806	45469	eupfly1	Ficedula hypoleuca	European Pied Flycatcher	1
49657	244806	45469	comcha	Fringilla coelebs	Common Chaffinch	1
49658	244806	45469	fieldf	Turdus pilaris	Fieldfare	1
49662	244808	45471	trepip	Anthus trivialis	Tree Pipit	1
49663	244808	45471	comcha	Fringilla coelebs	Common Chaffinch	1
49664	244808	45471	eupfly1	Ficedula hypoleuca	European Pied Flycatcher	1
49665	244808	45471	wlwwar	Phylloscopus trochilus	Willow Warbler	1
49666	244809	45472	trepip	Anthus trivialis	Tree Pipit	1
49667	244809	45472	eupfly1	Ficedula hypoleuca	European Pied Flycatcher	1
49668	244809	45472	comcha	Fringilla coelebs	Common Chaffinch	1
49669	244809	45472	wlwwar	Phylloscopus trochilus	Willow Warbler	1
49709	244761	45484	dunnoc1	Prunella modularis	Dunnock	1
49710	244761	45484	eupfly1	Ficedula hypoleuca	European Pied Flycatcher	2
49711	244761	45484	wlwwar	Phylloscopus trochilus	Willow Warbler	1
49712	244761	45484	comcuc	Cuculus canorus	Common Cuckoo	1
49719	244765	45488	eupfly1	Ficedula hypoleuca	European Pied Flycatcher	2
49720	244765	45488	dunnoc1	Prunella modularis	Dunnock	1
49721	244765	45488	wlwwar	Phylloscopus trochilus	Willow Warbler	1
49729	244889	45492	hoocro1	Corvus cornix	Hooded Crow	1
49730	244889	45492	fieldf	Turdus pilaris	Fieldfare	1
49731	244889	45492	wlwwar	Phylloscopus trochilus	Willow Warbler	1
49736	244892	45495	wlwwar	Phylloscopus trochilus	Willow Warbler	1
49738	244894	45497	comcha	Fringilla coelebs	Common Chaffinch	1
49739	244894	45497	wlwwar	Phylloscopus trochilus	Willow Warbler	1
49741	244895	45498	wlwwar	Phylloscopus trochilus	Willow Warbler	1
49742	244895	45498	comcha	Fringilla coelebs	Common Chaffinch	1
49743	244895	45498	garwar1	Sylvia borin	Garden Warbler	2
49768	245234	45507	goldcr1	Regulus regulus	Goldcrest	1
49769	245234	45507	eutspa	Passer montanus	Eurasian Tree Sparrow	1
49770	245234	45507	fieldf	Turdus pilaris	Fieldfare	2
49773	245236	45510	eutspa	Passer montanus	Eurasian Tree Sparrow	1
49774	245236	45510	fieldf	Turdus pilaris	Fieldfare	1
49775	245236	45510	goldcr1	Regulus regulus	Goldcrest	1
49776	245237	45511	eutspa	Passer montanus	Eurasian Tree Sparrow	1
49777	245237	45511	goldcr1	Regulus regulus	Goldcrest	1
49820	244744	45528	wlwwar	Phylloscopus trochilus	Willow Warbler	1
49817	244743	45527	comchi1	Phylloscopus collybita	Common Chiffchaff	1
49818	244743	45527	comcha	Fringilla coelebs	Common Chaffinch	1
49819	244744	45528	comchi1	Phylloscopus collybita	Common Chiffchaff	1
49821	244744	45528	comcha	Fringilla coelebs	Common Chaffinch	1
49822	244744	45528	comcuc	Cuculus canorus	Common Cuckoo	1
49823	244744	45528	comred2	Phoenicurus phoenicurus	Common Redstart	1
49837	244748	45532	comcuc	Cuculus canorus	Common Cuckoo	1
49838	244748	45532	comred2	Phoenicurus phoenicurus	Common Redstart	1
49839	244748	45532	wlwwar	Phylloscopus trochilus	Willow Warbler	1
49840	244748	45532	comcha	Fringilla coelebs	Common Chaffinch	1
49841	244748	45532	comchi1	Phylloscopus collybita	Common Chiffchaff	1
49871	244684	45543	fieldf	Turdus pilaris	Fieldfare	1
49889	244729	45558	comcha	Fringilla coelebs	Common Chaffinch	1
49903	244738	45567	comcha	Fringilla coelebs	Common Chaffinch	1
49904	244738	45567	comred2	Phoenicurus phoenicurus	Common Redstart	1
49865	244679	45538	comcha	Fringilla coelebs	Common Chaffinch	1
49866	244680	45539	comcha	Fringilla coelebs	Common Chaffinch	1
49922	244832	45571	wlwwar	Phylloscopus trochilus	Willow Warbler	1
49923	244832	45571	comcha	Fringilla coelebs	Common Chaffinch	1
49924	244832	45571	yellow2	Emberiza citrinella	Yellowhammer	1
49925	244832	45571	fieldf	Turdus pilaris	Fieldfare	1
49926	244832	45571	bkhgul	Chroicocephalus ridibundus	Black-headed Gull	1
49927	244832	45571	trepip	Anthus trivialis	Tree Pipit	1
49928	244832	45571	leswhi4	Sylvia curruca	Lesser Whitethroat	1
49946	244835	45574	fieldf	Turdus pilaris	Fieldfare	1
49947	244835	45574	leswhi4	Sylvia curruca	Lesser Whitethroat	1
49948	244835	45574	wlwwar	Phylloscopus trochilus	Willow Warbler	1
49949	244835	45574	yellow2	Emberiza citrinella	Yellowhammer	1
49950	244835	45574	bkhgul	Chroicocephalus ridibundus	Black-headed Gull	1
49951	244835	45574	trepip	Anthus trivialis	Tree Pipit	1
50010	244772	45586	comchi1	Phylloscopus collybita	Common Chiffchaff	1
50011	244772	45586	comcha	Fringilla coelebs	Common Chaffinch	1
50012	244772	45586	cowpig1	Columba palumbus	Common Wood-Pigeon	1
50013	244772	45586	wlwwar	Phylloscopus trochilus	Willow Warbler	1
50014	244772	45586	yellow2	Emberiza citrinella	Yellowhammer	1
50031	244777	45591	yellow2	Emberiza citrinella	Yellowhammer	1
50032	244777	45591	comcha	Fringilla coelebs	Common Chaffinch	2
50033	244777	45591	comchi1	Phylloscopus collybita	Common Chiffchaff	1
50034	244777	45591	wlwwar	Phylloscopus trochilus	Willow Warbler	1
50035	244777	45591	dunnoc1	Prunella modularis	Dunnock	1
50047	244779	45593	yellow2	Emberiza citrinella	Yellowhammer	1
50048	244779	45593	comcha	Fringilla coelebs	Common Chaffinch	1
50049	244779	45593	dunnoc1	Prunella modularis	Dunnock	1
50050	244779	45593	comchi1	Phylloscopus collybita	Common Chiffchaff	1
50051	244779	45593	wlwwar	Phylloscopus trochilus	Willow Warbler	1
50075	244786	45600	blutit	Cyanistes caeruleus	Eurasian Blue Tit	1
50076	244786	45600	wlwwar	Phylloscopus trochilus	Willow Warbler	1
50077	244786	45600	comros	Carpodacus erythrinus	Common Rosefinch	2
50078	244786	45600	eurcur	Numenius arquata	Eurasian Curlew	2
50083	244788	45602	wlwwar	Phylloscopus trochilus	Willow Warbler	1
50084	244788	45602	fieldf	Turdus pilaris	Fieldfare	1
51333	244796	46914	wlwwar	Phylloscopus trochilus	Willow Warbler	1
51334	244796	46914	eurcur	Numenius arquata	Eurasian Curlew	1
51335	244797	46915	eurcur	Numenius arquata	Eurasian Curlew	1
51336	244797	46915	wlwwar	Phylloscopus trochilus	Willow Warbler	1
51337	244798	46916	wlwwar	Phylloscopus trochilus	Willow Warbler	1
51338	244798	46916	eurcur	Numenius arquata	Eurasian Curlew	1
51339	244798	46916	comsni	Gallinago gallinago	Common Snipe	1
51340	244798	46916	comros	Carpodacus erythrinus	Common Rosefinch	1
51376	244915	46928	garwar1	Sylvia borin	Garden Warbler	1
51389	244845	46933	comros	Carpodacus erythrinus	Common Rosefinch	1
51390	244845	46933	comcha	Fringilla coelebs	Common Chaffinch	1
51405	244851	46939	comcha	Fringilla coelebs	Common Chaffinch	1
51406	244851	46939	comros	Carpodacus erythrinus	Common Rosefinch	1
51407	244851	46939	fieldf	Turdus pilaris	Fieldfare	1
51411	244853	46941	comcha	Fringilla coelebs	Common Chaffinch	1
51412	244853	46941	fieldf	Turdus pilaris	Fieldfare	1
51430	244874	46947	reebun	Emberiza schoeniclus	Reed Bunting	1
51431	244874	46947	sedwar1	Acrocephalus schoenobaenus	Sedge Warbler	1
51432	244874	46947	wlwwar	Phylloscopus trochilus	Willow Warbler	1
51786	244875	47328	reebun	Emberiza schoeniclus	Reed Bunting	1
51787	244875	47328	bkhgul	Chroicocephalus ridibundus	Black-headed Gull	1
51788	244875	47328	sedwar1	Acrocephalus schoenobaenus	Sedge Warbler	1
51968	244878	47512	eurcur	Numenius arquata	Eurasian Curlew	1
51969	244878	47512	wlwwar	Phylloscopus trochilus	Willow Warbler	1
51970	244878	47512	sedwar1	Acrocephalus schoenobaenus	Sedge Warbler	1
51971	244878	47512	bkhgul	Chroicocephalus ridibundus	Black-headed Gull	1
51972	244878	47512	reebun	Emberiza schoeniclus	Reed Bunting	1
51975	244879	47513	sedwar1	Acrocephalus schoenobaenus	Sedge Warbler	1
51976	244879	47513	reebun	Emberiza schoeniclus	Reed Bunting	1
51977	244879	47513	mewgul	Larus canus	Mew Gull	1
51978	244880	47514	reebun	Emberiza schoeniclus	Reed Bunting	1
51979	244880	47514	sedwar1	Acrocephalus schoenobaenus	Sedge Warbler	1
51980	244880	47514	comcha	Fringilla coelebs	Common Chaffinch	1
51986	244882	47516	bkhgul	Chroicocephalus ridibundus	Black-headed Gull	1
51987	244882	47516	reebun	Emberiza schoeniclus	Reed Bunting	1
51988	244882	47516	eupfly1	Ficedula hypoleuca	European Pied Flycatcher	1
51989	244882	47516	comcha	Fringilla coelebs	Common Chaffinch	1
51990	244882	47516	blutit	Cyanistes caeruleus	Eurasian Blue Tit	1
51991	244883	47517	comcha	Fringilla coelebs	Common Chaffinch	1
51992	244883	47517	gretit1	Parus major	Great Tit	2
51993	244883	47517	leswhi4	Sylvia curruca	Lesser Whitethroat	1
51994	244883	47517	reebun	Emberiza schoeniclus	Reed Bunting	1
51995	244883	47517	bkhgul	Chroicocephalus ridibundus	Black-headed Gull	1
51996	244883	47517	eupfly1	Ficedula hypoleuca	European Pied Flycatcher	1
52009	244886	47520	reebun	Emberiza schoeniclus	Reed Bunting	1
52010	244886	47520	leswhi4	Sylvia curruca	Lesser Whitethroat	1
52011	244886	47520	eupfly1	Ficedula hypoleuca	European Pied Flycatcher	1
52012	244886	47520	yellow2	Emberiza citrinella	Yellowhammer	1
52013	244886	47520	whiwag	Motacilla alba	White Wagtail	1
52014	244887	47521	reebun	Emberiza schoeniclus	Reed Bunting	1
52015	244887	47521	bkhgul	Chroicocephalus ridibundus	Black-headed Gull	1
52016	244887	47521	comcha	Fringilla coelebs	Common Chaffinch	1
52017	244887	47521	whiwag	Motacilla alba	White Wagtail	2
52018	244887	47521	comcuc	Cuculus canorus	Common Cuckoo	1
52019	244887	47521	yellow2	Emberiza citrinella	Yellowhammer	1
52020	244887	47521	eupfly1	Ficedula hypoleuca	European Pied Flycatcher	1
52021	244887	47521	mewgul	Larus canus	Mew Gull	1
49374	244636	45344	comcha	Fringilla coelebs	Common Chaffinch	1
49375	244636	45344	eupfly1	Ficedula hypoleuca	European Pied Flycatcher	1
49386	244643	45351	whiwag	Motacilla alba	White Wagtail	1
49387	244643	45351	comcha	Fringilla coelebs	Common Chaffinch	1
49388	244643	45351	wlwwar	Phylloscopus trochilus	Willow Warbler	1
49394	244859	45357	grewhi1	Sylvia communis	Greater Whitethroat	1
49395	244859	45357	skylar	Alauda arvensis	Eurasian Skylark	1
49406	244863	45361	skylar	Alauda arvensis	Eurasian Skylark	1
49407	244863	45361	comros	Carpodacus erythrinus	Common Rosefinch	1
49408	244863	45361	eurcur	Numenius arquata	Eurasian Curlew	1
49411	244865	45363	comros	Carpodacus erythrinus	Common Rosefinch	1
49412	244865	45363	eurcur	Numenius arquata	Eurasian Curlew	1
49413	244865	45363	barswa	Hirundo rustica	Barn Swallow	1
49414	244866	45364	comros	Carpodacus erythrinus	Common Rosefinch	1
49415	244867	45365	comros	Carpodacus erythrinus	Common Rosefinch	1
49417	244869	45367	comros	Carpodacus erythrinus	Common Rosefinch	1
49418	244869	45367	grewhi1	Sylvia communis	Greater Whitethroat	1
49442	244921	45374	eupfly1	Ficedula hypoleuca	European Pied Flycatcher	1
49443	244921	45374	fieldf	Turdus pilaris	Fieldfare	2
49444	244921	45374	wlwwar	Phylloscopus trochilus	Willow Warbler	1
49445	244921	45374	spofly1	Muscicapa striata	Spotted Flycatcher	1
49446	244922	45375	spofly1	Muscicapa striata	Spotted Flycatcher	1
49447	244922	45375	goldcr1	Regulus regulus	Goldcrest	1
49448	244922	45375	wlwwar	Phylloscopus trochilus	Willow Warbler	1
49449	244922	45375	eupfly1	Ficedula hypoleuca	European Pied Flycatcher	1
49450	244922	45375	fieldf	Turdus pilaris	Fieldfare	1
49455	244924	45377	wlwwar	Phylloscopus trochilus	Willow Warbler	1
49456	244924	45377	eursis	Spinus spinus	Eurasian Siskin	1
49457	244924	45377	redwin	Turdus iliacus	Redwing	1
49458	244924	45377	fieldf	Turdus pilaris	Fieldfare	1
49459	244924	45377	ictwar1	Hippolais icterina	Icterine Warbler	1
49470	244930	45383	spofly1	Muscicapa striata	Spotted Flycatcher	1
49471	244930	45383	fieldf	Turdus pilaris	Fieldfare	1
49472	244930	45383	wlwwar	Phylloscopus trochilus	Willow Warbler	1
49476	244932	45385	wlwwar	Phylloscopus trochilus	Willow Warbler	1
49477	244932	45385	spofly1	Muscicapa striata	Spotted Flycatcher	1
49478	244932	45385	garwar1	Sylvia borin	Garden Warbler	1
49479	244933	45386	wlwwar	Phylloscopus trochilus	Willow Warbler	1
49480	244933	45386	garwar1	Sylvia borin	Garden Warbler	1
49481	244933	45386	ictwar1	Hippolais icterina	Icterine Warbler	1
49492	244670	45393	comros	Carpodacus erythrinus	Common Rosefinch	1
49493	244670	45393	wlwwar	Phylloscopus trochilus	Willow Warbler	1
49494	244671	45394	comros	Carpodacus erythrinus	Common Rosefinch	1
49499	244674	45397	comros	Carpodacus erythrinus	Common Rosefinch	1
49500	244674	45397	eupfly1	Ficedula hypoleuca	European Pied Flycatcher	1
49501	244674	45397	garwar1	Sylvia borin	Garden Warbler	1
49502	244675	45398	comros	Carpodacus erythrinus	Common Rosefinch	1
49503	244675	45398	fieldf	Turdus pilaris	Fieldfare	1
49508	244677	45400	comros	Carpodacus erythrinus	Common Rosefinch	1
49509	244677	45400	fieldf	Turdus pilaris	Fieldfare	1
49510	244677	45400	garwar1	Sylvia borin	Garden Warbler	1
49523	244819	45407	yellow2	Emberiza citrinella	Yellowhammer	1
49524	244820	45408	yellow2	Emberiza citrinella	Yellowhammer	1
49525	244820	45408	banswa	Riparia riparia	Bank Swallow	1
49526	244820	45408	comcha	Fringilla coelebs	Common Chaffinch	1
49530	244823	45411	comcha	Fringilla coelebs	Common Chaffinch	1
49535	244827	45415	comcha	Fringilla coelebs	Common Chaffinch	1
49536	244827	45415	banswa	Riparia riparia	Bank Swallow	1
49545	244651	45419	redwin	Turdus iliacus	Redwing	1
49546	244652	45420	redwin	Turdus iliacus	Redwing	1
49553	244657	45425	comcha	Fringilla coelebs	Common Chaffinch	1
49556	244661	45429	eursis	Spinus spinus	Eurasian Siskin	1
49571	244714	45437	wlwwar	Phylloscopus trochilus	Willow Warbler	1
49572	244714	45437	comcha	Fringilla coelebs	Common Chaffinch	1
49573	244714	45437	eupfly1	Ficedula hypoleuca	European Pied Flycatcher	1
49579	244717	45440	comcha	Fringilla coelebs	Common Chaffinch	1
49580	244717	45440	wlwwar	Phylloscopus trochilus	Willow Warbler	1
49581	244717	45440	comros	Carpodacus erythrinus	Common Rosefinch	1
49582	244717	45440	eurtre1	Certhia familiaris	Eurasian Treecreeper	1
49604	244697	45450	redwin	Turdus iliacus	Redwing	1
49605	244697	45450	blackc1	Sylvia atricapilla	Eurasian Blackcap	1
49606	244697	45450	gretit1	Parus major	Great Tit	1
49608	244699	45452	eursis	Spinus spinus	Eurasian Siskin	1
49609	244699	45452	redwin	Turdus iliacus	Redwing	1
49610	244699	45452	gretit1	Parus major	Great Tit	1
49615	244701	45454	redwin	Turdus iliacus	Redwing	1
49616	244701	45454	eursis	Spinus spinus	Eurasian Siskin	1
49632	244708	45461	fieldf	Turdus pilaris	Fieldfare	1
49635	244800	45463	yellow2	Emberiza citrinella	Yellowhammer	1
49636	244800	45463	comcha	Fringilla coelebs	Common Chaffinch	1
49639	244802	45465	gretit1	Parus major	Great Tit	1
49640	244802	45465	comcha	Fringilla coelebs	Common Chaffinch	1
49641	244802	45465	garwar1	Sylvia borin	Garden Warbler	1
49642	244802	45465	trepip	Anthus trivialis	Tree Pipit	1
49643	244803	45466	wlwwar	Phylloscopus trochilus	Willow Warbler	1
49644	244803	45466	hoocro1	Corvus cornix	Hooded Crow	1
49645	244803	45466	comcha	Fringilla coelebs	Common Chaffinch	1
49646	244803	45466	barswa	Hirundo rustica	Barn Swallow	1
49647	244804	45467	rinphe	Phasianus colchicus	Ring-necked Pheasant	1
49648	244804	45467	eupfly1	Ficedula hypoleuca	European Pied Flycatcher	1
49649	244804	45467	comcha	Fringilla coelebs	Common Chaffinch	1
49650	244804	45467	wlwwar	Phylloscopus trochilus	Willow Warbler	1
49651	244804	45467	hoocro1	Corvus cornix	Hooded Crow	1
49652	244804	45467	barswa	Hirundo rustica	Barn Swallow	1
49677	244812	45475	trepip	Anthus trivialis	Tree Pipit	1
49678	244812	45475	gretit1	Parus major	Great Tit	1
49679	244812	45475	comcha	Fringilla coelebs	Common Chaffinch	1
49680	244812	45475	wlwwar	Phylloscopus trochilus	Willow Warbler	1
49692	244757	45480	eupfly1	Ficedula hypoleuca	European Pied Flycatcher	1
49693	244757	45480	wlwwar	Phylloscopus trochilus	Willow Warbler	1
49694	244757	45480	eurcur	Numenius arquata	Eurasian Curlew	1
49695	244757	45480	dunnoc1	Prunella modularis	Dunnock	2
49696	244757	45480	fieldf	Turdus pilaris	Fieldfare	1
49716	244763	45486	eupfly1	Ficedula hypoleuca	European Pied Flycatcher	1
49717	244763	45486	dunnoc1	Prunella modularis	Dunnock	1
49718	244764	45487	eupfly1	Ficedula hypoleuca	European Pied Flycatcher	1
49722	244766	45489	wlwwar	Phylloscopus trochilus	Willow Warbler	1
49723	244766	45489	eupfly1	Ficedula hypoleuca	European Pied Flycatcher	1
49748	244897	45500	wlwwar	Phylloscopus trochilus	Willow Warbler	1
49749	244897	45500	redwin	Turdus iliacus	Redwing	1
49750	244897	45500	comcha	Fringilla coelebs	Common Chaffinch	1
49764	244903	45506	eupfly1	Ficedula hypoleuca	European Pied Flycatcher	1
49765	244903	45506	wlwwar	Phylloscopus trochilus	Willow Warbler	1
49766	244903	45506	redwin	Turdus iliacus	Redwing	1
49767	244903	45506	comcha	Fringilla coelebs	Common Chaffinch	1
49778	245238	45512	eutspa	Passer montanus	Eurasian Tree Sparrow	1
49779	245238	45512	goldcr1	Regulus regulus	Goldcrest	1
49782	245241	45515	wlwwar	Phylloscopus trochilus	Willow Warbler	1
49783	245241	45515	eursis	Spinus spinus	Eurasian Siskin	1
49784	245242	45516	eutspa	Passer montanus	Eurasian Tree Sparrow	1
49798	245247	45521	eursis	Spinus spinus	Eurasian Siskin	1
49799	245247	45521	redwin	Turdus iliacus	Redwing	1
49800	245247	45521	eutspa	Passer montanus	Eurasian Tree Sparrow	1
49801	245248	45522	eursis	Spinus spinus	Eurasian Siskin	1
49813	244742	45526	comchi1	Phylloscopus collybita	Common Chiffchaff	1
49814	244742	45526	comcha	Fringilla coelebs	Common Chaffinch	1
49815	244742	45526	eurrob1	Erithacus rubecula	European Robin	1
49816	244742	45526	wlwwar	Phylloscopus trochilus	Willow Warbler	2
49829	244746	45530	wlwwar	Phylloscopus trochilus	Willow Warbler	1
49830	244746	45530	comchi1	Phylloscopus collybita	Common Chiffchaff	1
49831	244746	45530	comcha	Fringilla coelebs	Common Chaffinch	1
49832	244747	45531	comred2	Phoenicurus phoenicurus	Common Redstart	1
49833	244747	45531	comcha	Fringilla coelebs	Common Chaffinch	1
49834	244747	45531	wlwwar	Phylloscopus trochilus	Willow Warbler	1
49835	244747	45531	comchi1	Phylloscopus collybita	Common Chiffchaff	1
49836	244747	45531	comcuc	Cuculus canorus	Common Cuckoo	1
49859	244752	45536	comcuc	Cuculus canorus	Common Cuckoo	1
49860	244752	45536	comred2	Phoenicurus phoenicurus	Common Redstart	1
49861	244752	45536	wlwwar	Phylloscopus trochilus	Willow Warbler	1
49874	244688	45547	bkhgul	Chroicocephalus ridibundus	Black-headed Gull	2
49875	244689	45548	comcha	Fringilla coelebs	Common Chaffinch	1
49876	244690	45549	bkhgul	Chroicocephalus ridibundus	Black-headed Gull	1
49877	244691	45550	bkhgul	Chroicocephalus ridibundus	Black-headed Gull	1
49878	244692	45551	bkhgul	Chroicocephalus ridibundus	Black-headed Gull	1
49879	244692	45551	redwin	Turdus iliacus	Redwing	1
49880	244693	45552	redwin	Turdus iliacus	Redwing	1
49881	244693	45552	bkhgul	Chroicocephalus ridibundus	Black-headed Gull	1
49882	244724	45553	comcha	Fringilla coelebs	Common Chaffinch	1
49883	244725	45554	comcha	Fringilla coelebs	Common Chaffinch	1
49887	244728	45557	comcha	Fringilla coelebs	Common Chaffinch	1
49888	244728	45557	wlwwar	Phylloscopus trochilus	Willow Warbler	1
49890	244730	45559	comcha	Fringilla coelebs	Common Chaffinch	1
49891	244730	45559	wlwwar	Phylloscopus trochilus	Willow Warbler	1
49892	244730	45559	comred2	Phoenicurus phoenicurus	Common Redstart	1
49893	244731	45560	comcha	Fringilla coelebs	Common Chaffinch	1
49917	244831	45570	wlwwar	Phylloscopus trochilus	Willow Warbler	1
49918	244831	45570	yellow2	Emberiza citrinella	Yellowhammer	1
49919	244831	45570	fieldf	Turdus pilaris	Fieldfare	1
49920	244831	45570	comcha	Fringilla coelebs	Common Chaffinch	1
49921	244831	45570	hoocro1	Corvus cornix	Hooded Crow	1
49929	244833	45572	yellow2	Emberiza citrinella	Yellowhammer	1
49930	244833	45572	wlwwar	Phylloscopus trochilus	Willow Warbler	1
49931	244833	45572	fieldf	Turdus pilaris	Fieldfare	1
49932	244833	45572	leswhi4	Sylvia curruca	Lesser Whitethroat	1
49933	244833	45572	trepip	Anthus trivialis	Tree Pipit	1
49934	244833	45572	comcha	Fringilla coelebs	Common Chaffinch	1
49973	244839	45578	eursis	Spinus spinus	Eurasian Siskin	1
49974	244839	45578	trepip	Anthus trivialis	Tree Pipit	1
49975	244839	45578	wlwwar	Phylloscopus trochilus	Willow Warbler	1
49976	244839	45578	yellow2	Emberiza citrinella	Yellowhammer	1
49977	244839	45578	garwar1	Sylvia borin	Garden Warbler	1
49978	244839	45578	leswhi4	Sylvia curruca	Lesser Whitethroat	1
49984	244841	45580	eurgre1	Chloris chloris	European Greenfinch	2
49985	244841	45580	wlwwar	Phylloscopus trochilus	Willow Warbler	1
49986	244841	45580	eupfly1	Ficedula hypoleuca	European Pied Flycatcher	1
49987	244841	45580	yellow2	Emberiza citrinella	Yellowhammer	1
49988	244841	45580	comcha	Fringilla coelebs	Common Chaffinch	1
49989	244841	45580	blackc1	Sylvia atricapilla	Eurasian Blackcap	2
50018	244774	45588	yellow2	Emberiza citrinella	Yellowhammer	1
50019	244774	45588	cowpig1	Columba palumbus	Common Wood-Pigeon	1
50020	244774	45588	wlwwar	Phylloscopus trochilus	Willow Warbler	1
50021	244774	45588	comcha	Fringilla coelebs	Common Chaffinch	1
50041	244778	45592	yellow2	Emberiza citrinella	Yellowhammer	1
50042	244778	45592	wlwwar	Phylloscopus trochilus	Willow Warbler	1
50043	244778	45592	comcha	Fringilla coelebs	Common Chaffinch	1
50044	244778	45592	comchi1	Phylloscopus collybita	Common Chiffchaff	1
50045	244778	45592	dunnoc1	Prunella modularis	Dunnock	1
50046	244778	45592	comcuc	Cuculus canorus	Common Cuckoo	1
50052	244780	45594	dunnoc1	Prunella modularis	Dunnock	1
50053	244780	45594	comchi1	Phylloscopus collybita	Common Chiffchaff	1
50054	244780	45594	yellow2	Emberiza citrinella	Yellowhammer	1
50055	244780	45594	comcha	Fringilla coelebs	Common Chaffinch	1
50056	244780	45594	eursis	Spinus spinus	Eurasian Siskin	1
50057	244781	45595	dunnoc1	Prunella modularis	Dunnock	1
50058	244781	45595	fieldf	Turdus pilaris	Fieldfare	1
50059	244781	45595	comcha	Fringilla coelebs	Common Chaffinch	1
50060	244781	45595	wlwwar	Phylloscopus trochilus	Willow Warbler	1
50065	244783	45597	dunnoc1	Prunella modularis	Dunnock	1
50066	244783	45597	wlwwar	Phylloscopus trochilus	Willow Warbler	1
50067	244783	45597	comcha	Fringilla coelebs	Common Chaffinch	1
50068	244783	45597	comchi1	Phylloscopus collybita	Common Chiffchaff	1
50073	244785	45599	yellow2	Emberiza citrinella	Yellowhammer	1
50074	244785	45599	wlwwar	Phylloscopus trochilus	Willow Warbler	1
54463	262071	49679	wlwwar	Phylloscopus trochilus	Willow Warbler	1
54464	262071	49679	comcha	Fringilla coelebs	Common Chaffinch	1
54465	262071	49679	eupfly1	Ficedula hypoleuca	European Pied Flycatcher	1
54582	262055	49814	wlwwar	Phylloscopus trochilus	Willow Warbler	1
54572	261995	49811	winwre4	Troglodytes troglodytes	Eurasian Wren	1
54573	261995	49811	wlwwar	Phylloscopus trochilus	Willow Warbler	1
54574	261995	49811	comcha	Fringilla coelebs	Common Chaffinch	1
54581	262055	49814	eupfly1	Ficedula hypoleuca	European Pied Flycatcher	1
54583	262055	49814	comcha	Fringilla coelebs	Common Chaffinch	1
54584	262055	49814	garwar1	Sylvia borin	Garden Warbler	1
54585	262055	49814	sonthr1	Turdus philomelos	Song Thrush	1
54625	262040	49829	comcha	Fringilla coelebs	Common Chaffinch	1
54626	262004	49830	wlwwar	Phylloscopus trochilus	Willow Warbler	1
54627	262004	49830	eurbla	Turdus merula	Eurasian Blackbird	1
54631	262010	49832	comcha	Fringilla coelebs	Common Chaffinch	1
54632	262010	49832	eurbla	Turdus merula	Eurasian Blackbird	1
54633	262010	49832	eupfly1	Ficedula hypoleuca	European Pied Flycatcher	2
54634	262048	49833	wlwwar	Phylloscopus trochilus	Willow Warbler	1
54635	262048	49833	comred2	Phoenicurus phoenicurus	Common Redstart	1
54636	262048	49833	eurrob1	Erithacus rubecula	European Robin	2
54637	262008	49834	comcha	Fringilla coelebs	Common Chaffinch	1
54638	262031	49835	comcha	Fringilla coelebs	Common Chaffinch	1
54639	262031	49835	goldcr1	Regulus regulus	Goldcrest	1
54646	262018	49838	wlwwar	Phylloscopus trochilus	Willow Warbler	1
54647	262018	49838	comcha	Fringilla coelebs	Common Chaffinch	1
54648	261996	49839	wlwwar	Phylloscopus trochilus	Willow Warbler	1
54650	261994	49841	eupfly1	Ficedula hypoleuca	European Pied Flycatcher	1
54651	261994	49841	wlwwar	Phylloscopus trochilus	Willow Warbler	1
54652	261994	49841	eurbla	Turdus merula	Eurasian Blackbird	1
54653	261994	49841	comcha	Fringilla coelebs	Common Chaffinch	1
54665	262057	49846	comcha	Fringilla coelebs	Common Chaffinch	2
54666	262057	49846	wlwwar	Phylloscopus trochilus	Willow Warbler	1
54667	262057	49846	trepip	Anthus trivialis	Tree Pipit	1
54682	262009	49851	comcha	Fringilla coelebs	Common Chaffinch	1
54696	262064	49857	comcha	Fringilla coelebs	Common Chaffinch	1
54697	262064	49857	comred2	Phoenicurus phoenicurus	Common Redstart	1
54698	262064	49857	wlwwar	Phylloscopus trochilus	Willow Warbler	1
54699	262064	49857	spofly1	Muscicapa striata	Spotted Flycatcher	1
54700	262064	49857	eupfly1	Ficedula hypoleuca	European Pied Flycatcher	1
54701	262027	49858	comcha	Fringilla coelebs	Common Chaffinch	1
54702	262027	49858	wlwwar	Phylloscopus trochilus	Willow Warbler	1
54703	262035	49859	comcha	Fringilla coelebs	Common Chaffinch	1
54704	262035	49859	winwre4	Troglodytes troglodytes	Eurasian Wren	1
54725	262019	49871	winwre4	Troglodytes troglodytes	Eurasian Wren	1
54716	261992	49863	comcha	Fringilla coelebs	Common Chaffinch	1
54717	261992	49863	wlwwar	Phylloscopus trochilus	Willow Warbler	1
54718	261992	49863	rebfly	Ficedula parva	Red-breasted Flycatcher	2
54719	261992	49863	winwre4	Troglodytes troglodytes	Eurasian Wren	2
54720	261992	49863	goldcr1	Regulus regulus	Goldcrest	2
54724	262019	49871	comcha	Fringilla coelebs	Common Chaffinch	1
54726	262054	49872	comcha	Fringilla coelebs	Common Chaffinch	1
54727	262054	49872	eurbla	Turdus merula	Eurasian Blackbird	1
54728	262025	49873	wlwwar	Phylloscopus trochilus	Willow Warbler	1
54729	262025	49873	trepip	Anthus trivialis	Tree Pipit	1
54730	262025	49873	eupfly1	Ficedula hypoleuca	European Pied Flycatcher	1
54731	262025	49873	goldcr1	Regulus regulus	Goldcrest	1
54734	262022	49875	comcha	Fringilla coelebs	Common Chaffinch	1
54735	262022	49875	wlwwar	Phylloscopus trochilus	Willow Warbler	1
54736	262022	49875	trepip	Anthus trivialis	Tree Pipit	1
54737	262022	49875	eurrob1	Erithacus rubecula	European Robin	1
54792	262002	49899	comcha	Fringilla coelebs	Common Chaffinch	1
54793	262002	49899	goldcr1	Regulus regulus	Goldcrest	1
54826	261987	49915	comcha	Fringilla coelebs	Common Chaffinch	1
54827	261987	49915	sonthr1	Turdus philomelos	Song Thrush	1
54828	261990	49916	eupfly1	Ficedula hypoleuca	European Pied Flycatcher	1
54829	261990	49916	comcha	Fringilla coelebs	Common Chaffinch	1
54830	261990	49916	wlwwar	Phylloscopus trochilus	Willow Warbler	1
54838	262007	49919	comcha	Fringilla coelebs	Common Chaffinch	1
51313	244789	46907	fieldf	Turdus pilaris	Fieldfare	1
51314	244789	46907	wlwwar	Phylloscopus trochilus	Willow Warbler	1
51315	244789	46907	hoocro1	Corvus cornix	Hooded Crow	1
51353	244907	46920	wlwwar	Phylloscopus trochilus	Willow Warbler	1
51354	244907	46920	comcha	Fringilla coelebs	Common Chaffinch	1
51355	244907	46920	garwar1	Sylvia borin	Garden Warbler	2
51364	244911	46924	garwar1	Sylvia borin	Garden Warbler	1
51365	244911	46924	wlwwar	Phylloscopus trochilus	Willow Warbler	1
51366	244911	46924	rebfly	Ficedula parva	Red-breasted Flycatcher	1
51367	244911	46924	comcha	Fringilla coelebs	Common Chaffinch	1
51368	244911	46924	redwin	Turdus iliacus	Redwing	1
51391	244846	46934	comcha	Fringilla coelebs	Common Chaffinch	1
51392	244846	46934	comros	Carpodacus erythrinus	Common Rosefinch	1
51393	244846	46934	banswa	Riparia riparia	Bank Swallow	1
51397	244849	46937	comcha	Fringilla coelebs	Common Chaffinch	1
51398	244849	46937	bkhgul	Chroicocephalus ridibundus	Black-headed Gull	1
51399	244849	46937	gretit1	Parus major	Great Tit	1
51408	244852	46940	comcha	Fringilla coelebs	Common Chaffinch	1
51409	244852	46940	fieldf	Turdus pilaris	Fieldfare	1
51410	244852	46940	bkhgul	Chroicocephalus ridibundus	Black-headed Gull	1
51413	244854	46942	skylar	Alauda arvensis	Eurasian Skylark	1
51414	244854	46942	comcha	Fringilla coelebs	Common Chaffinch	1
51415	244854	46942	fieldf	Turdus pilaris	Fieldfare	1
51423	244857	46945	comcha	Fringilla coelebs	Common Chaffinch	1
51424	244857	46945	wlwwar	Phylloscopus trochilus	Willow Warbler	1
51425	244857	46945	fieldf	Turdus pilaris	Fieldfare	1
52022	244888	47522	reebun	Emberiza schoeniclus	Reed Bunting	1
52023	244888	47522	mewgul	Larus canus	Mew Gull	1
52024	244888	47522	comcha	Fringilla coelebs	Common Chaffinch	1
51323	244792	46910	wlwwar	Phylloscopus trochilus	Willow Warbler	1
51324	244792	46910	fieldf	Turdus pilaris	Fieldfare	1
51325	244792	46910	eurcur	Numenius arquata	Eurasian Curlew	1
51330	244794	46912	eurcur	Numenius arquata	Eurasian Curlew	1
51331	244794	46912	wlwwar	Phylloscopus trochilus	Willow Warbler	1
51346	244906	46919	wlwwar	Phylloscopus trochilus	Willow Warbler	1
51347	244906	46919	garwar1	Sylvia borin	Garden Warbler	1
51348	244906	46919	rebfly	Ficedula parva	Red-breasted Flycatcher	1
51349	244906	46919	comcha	Fringilla coelebs	Common Chaffinch	1
51394	244847	46935	comcha	Fringilla coelebs	Common Chaffinch	1
51395	244848	46936	comcha	Fringilla coelebs	Common Chaffinch	1
51396	244848	46936	garwar1	Sylvia borin	Garden Warbler	1
51359	244909	46922	comcha	Fringilla coelebs	Common Chaffinch	1
51360	244909	46922	wlwwar	Phylloscopus trochilus	Willow Warbler	1
51361	244909	46922	garwar1	Sylvia borin	Garden Warbler	1
51362	244909	46922	rebfly	Ficedula parva	Red-breasted Flycatcher	1
51363	244910	46923	garwar1	Sylvia borin	Garden Warbler	1
51419	244855	46943	comcha	Fringilla coelebs	Common Chaffinch	1
51420	244855	46943	fieldf	Turdus pilaris	Fieldfare	1
51421	244855	46943	wlwwar	Phylloscopus trochilus	Willow Warbler	1
51426	244858	46946	comcha	Fringilla coelebs	Common Chaffinch	1
51427	244858	46946	fieldf	Turdus pilaris	Fieldfare	1
51428	244858	46946	wlwwar	Phylloscopus trochilus	Willow Warbler	1
51429	244858	46946	skylar	Alauda arvensis	Eurasian Skylark	1
51789	244876	47329	sedwar1	Acrocephalus schoenobaenus	Sedge Warbler	1
51790	244876	47329	eupfly1	Ficedula hypoleuca	European Pied Flycatcher	1
51791	244876	47329	wlwwar	Phylloscopus trochilus	Willow Warbler	1
51792	244876	47329	reebun	Emberiza schoeniclus	Reed Bunting	1
51793	244876	47329	bkhgul	Chroicocephalus ridibundus	Black-headed Gull	1
54458	262047	49676	comcha	Fringilla coelebs	Common Chaffinch	1
54459	262047	49676	wlwwar	Phylloscopus trochilus	Willow Warbler	1
54460	261998	49677	comcha	Fringilla coelebs	Common Chaffinch	1
54461	262038	49678	wlwwar	Phylloscopus trochilus	Willow Warbler	1
54462	262038	49678	comred2	Phoenicurus phoenicurus	Common Redstart	1
51998	244884	47518	comcha	Fringilla coelebs	Common Chaffinch	1
51999	244884	47518	lirplo	Charadrius dubius	Little Ringed Plover	1
51981	244881	47515	reebun	Emberiza schoeniclus	Reed Bunting	1
51982	244881	47515	bkhgul	Chroicocephalus ridibundus	Black-headed Gull	1
51983	244881	47515	comcha	Fringilla coelebs	Common Chaffinch	1
51984	244881	47515	sedwar1	Acrocephalus schoenobaenus	Sedge Warbler	1
51985	244881	47515	eupfly1	Ficedula hypoleuca	European Pied Flycatcher	1
51997	244884	47518	reebun	Emberiza schoeniclus	Reed Bunting	1
52000	244884	47518	sedwar1	Acrocephalus schoenobaenus	Sedge Warbler	2
52001	244884	47518	mewgul	Larus canus	Mew Gull	1
49376	244637	45345	comcha	Fringilla coelebs	Common Chaffinch	1
49377	244637	45345	garwar1	Sylvia borin	Garden Warbler	1
49378	244638	45346	comcha	Fringilla coelebs	Common Chaffinch	1
49383	244641	45349	comcha	Fringilla coelebs	Common Chaffinch	1
49384	244642	45350	comcha	Fringilla coelebs	Common Chaffinch	1
49385	244642	45350	garwar1	Sylvia borin	Garden Warbler	1
49393	244648	45356	eurgre1	Chloris chloris	European Greenfinch	1
49416	244868	45366	grewhi1	Sylvia communis	Greater Whitethroat	1
49429	244873	45371	comros	Carpodacus erythrinus	Common Rosefinch	1
49430	244873	45371	norlap	Vanellus vanellus	Northern Lapwing	1
49431	244873	45371	grewhi1	Sylvia communis	Greater Whitethroat	1
49400	244860	45358	skylar	Alauda arvensis	Eurasian Skylark	1
49401	244860	45358	comros	Carpodacus erythrinus	Common Rosefinch	1
49432	244873	45371	comcha	Fringilla coelebs	Common Chaffinch	1
49433	244873	45371	eutspa	Passer montanus	Eurasian Tree Sparrow	2
49434	244873	45371	skylar	Alauda arvensis	Eurasian Skylark	1
49451	244923	45376	spofly1	Muscicapa striata	Spotted Flycatcher	1
49452	244923	45376	ictwar1	Hippolais icterina	Icterine Warbler	1
49453	244923	45376	wlwwar	Phylloscopus trochilus	Willow Warbler	1
49454	244923	45376	redwin	Turdus iliacus	Redwing	1
49460	244926	45379	wlwwar	Phylloscopus trochilus	Willow Warbler	1
49461	244926	45379	goldcr1	Regulus regulus	Goldcrest	1
49462	244926	45379	spofly1	Muscicapa striata	Spotted Flycatcher	1
49463	244926	45379	eursis	Spinus spinus	Eurasian Siskin	1
49464	244926	45379	fieldf	Turdus pilaris	Fieldfare	1
49468	244928	45381	wlwwar	Phylloscopus trochilus	Willow Warbler	1
49469	244928	45381	spofly1	Muscicapa striata	Spotted Flycatcher	1
49473	244931	45384	garwar1	Sylvia borin	Garden Warbler	1
49474	244931	45384	wlwwar	Phylloscopus trochilus	Willow Warbler	1
49475	244931	45384	spofly1	Muscicapa striata	Spotted Flycatcher	1
49495	244672	45395	comros	Carpodacus erythrinus	Common Rosefinch	1
49496	244672	45395	comcha	Fringilla coelebs	Common Chaffinch	1
49504	244676	45399	fieldf	Turdus pilaris	Fieldfare	1
49505	244676	45399	comros	Carpodacus erythrinus	Common Rosefinch	1
49506	244676	45399	eupfly1	Ficedula hypoleuca	European Pied Flycatcher	1
49507	244676	45399	garwar1	Sylvia borin	Garden Warbler	1
49511	244678	45401	comros	Carpodacus erythrinus	Common Rosefinch	1
49512	244678	45401	eupfly1	Ficedula hypoleuca	European Pied Flycatcher	1
49540	244649	45417	wlwwar	Phylloscopus trochilus	Willow Warbler	1
49541	244650	45418	comcha	Fringilla coelebs	Common Chaffinch	1
49522	244818	45406	yellow2	Emberiza citrinella	Yellowhammer	1
49539	244649	45417	comcha	Fringilla coelebs	Common Chaffinch	1
49542	244650	45418	wlwwar	Phylloscopus trochilus	Willow Warbler	1
49543	244650	45418	redwin	Turdus iliacus	Redwing	1
49544	244650	45418	trepip	Anthus trivialis	Tree Pipit	1
49568	244713	45436	wlwwar	Phylloscopus trochilus	Willow Warbler	1
49569	244713	45436	comcha	Fringilla coelebs	Common Chaffinch	1
49570	244713	45436	winwre4	Troglodytes troglodytes	Eurasian Wren	1
49587	244719	45442	hoocro1	Corvus cornix	Hooded Crow	1
49588	244719	45442	wlwwar	Phylloscopus trochilus	Willow Warbler	1
49589	244719	45442	winwre4	Troglodytes troglodytes	Eurasian Wren	1
49590	244720	45443	wlwwar	Phylloscopus trochilus	Willow Warbler	1
49591	244720	45443	comcha	Fringilla coelebs	Common Chaffinch	1
49592	244720	45443	eurtre1	Certhia familiaris	Eurasian Treecreeper	1
49593	244721	45444	wlwwar	Phylloscopus trochilus	Willow Warbler	1
49594	244721	45444	winwre4	Troglodytes troglodytes	Eurasian Wren	1
49595	244722	45445	comcha	Fringilla coelebs	Common Chaffinch	1
49622	244704	45457	redwin	Turdus iliacus	Redwing	1
49623	244704	45457	eursis	Spinus spinus	Eurasian Siskin	1
49628	244706	45459	blackc1	Sylvia atricapilla	Eurasian Blackcap	1
49629	244706	45459	fieldf	Turdus pilaris	Fieldfare	1
49659	244807	45470	trepip	Anthus trivialis	Tree Pipit	1
49660	244807	45470	comcha	Fringilla coelebs	Common Chaffinch	1
49661	244807	45470	eupfly1	Ficedula hypoleuca	European Pied Flycatcher	1
49670	244810	45473	goldcr1	Regulus regulus	Goldcrest	1
49671	244810	45473	comcha	Fringilla coelebs	Common Chaffinch	1
49672	244810	45473	trepip	Anthus trivialis	Tree Pipit	1
49673	244810	45473	wlwwar	Phylloscopus trochilus	Willow Warbler	1
49681	244813	45476	comcha	Fringilla coelebs	Common Chaffinch	1
49682	244813	45476	trepip	Anthus trivialis	Tree Pipit	1
49683	244813	45476	eupfly1	Ficedula hypoleuca	European Pied Flycatcher	1
49684	244813	45476	wlwwar	Phylloscopus trochilus	Willow Warbler	1
49685	244813	45476	fieldf	Turdus pilaris	Fieldfare	1
49687	244755	45478	wlwwar	Phylloscopus trochilus	Willow Warbler	1
49688	244755	45478	garwar1	Sylvia borin	Garden Warbler	1
49689	244756	45479	wlwwar	Phylloscopus trochilus	Willow Warbler	1
49690	244756	45479	comcha	Fringilla coelebs	Common Chaffinch	1
49691	244756	45479	eupfly1	Ficedula hypoleuca	European Pied Flycatcher	1
49697	244758	45481	eupfly1	Ficedula hypoleuca	European Pied Flycatcher	1
49698	244758	45481	dunnoc1	Prunella modularis	Dunnock	1
49699	244758	45481	redwin	Turdus iliacus	Redwing	1
49700	244758	45481	eurcur	Numenius arquata	Eurasian Curlew	1
49704	244760	45483	comcuc	Cuculus canorus	Common Cuckoo	1
49705	244760	45483	comcha	Fringilla coelebs	Common Chaffinch	1
49706	244760	45483	dunnoc1	Prunella modularis	Dunnock	1
49707	244760	45483	eupfly1	Ficedula hypoleuca	European Pied Flycatcher	1
49708	244760	45483	wlwwar	Phylloscopus trochilus	Willow Warbler	1
49713	244762	45485	eupfly1	Ficedula hypoleuca	European Pied Flycatcher	1
49714	244762	45485	dunnoc1	Prunella modularis	Dunnock	1
49715	244762	45485	wlwwar	Phylloscopus trochilus	Willow Warbler	1
49728	244768	45491	comchi1	Phylloscopus collybita	Common Chiffchaff	1
49732	244890	45493	redwin	Turdus iliacus	Redwing	1
49733	244890	45493	hoocro1	Corvus cornix	Hooded Crow	1
49734	244890	45493	wlwwar	Phylloscopus trochilus	Willow Warbler	1
49735	244890	45493	fieldf	Turdus pilaris	Fieldfare	1
49761	244901	45504	wlwwar	Phylloscopus trochilus	Willow Warbler	1
49751	244898	45501	wlwwar	Phylloscopus trochilus	Willow Warbler	1
49752	244898	45501	fieldf	Turdus pilaris	Fieldfare	1
49753	244898	45501	redwin	Turdus iliacus	Redwing	1
49754	244898	45501	garwar1	Sylvia borin	Garden Warbler	2
49794	245246	45520	goldcr1	Regulus regulus	Goldcrest	1
49762	244901	45504	redwin	Turdus iliacus	Redwing	1
49795	245246	45520	eutspa	Passer montanus	Eurasian Tree Sparrow	1
49796	245246	45520	eursis	Spinus spinus	Eurasian Siskin	1
49797	245246	45520	fieldf	Turdus pilaris	Fieldfare	1
49806	244740	45524	eurrob1	Erithacus rubecula	European Robin	1
49807	244740	45524	comcha	Fringilla coelebs	Common Chaffinch	1
49808	244740	45524	comchi1	Phylloscopus collybita	Common Chiffchaff	1
49846	244750	45534	wlwwar	Phylloscopus trochilus	Willow Warbler	1
49847	244750	45534	comchi1	Phylloscopus collybita	Common Chiffchaff	1
49848	244750	45534	fieldf	Turdus pilaris	Fieldfare	1
49849	244750	45534	comred2	Phoenicurus phoenicurus	Common Redstart	1
49867	244681	45540	comcha	Fringilla coelebs	Common Chaffinch	1
49868	244681	45540	hoocro1	Corvus cornix	Hooded Crow	1
49869	244682	45541	comcha	Fringilla coelebs	Common Chaffinch	1
49870	244683	45542	comcha	Fringilla coelebs	Common Chaffinch	1
49872	244686	45545	comcha	Fringilla coelebs	Common Chaffinch	1
49873	244687	45546	comcha	Fringilla coelebs	Common Chaffinch	1
49884	244726	45555	comcha	Fringilla coelebs	Common Chaffinch	1
49885	244726	45555	wlwwar	Phylloscopus trochilus	Willow Warbler	1
49894	244732	45561	comred2	Phoenicurus phoenicurus	Common Redstart	1
49895	244732	45561	comcha	Fringilla coelebs	Common Chaffinch	1
49896	244733	45562	comcha	Fringilla coelebs	Common Chaffinch	1
49905	244829	45568	wlwwar	Phylloscopus trochilus	Willow Warbler	1
49906	244829	45568	comcha	Fringilla coelebs	Common Chaffinch	1
49907	244829	45568	fieldf	Turdus pilaris	Fieldfare	1
49908	244829	45568	yellow2	Emberiza citrinella	Yellowhammer	1
49909	244829	45568	hoocro1	Corvus cornix	Hooded Crow	1
49910	244829	45568	trepip	Anthus trivialis	Tree Pipit	1
49911	244830	45569	wlwwar	Phylloscopus trochilus	Willow Warbler	1
49912	244830	45569	fieldf	Turdus pilaris	Fieldfare	1
49913	244830	45569	comcha	Fringilla coelebs	Common Chaffinch	1
49914	244830	45569	yellow2	Emberiza citrinella	Yellowhammer	1
49915	244830	45569	leswhi4	Sylvia curruca	Lesser Whitethroat	1
49916	244830	45569	trepip	Anthus trivialis	Tree Pipit	1
49959	244837	45576	comcha	Fringilla coelebs	Common Chaffinch	1
49960	244837	45576	fieldf	Turdus pilaris	Fieldfare	1
49961	244837	45576	redwin	Turdus iliacus	Redwing	1
49962	244837	45576	trepip	Anthus trivialis	Tree Pipit	1
49963	244837	45576	yellow2	Emberiza citrinella	Yellowhammer	1
49940	244834	45573	yellow2	Emberiza citrinella	Yellowhammer	1
49941	244834	45573	wlwwar	Phylloscopus trochilus	Willow Warbler	1
49942	244834	45573	comcha	Fringilla coelebs	Common Chaffinch	1
49943	244834	45573	trepip	Anthus trivialis	Tree Pipit	1
49944	244834	45573	fieldf	Turdus pilaris	Fieldfare	1
49945	244834	45573	bkhgul	Chroicocephalus ridibundus	Black-headed Gull	1
49952	244836	45575	yellow2	Emberiza citrinella	Yellowhammer	1
49953	244836	45575	leswhi4	Sylvia curruca	Lesser Whitethroat	1
49954	244836	45575	wlwwar	Phylloscopus trochilus	Willow Warbler	1
49955	244836	45575	fieldf	Turdus pilaris	Fieldfare	1
49956	244836	45575	bkhgul	Chroicocephalus ridibundus	Black-headed Gull	1
49957	244836	45575	comcha	Fringilla coelebs	Common Chaffinch	1
49958	244837	45576	wlwwar	Phylloscopus trochilus	Willow Warbler	1
49964	244837	45576	leswhi4	Sylvia curruca	Lesser Whitethroat	1
49965	244837	45576	bkhgul	Chroicocephalus ridibundus	Black-headed Gull	1
49996	244769	45583	comchi1	Phylloscopus collybita	Common Chiffchaff	1
49997	244769	45583	wlwwar	Phylloscopus trochilus	Willow Warbler	1
49998	244769	45583	yellow2	Emberiza citrinella	Yellowhammer	1
49999	244769	45583	comcha	Fringilla coelebs	Common Chaffinch	1
50000	244770	45584	comcha	Fringilla coelebs	Common Chaffinch	1
50001	244770	45584	yellow2	Emberiza citrinella	Yellowhammer	1
50002	244770	45584	comchi1	Phylloscopus collybita	Common Chiffchaff	1
50003	244770	45584	wlwwar	Phylloscopus trochilus	Willow Warbler	1
50004	244770	45584	cowpig1	Columba palumbus	Common Wood-Pigeon	1
50005	244771	45585	wlwwar	Phylloscopus trochilus	Willow Warbler	1
50006	244771	45585	comcha	Fringilla coelebs	Common Chaffinch	1
50007	244771	45585	comchi1	Phylloscopus collybita	Common Chiffchaff	1
50008	244771	45585	yellow2	Emberiza citrinella	Yellowhammer	1
50009	244771	45585	cowpig1	Columba palumbus	Common Wood-Pigeon	1
50015	244773	45587	comcha	Fringilla coelebs	Common Chaffinch	1
50016	244773	45587	wlwwar	Phylloscopus trochilus	Willow Warbler	1
50017	244773	45587	eurcur	Numenius arquata	Eurasian Curlew	1
50022	244775	45589	gretit1	Parus major	Great Tit	1
50023	244775	45589	yellow2	Emberiza citrinella	Yellowhammer	1
50024	244775	45589	wlwwar	Phylloscopus trochilus	Willow Warbler	1
50025	244775	45589	comcha	Fringilla coelebs	Common Chaffinch	1
50026	244775	45589	dunnoc1	Prunella modularis	Dunnock	1
50027	244776	45590	yellow2	Emberiza citrinella	Yellowhammer	1
50028	244776	45590	gretit1	Parus major	Great Tit	1
50029	244776	45590	wlwwar	Phylloscopus trochilus	Willow Warbler	1
50030	244776	45590	cowpig1	Columba palumbus	Common Wood-Pigeon	1
54551	262016	49804	comcha	Fringilla coelebs	Common Chaffinch	1
54552	262016	49804	sonthr1	Turdus philomelos	Song Thrush	1
54553	262016	49804	eupfly1	Ficedula hypoleuca	European Pied Flycatcher	1
54554	262000	49805	comcha	Fringilla coelebs	Common Chaffinch	1
54555	262000	49805	eurbla	Turdus merula	Eurasian Blackbird	1
54560	262012	49807	eupfly1	Ficedula hypoleuca	European Pied Flycatcher	1
54561	262012	49807	wlwwar	Phylloscopus trochilus	Willow Warbler	1
54562	262012	49807	comcha	Fringilla coelebs	Common Chaffinch	1
54563	262012	49807	spofly1	Muscicapa striata	Spotted Flycatcher	1
54564	262012	49807	garwar1	Sylvia borin	Garden Warbler	1
54575	262014	49812	wlwwar	Phylloscopus trochilus	Willow Warbler	1
54576	262014	49812	comcha	Fringilla coelebs	Common Chaffinch	1
54577	262014	49812	goldcr1	Regulus regulus	Goldcrest	1
54578	262014	49812	dunnoc1	Prunella modularis	Dunnock	1
54579	262014	49812	trepip	Anthus trivialis	Tree Pipit	1
54580	261989	49813	comcha	Fringilla coelebs	Common Chaffinch	1
54592	262050	49818	comcha	Fringilla coelebs	Common Chaffinch	1
54593	262050	49818	comred2	Phoenicurus phoenicurus	Common Redstart	1
54594	262050	49818	wlwwar	Phylloscopus trochilus	Willow Warbler	1
54597	262001	49820	wlwwar	Phylloscopus trochilus	Willow Warbler	1
54598	262001	49820	comcha	Fringilla coelebs	Common Chaffinch	1
54599	262001	49820	winwre4	Troglodytes troglodytes	Eurasian Wren	1
54600	262021	49821	comcha	Fringilla coelebs	Common Chaffinch	1
54601	262021	49821	wlwwar	Phylloscopus trochilus	Willow Warbler	1
54602	262021	49821	leswhi4	Sylvia curruca	Lesser Whitethroat	1
54605	261993	49823	gretit1	Parus major	Great Tit	1
54606	261993	49823	dunnoc1	Prunella modularis	Dunnock	1
54607	261993	49823	winwre4	Troglodytes troglodytes	Eurasian Wren	1
54608	261993	49823	comcha	Fringilla coelebs	Common Chaffinch	1
54609	261993	49823	wlwwar	Phylloscopus trochilus	Willow Warbler	1
54613	262084	49825	wlwwar	Phylloscopus trochilus	Willow Warbler	1
54614	262084	49825	comcha	Fringilla coelebs	Common Chaffinch	1
54615	261988	49826	wlwwar	Phylloscopus trochilus	Willow Warbler	1
54616	261988	49826	trepip	Anthus trivialis	Tree Pipit	1
54617	261988	49826	comcha	Fringilla coelebs	Common Chaffinch	1
54618	261988	49826	eurbla	Turdus merula	Eurasian Blackbird	1
54619	261988	49826	gretit1	Parus major	Great Tit	1
54620	262039	49827	trepip	Anthus trivialis	Tree Pipit	1
54621	262039	49827	wlwwar	Phylloscopus trochilus	Willow Warbler	1
54622	262039	49827	eupfly1	Ficedula hypoleuca	European Pied Flycatcher	1
54623	262081	49828	wlwwar	Phylloscopus trochilus	Willow Warbler	1
54624	262081	49828	blared1	Phoenicurus ochruros	Black Redstart	2
54640	262059	49836	comcha	Fringilla coelebs	Common Chaffinch	1
54641	262059	49836	yellow2	Emberiza citrinella	Yellowhammer	2
54642	262059	49836	winwre4	Troglodytes troglodytes	Eurasian Wren	1
54649	262062	49840	wlwwar	Phylloscopus trochilus	Willow Warbler	1
54654	261997	49842	comcha	Fringilla coelebs	Common Chaffinch	1
54655	261997	49842	wlwwar	Phylloscopus trochilus	Willow Warbler	1
54656	261997	49842	eurbla	Turdus merula	Eurasian Blackbird	1
54657	261997	49842	trepip	Anthus trivialis	Tree Pipit	1
54658	262060	49843	wlwwar	Phylloscopus trochilus	Willow Warbler	1
54659	262060	49843	comcha	Fringilla coelebs	Common Chaffinch	1
54660	262061	49844	sonthr1	Turdus philomelos	Song Thrush	1
54661	262061	49844	wlwwar	Phylloscopus trochilus	Willow Warbler	1
54662	262061	49844	comred2	Phoenicurus phoenicurus	Common Redstart	1
54668	262046	49847	wlwwar	Phylloscopus trochilus	Willow Warbler	1
54669	262046	49847	comred2	Phoenicurus phoenicurus	Common Redstart	1
54670	262046	49847	redwin	Turdus iliacus	Redwing	1
54675	262043	49849	wlwwar	Phylloscopus trochilus	Willow Warbler	1
54676	262043	49849	comcha	Fringilla coelebs	Common Chaffinch	1
54677	262043	49849	eupfly1	Ficedula hypoleuca	European Pied Flycatcher	1
54678	262043	49849	eurbla	Turdus merula	Eurasian Blackbird	1
54686	262083	49853	comcha	Fringilla coelebs	Common Chaffinch	1
54687	262083	49853	wlwwar	Phylloscopus trochilus	Willow Warbler	1
54691	261986	49855	wlwwar	Phylloscopus trochilus	Willow Warbler	1
54692	261986	49855	comcha	Fringilla coelebs	Common Chaffinch	1
54693	261986	49855	eupfly1	Ficedula hypoleuca	European Pied Flycatcher	1
54715	262056	49862	comcha	Fringilla coelebs	Common Chaffinch	2
54747	262072	49878	comred2	Phoenicurus phoenicurus	Common Redstart	1
54748	262072	49878	redwin	Turdus iliacus	Redwing	1
54749	262072	49878	wlwwar	Phylloscopus trochilus	Willow Warbler	1
54750	262072	49878	comcha	Fringilla coelebs	Common Chaffinch	1
54783	262082	49895	comcha	Fringilla coelebs	Common Chaffinch	1
54784	262082	49895	eupfly1	Ficedula hypoleuca	European Pied Flycatcher	1
54764	262069	49882	wlwwar	Phylloscopus trochilus	Willow Warbler	1
54765	262069	49882	comcha	Fringilla coelebs	Common Chaffinch	1
54766	262069	49882	eupfly1	Ficedula hypoleuca	European Pied Flycatcher	1
54767	262069	49882	trepip	Anthus trivialis	Tree Pipit	1
54774	262067	49885	comcha	Fringilla coelebs	Common Chaffinch	1
54775	262067	49885	wlwwar	Phylloscopus trochilus	Willow Warbler	1
54776	262067	49885	trepip	Anthus trivialis	Tree Pipit	1
54777	262067	49885	yellow2	Emberiza citrinella	Yellowhammer	1
54785	262082	49895	wlwwar	Phylloscopus trochilus	Willow Warbler	1
54786	262082	49895	winwre4	Troglodytes troglodytes	Eurasian Wren	2
54822	262005	49914	comcha	Fringilla coelebs	Common Chaffinch	1
54823	262005	49914	woowar	Phylloscopus sibilatrix	Wood Warbler	1
54824	262005	49914	sonthr1	Turdus philomelos	Song Thrush	1
54825	262005	49914	yellow2	Emberiza citrinella	Yellowhammer	1
54547	262044	49803	eupfly1	Ficedula hypoleuca	European Pied Flycatcher	1
54548	262044	49803	comcha	Fringilla coelebs	Common Chaffinch	1
54549	262044	49803	blutit	Cyanistes caeruleus	Eurasian Blue Tit	1
54550	262044	49803	wlwwar	Phylloscopus trochilus	Willow Warbler	1
54569	262032	49809	comred2	Phoenicurus phoenicurus	Common Redstart	1
54570	262045	49810	comcha	Fringilla coelebs	Common Chaffinch	1
54571	262045	49810	wlwwar	Phylloscopus trochilus	Willow Warbler	1
54588	261999	49816	gretit1	Parus major	Great Tit	1
54589	261999	49816	comcha	Fringilla coelebs	Common Chaffinch	1
54595	262036	49819	spofly1	Muscicapa striata	Spotted Flycatcher	1
54596	262036	49819	comcha	Fringilla coelebs	Common Chaffinch	1
54628	262003	49831	wlwwar	Phylloscopus trochilus	Willow Warbler	1
54629	262003	49831	eurbla	Turdus merula	Eurasian Blackbird	1
54630	262003	49831	eurtre1	Certhia familiaris	Eurasian Treecreeper	1
54643	262006	49837	wlwwar	Phylloscopus trochilus	Willow Warbler	1
54644	262006	49837	comcha	Fringilla coelebs	Common Chaffinch	1
54645	262006	49837	brambl	Fringilla montifringilla	Brambling	1
54671	262013	49848	eupfly1	Ficedula hypoleuca	European Pied Flycatcher	1
54672	262013	49848	garwar1	Sylvia borin	Garden Warbler	1
54673	262013	49848	wlwwar	Phylloscopus trochilus	Willow Warbler	1
54674	262013	49848	comcha	Fringilla coelebs	Common Chaffinch	1
54683	262042	49852	wlwwar	Phylloscopus trochilus	Willow Warbler	1
54684	262042	49852	eupfly1	Ficedula hypoleuca	European Pied Flycatcher	1
54685	262042	49852	comcha	Fringilla coelebs	Common Chaffinch	1
54688	262065	49854	comcha	Fringilla coelebs	Common Chaffinch	1
54689	262065	49854	sonthr1	Turdus philomelos	Song Thrush	1
54690	262065	49854	goldcr1	Regulus regulus	Goldcrest	1
54694	262068	49856	comcha	Fringilla coelebs	Common Chaffinch	1
54695	262068	49856	eurtre1	Certhia familiaris	Eurasian Treecreeper	1
54708	262085	49861	wlwwar	Phylloscopus trochilus	Willow Warbler	1
54709	262085	49861	comcha	Fringilla coelebs	Common Chaffinch	1
54710	262085	49861	comred2	Phoenicurus phoenicurus	Common Redstart	1
54711	262085	49861	eupfly1	Ficedula hypoleuca	European Pied Flycatcher	1
54712	262085	49861	sonthr1	Turdus philomelos	Song Thrush	1
54713	262085	49861	garwar1	Sylvia borin	Garden Warbler	1
54721	262080	49864	comcha	Fringilla coelebs	Common Chaffinch	1
54722	262080	49864	wlwwar	Phylloscopus trochilus	Willow Warbler	1
54772	262075	49884	comcha	Fringilla coelebs	Common Chaffinch	1
54773	262075	49884	eursis	Spinus spinus	Eurasian Siskin	1
54779	261991	49887	comcha	Fringilla coelebs	Common Chaffinch	1
54780	261991	49887	leswhi4	Sylvia curruca	Lesser Whitethroat	1
54788	262074	49897	eurrob1	Erithacus rubecula	European Robin	1
54789	262074	49897	wlwwar	Phylloscopus trochilus	Willow Warbler	1
54790	262034	49898	trepip	Anthus trivialis	Tree Pipit	1
54791	262034	49898	comcha	Fringilla coelebs	Common Chaffinch	1
54797	262070	49901	wlwwar	Phylloscopus trochilus	Willow Warbler	1
54798	262070	49901	comcha	Fringilla coelebs	Common Chaffinch	1
54799	262070	49901	winwre4	Troglodytes troglodytes	Eurasian Wren	1
54818	262017	49913	redwin	Turdus iliacus	Redwing	1
54819	262017	49913	comcha	Fringilla coelebs	Common Chaffinch	1
54820	262017	49913	goldcr1	Regulus regulus	Goldcrest	1
54821	262017	49913	dunnoc1	Prunella modularis	Dunnock	1
49369	244634	45342	comcha	Fringilla coelebs	Common Chaffinch	1
49370	244634	45342	wlwwar	Phylloscopus trochilus	Willow Warbler	1
49371	244634	45342	eutspa	Passer montanus	Eurasian Tree Sparrow	2
49379	244639	45347	comcha	Fringilla coelebs	Common Chaffinch	1
49380	244639	45347	wlwwar	Phylloscopus trochilus	Willow Warbler	1
49402	244861	45359	skylar	Alauda arvensis	Eurasian Skylark	1
49403	244861	45359	comros	Carpodacus erythrinus	Common Rosefinch	1
49409	244864	45362	comros	Carpodacus erythrinus	Common Rosefinch	1
49410	244864	45362	eurcur	Numenius arquata	Eurasian Curlew	1
49435	244919	45372	eupfly1	Ficedula hypoleuca	European Pied Flycatcher	1
49436	244919	45372	garwar1	Sylvia borin	Garden Warbler	1
49437	244919	45372	wlwwar	Phylloscopus trochilus	Willow Warbler	1
49438	244920	45373	fieldf	Turdus pilaris	Fieldfare	1
49439	244920	45373	spofly1	Muscicapa striata	Spotted Flycatcher	1
49440	244920	45373	garwar1	Sylvia borin	Garden Warbler	1
49441	244920	45373	wlwwar	Phylloscopus trochilus	Willow Warbler	1
49489	244669	45392	comros	Carpodacus erythrinus	Common Rosefinch	1
49490	244669	45392	wlwwar	Phylloscopus trochilus	Willow Warbler	1
49491	244669	45392	comcha	Fringilla coelebs	Common Chaffinch	1
49497	244673	45396	eupfly1	Ficedula hypoleuca	European Pied Flycatcher	1
49498	244673	45396	comros	Carpodacus erythrinus	Common Rosefinch	1
49513	244814	45402	yellow2	Emberiza citrinella	Yellowhammer	1
49514	244815	45403	yellow2	Emberiza citrinella	Yellowhammer	1
49531	244824	45412	yellow2	Emberiza citrinella	Yellowhammer	1
49532	244824	45412	comcha	Fringilla coelebs	Common Chaffinch	1
49533	244825	45413	comcha	Fringilla coelebs	Common Chaffinch	1
49551	244655	45423	redwin	Turdus iliacus	Redwing	1
49552	244655	45423	wlwwar	Phylloscopus trochilus	Willow Warbler	1
49557	244663	45431	wlwwar	Phylloscopus trochilus	Willow Warbler	1
49558	244709	45432	comcha	Fringilla coelebs	Common Chaffinch	1
49559	244709	45432	winwre4	Troglodytes troglodytes	Eurasian Wren	1
49560	244709	45432	eurtre1	Certhia familiaris	Eurasian Treecreeper	1
49561	244709	45432	trepip	Anthus trivialis	Tree Pipit	1
49562	244710	45433	comcha	Fringilla coelebs	Common Chaffinch	1
49563	244710	45433	winwre4	Troglodytes troglodytes	Eurasian Wren	1
49564	244710	45433	wlwwar	Phylloscopus trochilus	Willow Warbler	1
49565	244711	45434	comcha	Fringilla coelebs	Common Chaffinch	1
49578	244716	45439	winwre4	Troglodytes troglodytes	Eurasian Wren	1
49583	244718	45441	comcha	Fringilla coelebs	Common Chaffinch	1
49584	244718	45441	wlwwar	Phylloscopus trochilus	Willow Warbler	1
49585	244718	45441	winwre4	Troglodytes troglodytes	Eurasian Wren	1
49586	244718	45441	hoocro1	Corvus cornix	Hooded Crow	1
49596	244694	45447	redwin	Turdus iliacus	Redwing	1
49600	244696	45449	bkhgul	Chroicocephalus ridibundus	Black-headed Gull	1
49601	244696	45449	blackc1	Sylvia atricapilla	Eurasian Blackcap	1
49602	244696	45449	redwin	Turdus iliacus	Redwing	1
49603	244696	45449	eursis	Spinus spinus	Eurasian Siskin	1
49617	244702	45455	eursis	Spinus spinus	Eurasian Siskin	1
49618	244702	45455	redwin	Turdus iliacus	Redwing	1
49619	244702	45455	comcha	Fringilla coelebs	Common Chaffinch	1
49624	244705	45458	comcha	Fringilla coelebs	Common Chaffinch	1
49625	244705	45458	fieldf	Turdus pilaris	Fieldfare	1
49626	244705	45458	redwin	Turdus iliacus	Redwing	1
49627	244705	45458	eursis	Spinus spinus	Eurasian Siskin	1
49630	244707	45460	fieldf	Turdus pilaris	Fieldfare	1
49631	244707	45460	comcha	Fringilla coelebs	Common Chaffinch	1
49633	244799	45462	wlwwar	Phylloscopus trochilus	Willow Warbler	1
49634	244799	45462	comcha	Fringilla coelebs	Common Chaffinch	1
49637	244801	45464	comcha	Fringilla coelebs	Common Chaffinch	1
49638	244801	45464	gretit1	Parus major	Great Tit	1
49653	244805	45468	eupfly1	Ficedula hypoleuca	European Pied Flycatcher	1
49654	244805	45468	comcha	Fringilla coelebs	Common Chaffinch	1
49655	244805	45468	wlwwar	Phylloscopus trochilus	Willow Warbler	1
49674	244811	45474	comcha	Fringilla coelebs	Common Chaffinch	1
49675	244811	45474	eupfly1	Ficedula hypoleuca	European Pied Flycatcher	1
49676	244811	45474	trepip	Anthus trivialis	Tree Pipit	1
49686	244754	45477	eupfly1	Ficedula hypoleuca	European Pied Flycatcher	1
49701	244759	45482	dunnoc1	Prunella modularis	Dunnock	1
49702	244759	45482	redwin	Turdus iliacus	Redwing	1
49703	244759	45482	eupfly1	Ficedula hypoleuca	European Pied Flycatcher	1
49724	244767	45490	comchi1	Phylloscopus collybita	Common Chiffchaff	1
49725	244767	45490	comcuc	Cuculus canorus	Common Cuckoo	1
49726	244767	45490	eupfly1	Ficedula hypoleuca	European Pied Flycatcher	1
49727	244767	45490	dunnoc1	Prunella modularis	Dunnock	1
49737	244893	45496	wlwwar	Phylloscopus trochilus	Willow Warbler	1
49744	244896	45499	redwin	Turdus iliacus	Redwing	1
49745	244896	45499	wlwwar	Phylloscopus trochilus	Willow Warbler	1
49746	244896	45499	bkhgul	Chroicocephalus ridibundus	Black-headed Gull	1
49747	244896	45499	comcha	Fringilla coelebs	Common Chaffinch	1
49755	244899	45502	wlwwar	Phylloscopus trochilus	Willow Warbler	1
49756	244899	45502	redwin	Turdus iliacus	Redwing	1
49758	244900	45503	wlwwar	Phylloscopus trochilus	Willow Warbler	1
49759	244900	45503	redwin	Turdus iliacus	Redwing	1
49760	244900	45503	arcloo	Gavia arctica	Arctic Loon	2
49763	244902	45505	wlwwar	Phylloscopus trochilus	Willow Warbler	1
49772	245235	45509	eutspa	Passer montanus	Eurasian Tree Sparrow	1
49780	245239	45513	eurmag1	Pica pica	Eurasian Magpie	1
49781	245240	45514	wlwwar	Phylloscopus trochilus	Willow Warbler	1
49785	245243	45517	wlwwar	Phylloscopus trochilus	Willow Warbler	1
49786	245243	45517	redwin	Turdus iliacus	Redwing	1
49787	245243	45517	trepip	Anthus trivialis	Tree Pipit	2
49789	245244	45518	redwin	Turdus iliacus	Redwing	2
49790	245245	45519	eutspa	Passer montanus	Eurasian Tree Sparrow	1
49791	245245	45519	eursis	Spinus spinus	Eurasian Siskin	1
49792	245245	45519	redwin	Turdus iliacus	Redwing	1
49793	245245	45519	goldcr1	Regulus regulus	Goldcrest	1
49802	244739	45523	comred2	Phoenicurus phoenicurus	Common Redstart	1
49803	244739	45523	comcha	Fringilla coelebs	Common Chaffinch	1
49804	244739	45523	eurrob1	Erithacus rubecula	European Robin	1
49805	244739	45523	comchi1	Phylloscopus collybita	Common Chiffchaff	1
49809	244741	45525	eurrob1	Erithacus rubecula	European Robin	1
49810	244741	45525	comcha	Fringilla coelebs	Common Chaffinch	1
49811	244741	45525	comchi1	Phylloscopus collybita	Common Chiffchaff	1
49812	244741	45525	comcuc	Cuculus canorus	Common Cuckoo	1
49824	244745	45529	comcuc	Cuculus canorus	Common Cuckoo	1
49825	244745	45529	comred2	Phoenicurus phoenicurus	Common Redstart	1
49826	244745	45529	comcha	Fringilla coelebs	Common Chaffinch	1
49827	244745	45529	wlwwar	Phylloscopus trochilus	Willow Warbler	1
49828	244745	45529	comchi1	Phylloscopus collybita	Common Chiffchaff	1
49842	244749	45533	comchi1	Phylloscopus collybita	Common Chiffchaff	1
49843	244749	45533	comcha	Fringilla coelebs	Common Chaffinch	1
49844	244749	45533	wlwwar	Phylloscopus trochilus	Willow Warbler	1
49845	244749	45533	comred2	Phoenicurus phoenicurus	Common Redstart	1
49854	244751	45535	wlwwar	Phylloscopus trochilus	Willow Warbler	1
49855	244751	45535	comcha	Fringilla coelebs	Common Chaffinch	1
49856	244751	45535	comchi1	Phylloscopus collybita	Common Chiffchaff	1
49857	244751	45535	comred2	Phoenicurus phoenicurus	Common Redstart	1
49858	244751	45535	comcuc	Cuculus canorus	Common Cuckoo	1
49862	244753	45537	wlwwar	Phylloscopus trochilus	Willow Warbler	1
49863	244753	45537	comred2	Phoenicurus phoenicurus	Common Redstart	1
49864	244753	45537	comcha	Fringilla coelebs	Common Chaffinch	1
49886	244727	45556	comcha	Fringilla coelebs	Common Chaffinch	1
49897	244734	45563	comcha	Fringilla coelebs	Common Chaffinch	1
49898	244734	45563	wlwwar	Phylloscopus trochilus	Willow Warbler	2
49899	244734	45563	comred2	Phoenicurus phoenicurus	Common Redstart	1
49900	244735	45564	comcha	Fringilla coelebs	Common Chaffinch	1
49901	244736	45565	comcha	Fringilla coelebs	Common Chaffinch	1
49902	244737	45566	comcha	Fringilla coelebs	Common Chaffinch	1
49966	244838	45577	yellow2	Emberiza citrinella	Yellowhammer	1
49967	244838	45577	wlwwar	Phylloscopus trochilus	Willow Warbler	1
49968	244838	45577	bkhgul	Chroicocephalus ridibundus	Black-headed Gull	1
49969	244838	45577	comcha	Fringilla coelebs	Common Chaffinch	1
49970	244838	45577	redwin	Turdus iliacus	Redwing	1
49971	244838	45577	leswhi4	Sylvia curruca	Lesser Whitethroat	1
49972	244838	45577	garwar1	Sylvia borin	Garden Warbler	1
49979	244840	45579	wlwwar	Phylloscopus trochilus	Willow Warbler	1
49980	244840	45579	eursis	Spinus spinus	Eurasian Siskin	1
49981	244840	45579	yellow2	Emberiza citrinella	Yellowhammer	1
49982	244840	45579	redwin	Turdus iliacus	Redwing	2
49983	244840	45579	eupfly1	Ficedula hypoleuca	European Pied Flycatcher	1
49990	244842	45581	yellow2	Emberiza citrinella	Yellowhammer	1
49991	244842	45581	wlwwar	Phylloscopus trochilus	Willow Warbler	1
49992	244842	45581	redwin	Turdus iliacus	Redwing	1
49993	244843	45582	yellow2	Emberiza citrinella	Yellowhammer	1
49994	244843	45582	wlwwar	Phylloscopus trochilus	Willow Warbler	1
49995	244843	45582	comcha	Fringilla coelebs	Common Chaffinch	1
50061	244782	45596	dunnoc1	Prunella modularis	Dunnock	1
50062	244782	45596	eurbla	Turdus merula	Eurasian Blackbird	1
50063	244782	45596	comcha	Fringilla coelebs	Common Chaffinch	1
50064	244782	45596	comchi1	Phylloscopus collybita	Common Chiffchaff	1
50069	244784	45598	comsni	Gallinago gallinago	Common Snipe	1
50070	244784	45598	barswa	Hirundo rustica	Barn Swallow	1
50071	244784	45598	wlwwar	Phylloscopus trochilus	Willow Warbler	1
50072	244784	45598	yellow2	Emberiza citrinella	Yellowhammer	1
50079	244787	45601	wlwwar	Phylloscopus trochilus	Willow Warbler	1
50080	244787	45601	comcha	Fringilla coelebs	Common Chaffinch	1
50081	244787	45601	comros	Carpodacus erythrinus	Common Rosefinch	1
50082	244787	45601	fieldf	Turdus pilaris	Fieldfare	1
51316	244790	46908	wlwwar	Phylloscopus trochilus	Willow Warbler	1
51317	244790	46908	fieldf	Turdus pilaris	Fieldfare	1
51318	244790	46908	eurcur	Numenius arquata	Eurasian Curlew	1
51319	244791	46909	fieldf	Turdus pilaris	Fieldfare	1
51320	244791	46909	eurcur	Numenius arquata	Eurasian Curlew	1
51321	244791	46909	wlwwar	Phylloscopus trochilus	Willow Warbler	1
51322	244791	46909	garwar1	Sylvia borin	Garden Warbler	1
51326	244793	46911	wlwwar	Phylloscopus trochilus	Willow Warbler	1
51327	244793	46911	eurcur	Numenius arquata	Eurasian Curlew	1
51328	244793	46911	fieldf	Turdus pilaris	Fieldfare	1
51329	244793	46911	eurrob1	Erithacus rubecula	European Robin	2
51332	244795	46913	wlwwar	Phylloscopus trochilus	Willow Warbler	1
51341	244904	46917	garwar1	Sylvia borin	Garden Warbler	2
51342	244904	46917	wlwwar	Phylloscopus trochilus	Willow Warbler	1
51343	244904	46917	leswhi4	Sylvia curruca	Lesser Whitethroat	1
51344	244904	46917	redwin	Turdus iliacus	Redwing	1
51345	244904	46917	comcha	Fringilla coelebs	Common Chaffinch	1
51356	244908	46921	garwar1	Sylvia borin	Garden Warbler	1
51357	244908	46921	wlwwar	Phylloscopus trochilus	Willow Warbler	1
51358	244908	46921	comcha	Fringilla coelebs	Common Chaffinch	1
51369	244912	46925	rebfly	Ficedula parva	Red-breasted Flycatcher	1
51370	244912	46925	garwar1	Sylvia borin	Garden Warbler	1
51371	244912	46925	comcha	Fringilla coelebs	Common Chaffinch	1
51372	244912	46925	wlwwar	Phylloscopus trochilus	Willow Warbler	1
51373	244913	46926	garwar1	Sylvia borin	Garden Warbler	1
51374	244914	46927	wlwwar	Phylloscopus trochilus	Willow Warbler	1
51375	244914	46927	garwar1	Sylvia borin	Garden Warbler	1
51377	244916	46929	garwar1	Sylvia borin	Garden Warbler	1
51378	244916	46929	wlwwar	Phylloscopus trochilus	Willow Warbler	1
51379	244916	46929	comros	Carpodacus erythrinus	Common Rosefinch	1
51380	244917	46930	comros	Carpodacus erythrinus	Common Rosefinch	1
51381	244917	46930	garwar1	Sylvia borin	Garden Warbler	1
51382	244917	46930	wlwwar	Phylloscopus trochilus	Willow Warbler	1
51383	244917	46930	comcha	Fringilla coelebs	Common Chaffinch	1
51384	244918	46931	comcha	Fringilla coelebs	Common Chaffinch	1
51385	244918	46931	redwin	Turdus iliacus	Redwing	1
51386	244844	46932	comcha	Fringilla coelebs	Common Chaffinch	1
51387	244844	46932	comros	Carpodacus erythrinus	Common Rosefinch	1
51388	244844	46932	fieldf	Turdus pilaris	Fieldfare	1
51400	244850	46938	comcha	Fringilla coelebs	Common Chaffinch	1
51401	244850	46938	fieldf	Turdus pilaris	Fieldfare	1
51422	244856	46944	comcha	Fringilla coelebs	Common Chaffinch	1
51794	244877	47330	bkhgul	Chroicocephalus ridibundus	Black-headed Gull	1
51795	244877	47330	sedwar1	Acrocephalus schoenobaenus	Sedge Warbler	1
51796	244877	47330	reebun	Emberiza schoeniclus	Reed Bunting	1
51797	244877	47330	eurcur	Numenius arquata	Eurasian Curlew	1
52002	244885	47519	reebun	Emberiza schoeniclus	Reed Bunting	1
52003	244885	47519	comcha	Fringilla coelebs	Common Chaffinch	1
52004	244885	47519	eupfly1	Ficedula hypoleuca	European Pied Flycatcher	1
52005	244885	47519	leswhi4	Sylvia curruca	Lesser Whitethroat	1
52006	244885	47519	yellow2	Emberiza citrinella	Yellowhammer	1
52007	244885	47519	whiwag	Motacilla alba	White Wagtail	1
52008	244885	47519	bkhgul	Chroicocephalus ridibundus	Black-headed Gull	1
