species_annotation_id	recording_id	annotation_id	species_code	scientific_name	common_name	occurrence
986	6470	976	tawowl1	Strix aluco	Tawny Owl	1
987	6095	977	redcro	Loxia curvirostra	Red Crossbill	1
988	6095	977	martit2	Poecile palustris	Marsh Tit	2
989	77153	978	meapip1	Anthus pratensis	Meadow Pipit	1
990	76452	979	arcter	Sterna paradisaea	Arctic Tern	1
1002	77948	989	redwin	Turdus iliacus	Redwing	1
995	77079	983	arcter	Sterna paradisaea	Arctic Tern	1
996	77660	985	comred	Acanthis flammea	Common Redpoll	1
997	77660	985	redwin	Turdus iliacus	Redwing	1
998	76691	986	meapip1	Anthus pratensis	Meadow Pipit	1
1015	76798	998	eugplo	Pluvialis apricaria	European Golden-Plover	2
1030	47650	1024	norwhe	Oenanthe oenanthe	Northern Wheatear	2
1037	47271	1030	comrav	Corvus corax	Common Raven	1
1014	76798	998	comsni	Gallinago gallinago	Common Snipe	1
1003	77759	990	arcter	Sterna paradisaea	Arctic Tern	1
1004	78093	991	arcter	Sterna paradisaea	Arctic Tern	1
1005	76828	992	whimbr	Numenius phaeopus	Whimbrel	1
1006	76828	992	arcter	Sterna paradisaea	Arctic Tern	1
1019	34939	1005	comrav	Corvus corax	Common Raven	1
1020	34796	1008	comrav	Corvus corax	Common Raven	1
1027	47639	1019	comred	Acanthis flammea	Common Redpoll	2
1028	47639	1019	hoared	Acanthis hornemanni	Hoary Redpoll	2
1029	47639	1019	laplon	Calcarius lapponicus	Lapland Longspur	1
1033	47334	1028	comrav	Corvus corax	Common Raven	1
1034	47575	1029	comrav	Corvus corax	Common Raven	1
1035	47575	1029	comred	Acanthis flammea	Common Redpoll	2
1036	47575	1029	hoared	Acanthis hornemanni	Hoary Redpoll	2
985	6085	973	goldcr1	Regulus regulus	Goldcrest	1
991	77468	980	redwin	Turdus iliacus	Redwing	1
992	77780	981	redwin	Turdus iliacus	Redwing	1
993	76459	982	euroys1	Haematopus ostralegus	Eurasian Oystercatcher	1
999	78086	987	eugplo	Pluvialis apricaria	European Golden-Plover	1
1000	78086	987	arcter	Sterna paradisaea	Arctic Tern	1
1001	77313	988	arcter	Sterna paradisaea	Arctic Tern	1
1009	77867	994	comsni	Gallinago gallinago	Common Snipe	1
1010	77867	994	redwin	Turdus iliacus	Redwing	1
1018	77039	1000	arcter	Sterna paradisaea	Arctic Tern	1
1012	77523	995	redwin	Turdus iliacus	Redwing	1
1016	77934	999	comred	Acanthis flammea	Common Redpoll	1
1017	77039	1000	redwin	Turdus iliacus	Redwing	1
1031	47462	1025	comrav	Corvus corax	Common Raven	1
1032	47683	1026	comrav	Corvus corax	Common Raven	1
4626	82264	4710	gretit1	Parus major	Great Tit	1
4627	82264	4710	eurtre1	Certhia familiaris	Eurasian Treecreeper	2
4628	82230	4712	trepip	Anthus trivialis	Tree Pipit	1
4629	82230	4712	gretit1	Parus major	Great Tit	1
4630	82230	4712	eurrob1	Erithacus rubecula	European Robin	1
4653	82235	4912	sonthr1	Turdus philomelos	Song Thrush	1
4654	82235	4912	eurrob1	Erithacus rubecula	European Robin	1
7279	141180	9716	grewar3	Phylloscopus trochiloides	Greenish Warbler	1
7282	141184	9720	grewar3	Phylloscopus trochiloides	Greenish Warbler	1
7283	141187	9723	grewar3	Phylloscopus trochiloides	Greenish Warbler	1
7284	141188	9724	grewar3	Phylloscopus trochiloides	Greenish Warbler	1
7287	141193	9729	grewar3	Phylloscopus trochiloides	Greenish Warbler	1
7289	141195	9731	grewar3	Phylloscopus trochiloides	Greenish Warbler	1
7290	141195	9731	comcha	Fringilla coelebs	Common Chaffinch	1
7286	141192	9728	grewar3	Phylloscopus trochiloides	Greenish Warbler	1
7288	141194	9730	grewar3	Phylloscopus trochiloides	Greenish Warbler	1
7281	141181	9717	grewar3	Phylloscopus trochiloides	Greenish Warbler	1
7285	141190	9726	grewar3	Phylloscopus trochiloides	Greenish Warbler	1
24891	34794	25978	comrav	Corvus corax	Common Raven	1
24892	139742	25984	meapip1	Anthus pratensis	Meadow Pipit	1
24893	139742	25984	comred	Acanthis flammea	Common Redpoll	1
24898	139896	25989	redwin	Turdus iliacus	Redwing	1
24899	139896	25989	fieldf	Turdus pilaris	Fieldfare	1
24900	139896	25989	comred	Acanthis flammea	Common Redpoll	1
24901	139896	25989	brambl	Fringilla montifringilla	Brambling	1
24902	139332	25992	wilpta	Lagopus lagopus	Willow Ptarmigan	1
24910	139684	26012	brambl	Fringilla montifringilla	Brambling	1
25296	2236	26316	hoocro1	Corvus cornix	Hooded Crow	1
25297	214	26318	houspa	Passer domesticus	House Sparrow	1
25298	2263	26319	hoocro1	Corvus cornix	Hooded Crow	1
25300	704	26322	hergul	Larus argentatus	Herring Gull	1
25302	976	26327	houspa	Passer domesticus	House Sparrow	1
25303	976	26327	houcro1	Corvus splendens	House Crow	1
25304	976	26327	euroys1	Haematopus ostralegus	Eurasian Oystercatcher	1
25305	941	26328	mallar3	Anas platyrhynchos	Mallard	1
25306	941	26328	hoocro1	Corvus cornix	Hooded Crow	1
25307	1793	26333	eurrob1	Erithacus rubecula	European Robin	1
25308	277	26335	hoocro1	Corvus cornix	Hooded Crow	1
25309	277	26335	mallar3	Anas platyrhynchos	Mallard	1
25310	1026	26337	hoocro1	Corvus cornix	Hooded Crow	1
25311	1026	26337	eurbla	Turdus merula	Eurasian Blackbird	1
25312	1026	26337	sonthr1	Turdus philomelos	Song Thrush	1
25313	1026	26337	eurrob1	Erithacus rubecula	European Robin	2
25314	1932	26338	gragoo	Anser anser	Graylag Goose	1
25319	47340	26345	comred	Acanthis flammea	Common Redpoll	1
25325	47419	26358	laplon	Calcarius lapponicus	Lapland Longspur	1
25327	47396	26360	comred	Acanthis flammea	Common Redpoll	1
25330	47570	26363	comred	Acanthis flammea	Common Redpoll	1
25331	47428	26365	norwhe	Oenanthe oenanthe	Northern Wheatear	1
25332	47349	26366	redwin	Turdus iliacus	Redwing	1
25334	47414	26368	norwhe	Oenanthe oenanthe	Northern Wheatear	1
25335	47414	26368	redwin	Turdus iliacus	Redwing	1
25341	119601	26377	comgre	Tringa nebularia	Common Greenshank	1
25342	119601	26377	meapip1	Anthus pratensis	Meadow Pipit	1
25343	119932	26378	meapip1	Anthus pratensis	Meadow Pipit	1
25361	91700	26403	trepip	Anthus trivialis	Tree Pipit	1
25355	91276	26394	eurrob1	Erithacus rubecula	European Robin	1
25356	91276	26394	wlwwar	Phylloscopus trochilus	Willow Warbler	2
25359	91934	26402	eurtre1	Certhia familiaris	Eurasian Treecreeper	1
25360	91700	26403	eurrob1	Erithacus rubecula	European Robin	1
24905	139190	25995	comred	Acanthis flammea	Common Redpoll	1
24906	139190	25995	gyhchi	Poecile cinctus	Gray-headed Chickadee	1
24903	140093	25993	wilpta	Lagopus lagopus	Willow Ptarmigan	1
24911	139232	26013	meapip1	Anthus pratensis	Meadow Pipit	1
24912	139232	26013	eaywag1	Motacilla flava	Western Yellow Wagtail	1
24913	139504	26014	redwin	Turdus iliacus	Redwing	1
25299	1480	26321	hoocro1	Corvus cornix	Hooded Crow	1
25315	47310	26339	comred	Acanthis flammea	Common Redpoll	1
25316	47291	26341	norwhe	Oenanthe oenanthe	Northern Wheatear	1
25318	47518	26343	comred	Acanthis flammea	Common Redpoll	1
25320	47492	26347	comred	Acanthis flammea	Common Redpoll	1
25321	47458	26349	comred	Acanthis flammea	Common Redpoll	1
25323	47427	26356	norwhe	Oenanthe oenanthe	Northern Wheatear	1
25324	47707	26357	redwin	Turdus iliacus	Redwing	1
25333	47626	26367	comred	Acanthis flammea	Common Redpoll	1
25336	47425	26369	laplon	Calcarius lapponicus	Lapland Longspur	1
25340	119734	26375	norwhe	Oenanthe oenanthe	Northern Wheatear	1
25346	119397	26381	corplo	Charadrius hiaticula	Common Ringed Plover	1
25349	119708	26385	meapip1	Anthus pratensis	Meadow Pipit	1
25350	119709	26388	meapip1	Anthus pratensis	Meadow Pipit	1
25351	119796	26389	meapip1	Anthus pratensis	Meadow Pipit	1
24894	139478	25985	fieldf	Turdus pilaris	Fieldfare	1
24895	139974	25987	hoocro1	Corvus cornix	Hooded Crow	1
24904	139737	25994	comred	Acanthis flammea	Common Redpoll	1
24907	140047	26004	comred	Acanthis flammea	Common Redpoll	1
24908	139598	26007	comred	Acanthis flammea	Common Redpoll	1
24909	139980	26009	comred	Acanthis flammea	Common Redpoll	1
24914	29612	26015	cohmar1	Delichon urbicum	Common House-Martin	1
25317	47490	26342	comred	Acanthis flammea	Common Redpoll	1
25322	47380	26355	redwin	Turdus iliacus	Redwing	1
25326	47714	26359	perfal	Falco peregrinus	Peregrine Falcon	1
25328	47333	26361	comred	Acanthis flammea	Common Redpoll	1
25329	47394	26362	comred	Acanthis flammea	Common Redpoll	1
25337	47321	26372	redwin	Turdus iliacus	Redwing	1
25338	47335	26373	redwin	Turdus iliacus	Redwing	1
25339	47335	26373	comred	Acanthis flammea	Common Redpoll	1
25344	119646	26379	meapip1	Anthus pratensis	Meadow Pipit	1
25345	119714	26380	mewgul	Larus canus	Mew Gull	1
25347	119784	26382	eurdot	Charadrius morinellus	Eurasian Dotterel	2
25348	119680	26384	meapip1	Anthus pratensis	Meadow Pipit	1
25352	91310	26391	coatit2	Periparus ater	Coal Tit	1
25357	91325	26398	trepip	Anthus trivialis	Tree Pipit	1
25358	91790	26399	eugwoo2	Picus viridis	Eurasian Green Woodpecker	1
56131	193672	51285	brbrol1	Eurystomus glaucurus	Broad-billed Roller	1
