species_annotation_id	recording_id	annotation_id	species_code	scientific_name	common_name	occurrence
39677	93995	38287	tawowl1	Strix aluco	Tawny Owl	1
39679	2700	38289	goldcr1	Regulus regulus	Goldcrest	1
39680	2700	38289	eurbla	Turdus merula	Eurasian Blackbird	1
39681	2700	38289	leswhi4	Sylvia curruca	Lesser Whitethroat	1
39682	2700	38289	grswoo	Dendrocopos major	Great Spotted Woodpecker	1
39683	2700	38289	blutit	Cyanistes caeruleus	Eurasian Blue Tit	2
39684	81616	38290	gretit1	Parus major	Great Tit	1
39685	81616	38290	eursis	Spinus spinus	Eurasian Siskin	1
39687	3782	38292	cangoo	Branta canadensis	Canada Goose	1
39688	2875	38293	gretit1	Parus major	Great Tit	1
39689	2875	38293	comchi1	Phylloscopus collybita	Common Chiffchaff	1
39690	2875	38293	comcha	Fringilla coelebs	Common Chaffinch	1
39691	81551	38294	grswoo	Dendrocopos major	Great Spotted Woodpecker	1
39692	81551	38294	eurrob1	Erithacus rubecula	European Robin	1
39703	81410	38304	goldcr1	Regulus regulus	Goldcrest	1
39714	4033	38314	eurmag1	Pica pica	Eurasian Magpie	1
39715	4033	38314	sonthr1	Turdus philomelos	Song Thrush	1
39827	94063	38379	gretit1	Parus major	Great Tit	1
39832	3797	38383	lottit1	Aegithalos caudatus	Long-tailed Tit	2
39858	93358	38400	eurtre1	Certhia familiaris	Eurasian Treecreeper	1
39859	93358	38400	comcha	Fringilla coelebs	Common Chaffinch	2
40125	3992	38555	gretit1	Parus major	Great Tit	1
40126	3603	38557	whinch1	Saxicola rubetra	Whinchat	1
40127	3603	38557	comcha	Fringilla coelebs	Common Chaffinch	1
40128	3603	38557	eupfly1	Ficedula hypoleuca	European Pied Flycatcher	1
40144	4078	38568	leswhi4	Sylvia curruca	Lesser Whitethroat	1
40145	4078	38568	blackc1	Sylvia atricapilla	Eurasian Blackcap	1
40146	4078	38568	wlwwar	Phylloscopus trochilus	Willow Warbler	1
40147	4078	38568	gretit1	Parus major	Great Tit	2
40149	3696	38571	eurrob1	Erithacus rubecula	European Robin	1
40150	3696	38571	comcra	Grus grus	Common Crane	1
40160	3579	38584	comred2	Phoenicurus phoenicurus	Common Redstart	1
40162	93302	38587	eurrob1	Erithacus rubecula	European Robin	1
39678	94225	38288	comcha	Fringilla coelebs	Common Chaffinch	1
39694	3601	38296	whinch1	Saxicola rubetra	Whinchat	1
39695	3601	38296	spofly1	Muscicapa striata	Spotted Flycatcher	1
39708	3659	38310	comrav	Corvus corax	Common Raven	1
39709	3659	38310	eursis	Spinus spinus	Eurasian Siskin	1
39712	81235	38313	hoocro1	Corvus cornix	Hooded Crow	1
39713	81235	38313	blutit	Cyanistes caeruleus	Eurasian Blue Tit	1
39826	3011	38378	eurnut2	Sitta europaea	Eurasian Nuthatch	1
39850	2851	38394	blackc1	Sylvia atricapilla	Eurasian Blackcap	1
39851	2851	38394	wlwwar	Phylloscopus trochilus	Willow Warbler	1
39852	93357	38395	eurrob1	Erithacus rubecula	European Robin	1
39853	93487	38396	winwre4	Troglodytes troglodytes	Eurasian Wren	1
39854	3837	38397	comrav	Corvus corax	Common Raven	1
39855	3837	38397	blutit	Cyanistes caeruleus	Eurasian Blue Tit	1
39860	93327	38401	eurjay1	Garrulus glandarius	Eurasian Jay	1
39861	93327	38401	gretit1	Parus major	Great Tit	1
39862	93327	38401	goldcr1	Regulus regulus	Goldcrest	1
40130	93982	38559	comcha	Fringilla coelebs	Common Chaffinch	1
40140	3345	38566	comrav	Corvus corax	Common Raven	1
40124	81899	38553	winwre4	Troglodytes troglodytes	Eurasian Wren	1
40129	93980	38558	wiltit1	Poecile montanus	Willow Tit	1
40141	3345	38566	eurgol	Carduelis carduelis	European Goldfinch	1
39686	4027	38291	leswhi4	Sylvia curruca	Lesser Whitethroat	2
39705	4128	38305	eurtre1	Certhia familiaris	Eurasian Treecreeper	1
39704	4128	38305	gretit1	Parus major	Great Tit	1
39833	93936	38384	goldcr1	Regulus regulus	Goldcrest	1
39834	93936	38384	blutit	Cyanistes caeruleus	Eurasian Blue Tit	1
39835	93936	38384	gretit1	Parus major	Great Tit	1
39848	3599	38392	eurrob1	Erithacus rubecula	European Robin	1
39856	93702	38399	comrav	Corvus corax	Common Raven	1
39857	93702	38399	eurtre1	Certhia familiaris	Eurasian Treecreeper	1
39863	93862	38403	coatit2	Periparus ater	Coal Tit	1
39864	81929	38405	eurbla	Turdus merula	Eurasian Blackbird	1
39865	81929	38405	goldcr1	Regulus regulus	Goldcrest	1
40118	2868	38550	eurbla	Turdus merula	Eurasian Blackbird	1
40119	2868	38550	eupfly1	Ficedula hypoleuca	European Pied Flycatcher	1
40120	2868	38550	wlwwar	Phylloscopus trochilus	Willow Warbler	1
40121	93905	38552	goldcr1	Regulus regulus	Goldcrest	1
40122	93905	38552	azutit2	Cyanistes cyanus	Azure Tit	1
40123	93905	38552	wiltit1	Poecile montanus	Willow Tit	1
40135	3112	38561	gretit1	Parus major	Great Tit	1
40142	4504	38567	garwar1	Sylvia borin	Garden Warbler	1
40143	4504	38567	comcha	Fringilla coelebs	Common Chaffinch	1
40148	3702	38569	ictwar1	Hippolais icterina	Icterine Warbler	1
40152	3629	38573	cowpig1	Columba palumbus	Common Wood-Pigeon	1
40159	4215	38583	comcha	Fringilla coelebs	Common Chaffinch	1
40161	93616	38586	gretit1	Parus major	Great Tit	1
40163	81636	38588	comrav	Corvus corax	Common Raven	1
39594	86851	38232	skylar	Alauda arvensis	Eurasian Skylark	1
39710	81890	38311	gretit1	Parus major	Great Tit	1
39824	93962	38377	comcha	Fringilla coelebs	Common Chaffinch	1
39825	93962	38377	goldcr1	Regulus regulus	Goldcrest	1
39828	93865	38380	eursis	Spinus spinus	Eurasian Siskin	1
39829	93865	38380	goldcr1	Regulus regulus	Goldcrest	1
39830	93865	38380	brambl	Fringilla montifringilla	Brambling	1
39831	81916	38381	eurnut2	Sitta europaea	Eurasian Nuthatch	1
39836	4545	38386	cretit2	Lophophanes cristatus	Crested Tit	1
39837	2992	38387	comcha	Fringilla coelebs	Common Chaffinch	1
39838	2992	38387	gretit1	Parus major	Great Tit	1
39840	93968	38389	blutit	Cyanistes caeruleus	Eurasian Blue Tit	1
39841	93968	38389	goldcr1	Regulus regulus	Goldcrest	1
39846	94208	38391	fieldf	Turdus pilaris	Fieldfare	1
39847	94208	38391	gretit1	Parus major	Great Tit	2
40131	3091	38560	cangoo	Branta canadensis	Canada Goose	1
40132	3091	38560	comcha	Fringilla coelebs	Common Chaffinch	1
40133	3091	38560	eurrob1	Erithacus rubecula	European Robin	2
40134	3091	38560	eurmag1	Pica pica	Eurasian Magpie	1
40136	81727	38563	gretit1	Parus major	Great Tit	1
40137	3009	38565	eurtre1	Certhia familiaris	Eurasian Treecreeper	1
40138	3009	38565	redwin	Turdus iliacus	Redwing	1
40139	3009	38565	eurbla	Turdus merula	Eurasian Blackbird	1
40151	93559	38572	eurtre1	Certhia familiaris	Eurasian Treecreeper	1
40153	94082	38575	coatit2	Periparus ater	Coal Tit	1
58618	276613	53132	gretit1	Parus major	Great Tit	1
58619	276613	53132	trepip	Anthus trivialis	Tree Pipit	1
58620	276614	53133	eurrob1	Erithacus rubecula	European Robin	1
58621	276614	53133	comcha	Fringilla coelebs	Common Chaffinch	1
58622	276614	53133	goldcr1	Regulus regulus	Goldcrest	1
58651	276618	53137	eursis	Spinus spinus	Eurasian Siskin	1
58652	276618	53137	eurbla	Turdus merula	Eurasian Blackbird	1
58653	276618	53137	comcha	Fringilla coelebs	Common Chaffinch	1
58654	276619	53138	winwre4	Troglodytes troglodytes	Eurasian Wren	1
58655	276619	53138	comcha	Fringilla coelebs	Common Chaffinch	1
58640	276617	53136	goldcr1	Regulus regulus	Goldcrest	1
58641	276617	53136	winwre4	Troglodytes troglodytes	Eurasian Wren	1
58642	276617	53136	trepip	Anthus trivialis	Tree Pipit	1
58643	276617	53136	comcha	Fringilla coelebs	Common Chaffinch	1
58644	276617	53136	eurrob1	Erithacus rubecula	European Robin	1
58645	276617	53136	woowar	Phylloscopus sibilatrix	Wood Warbler	2
58650	276618	53137	trepip	Anthus trivialis	Tree Pipit	1
58660	276621	53140	eurtre1	Certhia familiaris	Eurasian Treecreeper	1
58669	276623	53142	eurrob1	Erithacus rubecula	European Robin	1
58670	276623	53142	comcha	Fringilla coelebs	Common Chaffinch	1
58671	276623	53142	wlwwar	Phylloscopus trochilus	Willow Warbler	1
58672	276623	53142	winwre4	Troglodytes troglodytes	Eurasian Wren	1
58673	276624	53143	comcha	Fringilla coelebs	Common Chaffinch	1
58674	276624	53143	trepip	Anthus trivialis	Tree Pipit	1
58675	276624	53143	winwre4	Troglodytes troglodytes	Eurasian Wren	1
58676	276624	53143	gretit1	Parus major	Great Tit	1
58698	276628	53147	goldcr1	Regulus regulus	Goldcrest	1
58699	276628	53147	comcha	Fringilla coelebs	Common Chaffinch	1
58700	276628	53147	wlwwar	Phylloscopus trochilus	Willow Warbler	1
58701	276628	53147	redcro	Loxia curvirostra	Red Crossbill	1
58702	276628	53147	eursis	Spinus spinus	Eurasian Siskin	1
58741	276639	53158	wlwwar	Phylloscopus trochilus	Willow Warbler	1
58742	276639	53158	goldcr1	Regulus regulus	Goldcrest	1
58743	276639	53158	gretit1	Parus major	Great Tit	1
58767	276642	53167	sonthr1	Turdus philomelos	Song Thrush	1
58768	276642	53167	winwre4	Troglodytes troglodytes	Eurasian Wren	1
58780	276646	53171	goldcr1	Regulus regulus	Goldcrest	1
58781	276646	53171	eurtre1	Certhia familiaris	Eurasian Treecreeper	1
58785	276648	53173	gretit1	Parus major	Great Tit	1
58786	276648	53173	comcha	Fringilla coelebs	Common Chaffinch	1
58787	276648	53173	trepip	Anthus trivialis	Tree Pipit	1
58788	276648	53173	winwre4	Troglodytes troglodytes	Eurasian Wren	1
58789	276648	53173	wlwwar	Phylloscopus trochilus	Willow Warbler	1
58790	276648	53173	eupfly1	Ficedula hypoleuca	European Pied Flycatcher	1
58795	276650	53175	trepip	Anthus trivialis	Tree Pipit	1
58796	276650	53175	comcha	Fringilla coelebs	Common Chaffinch	1
58797	276650	53175	winwre4	Troglodytes troglodytes	Eurasian Wren	1
58798	276650	53175	comchi1	Phylloscopus collybita	Common Chiffchaff	1
58799	276650	53175	spofly1	Muscicapa striata	Spotted Flycatcher	1
58800	276650	53175	eursis	Spinus spinus	Eurasian Siskin	1
58801	276650	53175	wlwwar	Phylloscopus trochilus	Willow Warbler	1
58807	276652	53177	trepip	Anthus trivialis	Tree Pipit	1
58808	276652	53177	comcha	Fringilla coelebs	Common Chaffinch	1
58809	276652	53177	sonthr1	Turdus philomelos	Song Thrush	1
58810	276652	53177	goldcr1	Regulus regulus	Goldcrest	1
58811	276652	53177	gretit1	Parus major	Great Tit	1
58812	276653	53178	eursis	Spinus spinus	Eurasian Siskin	1
58813	276653	53178	comcha	Fringilla coelebs	Common Chaffinch	1
58814	276653	53178	cowpig1	Columba palumbus	Common Wood-Pigeon	1
58815	276653	53178	eurbla	Turdus merula	Eurasian Blackbird	2
58820	276655	53180	trepip	Anthus trivialis	Tree Pipit	1
58821	276655	53180	goldcr1	Regulus regulus	Goldcrest	1
58822	276655	53180	comcha	Fringilla coelebs	Common Chaffinch	1
58823	276655	53180	gretit1	Parus major	Great Tit	1
58824	276655	53180	sonthr1	Turdus philomelos	Song Thrush	1
58835	276658	53183	trepip	Anthus trivialis	Tree Pipit	1
58836	276658	53183	sonthr1	Turdus philomelos	Song Thrush	1
58837	276658	53183	winwre4	Troglodytes troglodytes	Eurasian Wren	1
58838	276658	53183	grnsan	Tringa ochropus	Green Sandpiper	1
58839	276658	53183	wlwwar	Phylloscopus trochilus	Willow Warbler	1
58840	276658	53183	comcha	Fringilla coelebs	Common Chaffinch	1
58871	276666	53191	goldcr1	Regulus regulus	Goldcrest	1
58872	276666	53191	comcha	Fringilla coelebs	Common Chaffinch	1
58873	276666	53191	eurrob1	Erithacus rubecula	European Robin	1
58874	276666	53191	wlwwar	Phylloscopus trochilus	Willow Warbler	1
58894	276672	53197	goldcr1	Regulus regulus	Goldcrest	1
58895	276672	53197	comcha	Fringilla coelebs	Common Chaffinch	1
58896	276672	53197	dunnoc1	Prunella modularis	Dunnock	1
58897	276672	53197	eurrob1	Erithacus rubecula	European Robin	2
58898	276672	53197	wlwwar	Phylloscopus trochilus	Willow Warbler	1
58899	276672	53197	redcro	Loxia curvirostra	Red Crossbill	1
58905	276674	53199	wiltit1	Poecile montanus	Willow Tit	1
58906	276674	53199	fieldf	Turdus pilaris	Fieldfare	1
58907	276674	53199	redwin	Turdus iliacus	Redwing	1
58908	276674	53199	cowpig1	Columba palumbus	Common Wood-Pigeon	1
58909	276674	53199	cretit2	Lophophanes cristatus	Crested Tit	1
58910	276675	53200	eurrob1	Erithacus rubecula	European Robin	1
58911	276675	53200	eurwoo	Scolopax rusticola	Eurasian Woodcock	1
58919	276678	53203	eursis	Spinus spinus	Eurasian Siskin	1
58920	276678	53203	winwre4	Troglodytes troglodytes	Eurasian Wren	1
58921	276678	53203	redcro	Loxia curvirostra	Red Crossbill	1
58922	276679	53204	eurbla	Turdus merula	Eurasian Blackbird	1
58923	276679	53204	blackc1	Sylvia atricapilla	Eurasian Blackcap	1
58924	276679	53204	wlwwar	Phylloscopus trochilus	Willow Warbler	1
58925	276679	53204	cowpig1	Columba palumbus	Common Wood-Pigeon	1
58926	276679	53204	sonthr1	Turdus philomelos	Song Thrush	1
58927	276679	53204	eurrob1	Erithacus rubecula	European Robin	1
58965	276681	53239	eurrob1	Erithacus rubecula	European Robin	1
58966	276681	53239	eurbla	Turdus merula	Eurasian Blackbird	1
58967	276681	53239	coatit2	Periparus ater	Coal Tit	1
58968	276681	53239	cowpig1	Columba palumbus	Common Wood-Pigeon	1
58969	276681	53239	sonthr1	Turdus philomelos	Song Thrush	1
58970	276681	53239	wlwwar	Phylloscopus trochilus	Willow Warbler	1
58971	276681	53239	cohmar1	Delichon urbicum	Common House-Martin	1
58972	276681	53239	goldcr1	Regulus regulus	Goldcrest	1
58973	276682	53240	eurrob1	Erithacus rubecula	European Robin	1
58974	276682	53240	goldcr1	Regulus regulus	Goldcrest	1
58975	276682	53240	winwre4	Troglodytes troglodytes	Eurasian Wren	1
58976	276682	53240	wlwwar	Phylloscopus trochilus	Willow Warbler	1
58977	276682	53240	trepip	Anthus trivialis	Tree Pipit	1
58978	276682	53240	spofly1	Muscicapa striata	Spotted Flycatcher	1
58979	276682	53240	comcha	Fringilla coelebs	Common Chaffinch	1
58980	276682	53240	eursis	Spinus spinus	Eurasian Siskin	1
58981	276682	53240	eurbla	Turdus merula	Eurasian Blackbird	1
58992	276686	53244	winwre4	Troglodytes troglodytes	Eurasian Wren	1
58993	276686	53244	eurbla	Turdus merula	Eurasian Blackbird	1
58994	276686	53244	coatit2	Periparus ater	Coal Tit	1
58995	276686	53244	wiltit1	Poecile montanus	Willow Tit	1
59002	276688	53246	winwre4	Troglodytes troglodytes	Eurasian Wren	1
59003	276688	53246	eurbla	Turdus merula	Eurasian Blackbird	1
59018	276692	53250	comcha	Fringilla coelebs	Common Chaffinch	1
59019	276692	53250	eurbla	Turdus merula	Eurasian Blackbird	1
59020	276692	53250	goldcr1	Regulus regulus	Goldcrest	1
59021	276692	53250	eurrob1	Erithacus rubecula	European Robin	1
59028	276694	53252	redwin	Turdus iliacus	Redwing	1
59039	276697	53255	trepip	Anthus trivialis	Tree Pipit	1
59040	276697	53255	eursis	Spinus spinus	Eurasian Siskin	1
59041	276697	53255	blutit	Cyanistes caeruleus	Eurasian Blue Tit	1
59042	276697	53255	goldcr1	Regulus regulus	Goldcrest	1
59057	276699	53261	comcha	Fringilla coelebs	Common Chaffinch	1
59058	276699	53261	blackc1	Sylvia atricapilla	Eurasian Blackcap	1
59059	276699	53261	spofly1	Muscicapa striata	Spotted Flycatcher	1
59060	276699	53261	woowar	Phylloscopus sibilatrix	Wood Warbler	1
59061	276699	53261	eurrob1	Erithacus rubecula	European Robin	1
59062	276699	53261	eurbla	Turdus merula	Eurasian Blackbird	1
59063	276699	53261	winwre4	Troglodytes troglodytes	Eurasian Wren	1
59064	276699	53261	wlwwar	Phylloscopus trochilus	Willow Warbler	1
59065	276699	53261	eurtre1	Certhia familiaris	Eurasian Treecreeper	1
59147	276708	53273	eurrob1	Erithacus rubecula	European Robin	1
59148	276708	53273	eurbla	Turdus merula	Eurasian Blackbird	1
59149	276708	53273	winwre4	Troglodytes troglodytes	Eurasian Wren	1
59150	276708	53273	sonthr1	Turdus philomelos	Song Thrush	1
59151	276708	53273	redwin	Turdus iliacus	Redwing	1
59152	276708	53273	blackc1	Sylvia atricapilla	Eurasian Blackcap	1
59153	276709	53274	winwre4	Troglodytes troglodytes	Eurasian Wren	1
59154	276709	53274	eurbla	Turdus merula	Eurasian Blackbird	1
59155	276709	53274	eurrob1	Erithacus rubecula	European Robin	1
59156	276709	53274	comcha	Fringilla coelebs	Common Chaffinch	1
59157	276709	53274	goldcr1	Regulus regulus	Goldcrest	1
59158	276709	53274	eurgre1	Chloris chloris	European Greenfinch	1
59159	276709	53274	trepip	Anthus trivialis	Tree Pipit	1
59160	276710	53275	eurbla	Turdus merula	Eurasian Blackbird	1
59161	276710	53275	goldcr1	Regulus regulus	Goldcrest	1
59162	276710	53275	comcha	Fringilla coelebs	Common Chaffinch	1
59163	276710	53275	blutit	Cyanistes caeruleus	Eurasian Blue Tit	1
59164	276710	53275	eurrob1	Erithacus rubecula	European Robin	1
59165	276710	53275	trepip	Anthus trivialis	Tree Pipit	1
59166	276710	53275	eurtre1	Certhia familiaris	Eurasian Treecreeper	1
59167	276710	53275	cretit2	Lophophanes cristatus	Crested Tit	1
59183	276713	53278	winwre4	Troglodytes troglodytes	Eurasian Wren	1
59184	276713	53278	eurrob1	Erithacus rubecula	European Robin	1
59185	276713	53278	eupfly1	Ficedula hypoleuca	European Pied Flycatcher	2
57987	276511	52985	gretit1	Parus major	Great Tit	1
57986	276511	52985	redwin	Turdus iliacus	Redwing	1
57988	276511	52985	eurrob1	Erithacus rubecula	European Robin	1
57989	276511	52985	winwre4	Troglodytes troglodytes	Eurasian Wren	1
57990	276511	52985	comcha	Fringilla coelebs	Common Chaffinch	1
58021	276519	52999	eurtre1	Certhia familiaris	Eurasian Treecreeper	1
58007	276515	52995	comred2	Phoenicurus phoenicurus	Common Redstart	1
58008	276516	52996	blutit	Cyanistes caeruleus	Eurasian Blue Tit	1
58009	276516	52996	gretit1	Parus major	Great Tit	1
58010	276516	52996	wlwwar	Phylloscopus trochilus	Willow Warbler	1
58011	276516	52996	eursis	Spinus spinus	Eurasian Siskin	1
58012	276516	52996	eurgol	Carduelis carduelis	European Goldfinch	1
58013	276516	52996	spofly1	Muscicapa striata	Spotted Flycatcher	2
58020	276519	52999	eursis	Spinus spinus	Eurasian Siskin	1
58022	276519	52999	wiltit1	Poecile montanus	Willow Tit	1
58032	276522	53002	dunnoc1	Prunella modularis	Dunnock	1
58033	276522	53002	eurrob1	Erithacus rubecula	European Robin	1
58034	276522	53002	cowpig1	Columba palumbus	Common Wood-Pigeon	1
58035	276522	53002	goldcr1	Regulus regulus	Goldcrest	1
58036	276522	53002	sonthr1	Turdus philomelos	Song Thrush	1
58037	276522	53002	comcha	Fringilla coelebs	Common Chaffinch	1
58045	276524	53004	eurrob1	Erithacus rubecula	European Robin	1
58046	276524	53004	dunnoc1	Prunella modularis	Dunnock	1
58047	276524	53004	sonthr1	Turdus philomelos	Song Thrush	1
58048	276524	53004	comcha	Fringilla coelebs	Common Chaffinch	1
58049	276524	53004	blawoo1	Dryocopus martius	Black Woodpecker	2
58050	276525	53005	sonthr1	Turdus philomelos	Song Thrush	1
58051	276525	53005	wlwwar	Phylloscopus trochilus	Willow Warbler	1
58052	276525	53005	comcha	Fringilla coelebs	Common Chaffinch	1
58053	276525	53005	redwin	Turdus iliacus	Redwing	1
58054	276525	53005	dunnoc1	Prunella modularis	Dunnock	1
58055	276525	53005	goldcr1	Regulus regulus	Goldcrest	2
58056	276526	53006	cowpig1	Columba palumbus	Common Wood-Pigeon	1
58057	276526	53006	sonthr1	Turdus philomelos	Song Thrush	1
58058	276526	53006	wlwwar	Phylloscopus trochilus	Willow Warbler	1
58059	276526	53006	eurtre1	Certhia familiaris	Eurasian Treecreeper	1
58060	276526	53006	comcha	Fringilla coelebs	Common Chaffinch	1
58061	276526	53006	gretit1	Parus major	Great Tit	1
58072	276529	53009	dunnoc1	Prunella modularis	Dunnock	1
58073	276529	53009	eurrob1	Erithacus rubecula	European Robin	1
58074	276529	53009	goldcr1	Regulus regulus	Goldcrest	1
58075	276529	53009	cowpig1	Columba palumbus	Common Wood-Pigeon	1
58080	276531	53011	comcha	Fringilla coelebs	Common Chaffinch	1
58081	276531	53011	eurbla	Turdus merula	Eurasian Blackbird	1
58082	276531	53011	sonthr1	Turdus philomelos	Song Thrush	1
58083	276531	53011	wlwwar	Phylloscopus trochilus	Willow Warbler	1
58084	276531	53011	dunnoc1	Prunella modularis	Dunnock	1
58090	276533	53013	eurtre1	Certhia familiaris	Eurasian Treecreeper	1
58091	276533	53013	eursis	Spinus spinus	Eurasian Siskin	1
58092	276533	53013	goldcr1	Regulus regulus	Goldcrest	1
58093	276533	53013	comcha	Fringilla coelebs	Common Chaffinch	1
58175	276546	53026	wlwwar	Phylloscopus trochilus	Willow Warbler	1
58176	276546	53026	eupfly1	Ficedula hypoleuca	European Pied Flycatcher	1
58177	276546	53026	eursis	Spinus spinus	Eurasian Siskin	1
58166	276544	53024	eurrob1	Erithacus rubecula	European Robin	1
58167	276544	53024	dunnoc1	Prunella modularis	Dunnock	1
58168	276544	53024	comcha	Fringilla coelebs	Common Chaffinch	1
58169	276544	53024	blackc1	Sylvia atricapilla	Eurasian Blackcap	2
58134	276540	53020	eursis	Spinus spinus	Eurasian Siskin	1
58135	276540	53020	eurtre1	Certhia familiaris	Eurasian Treecreeper	1
58136	276540	53020	comcha	Fringilla coelebs	Common Chaffinch	1
58184	276548	53028	comred2	Phoenicurus phoenicurus	Common Redstart	1
58174	276546	53026	spofly1	Muscicapa striata	Spotted Flycatcher	1
58185	276548	53028	winwre4	Troglodytes troglodytes	Eurasian Wren	1
58186	276548	53028	comchi1	Phylloscopus collybita	Common Chiffchaff	1
58187	276548	53028	wlwwar	Phylloscopus trochilus	Willow Warbler	1
58188	276548	53028	sonthr1	Turdus philomelos	Song Thrush	1
58192	276550	53030	comchi1	Phylloscopus collybita	Common Chiffchaff	1
58193	276550	53030	comred2	Phoenicurus phoenicurus	Common Redstart	1
58194	276550	53030	eursis	Spinus spinus	Eurasian Siskin	1
58195	276550	53030	comsni	Gallinago gallinago	Common Snipe	1
58196	276550	53030	comcha	Fringilla coelebs	Common Chaffinch	2
58197	276550	53030	comcuc	Cuculus canorus	Common Cuckoo	1
58204	276552	53032	grswoo	Dendrocopos major	Great Spotted Woodpecker	1
58205	276552	53032	wlwwar	Phylloscopus trochilus	Willow Warbler	1
58206	276552	53032	eursis	Spinus spinus	Eurasian Siskin	1
58207	276552	53032	eupfly1	Ficedula hypoleuca	European Pied Flycatcher	1
58215	276554	53034	blackc1	Sylvia atricapilla	Eurasian Blackcap	1
58216	276554	53034	cowpig1	Columba palumbus	Common Wood-Pigeon	1
58217	276554	53034	grewhi1	Sylvia communis	Greater Whitethroat	1
58218	276554	53034	comchi1	Phylloscopus collybita	Common Chiffchaff	1
58219	276554	53034	eurbla	Turdus merula	Eurasian Blackbird	1
58220	276554	53034	ictwar1	Hippolais icterina	Icterine Warbler	2
58242	276558	53038	eurrob1	Erithacus rubecula	European Robin	1
58243	276558	53038	eurbla	Turdus merula	Eurasian Blackbird	1
58244	276558	53038	sonthr1	Turdus philomelos	Song Thrush	1
58245	276558	53038	redwin	Turdus iliacus	Redwing	1
58274	276566	53046	redwin	Turdus iliacus	Redwing	1
58275	276566	53046	goldcr1	Regulus regulus	Goldcrest	1
58276	276566	53046	comcha	Fringilla coelebs	Common Chaffinch	1
58277	276566	53046	eurrob1	Erithacus rubecula	European Robin	1
58284	276568	53048	sonthr1	Turdus philomelos	Song Thrush	1
58285	276568	53048	redwin	Turdus iliacus	Redwing	1
58286	276568	53048	fieldf	Turdus pilaris	Fieldfare	1
58287	276568	53048	eurrob1	Erithacus rubecula	European Robin	1
58288	276569	53049	comcha	Fringilla coelebs	Common Chaffinch	1
58289	276569	53049	eurtre1	Certhia familiaris	Eurasian Treecreeper	1
58290	276569	53049	eurbla	Turdus merula	Eurasian Blackbird	1
58291	276569	53049	cowpig1	Columba palumbus	Common Wood-Pigeon	1
58292	276569	53049	goldcr1	Regulus regulus	Goldcrest	1
58293	276569	53049	eurrob1	Erithacus rubecula	European Robin	1
58294	276569	53049	trepip	Anthus trivialis	Tree Pipit	1
58295	276569	53049	redwin	Turdus iliacus	Redwing	2
58308	276573	53053	sonthr1	Turdus philomelos	Song Thrush	1
58309	276573	53053	redwin	Turdus iliacus	Redwing	1
58314	276575	53055	sonthr1	Turdus philomelos	Song Thrush	1
58315	276575	53055	redwin	Turdus iliacus	Redwing	1
58334	276580	53060	eursis	Spinus spinus	Eurasian Siskin	1
58335	276580	53060	goldcr1	Regulus regulus	Goldcrest	1
58336	276580	53060	gretit1	Parus major	Great Tit	1
58337	276580	53060	eurrob1	Erithacus rubecula	European Robin	1
58338	276580	53060	winwre4	Troglodytes troglodytes	Eurasian Wren	1
58339	276580	53060	dunnoc1	Prunella modularis	Dunnock	2
58340	276580	53060	redwin	Turdus iliacus	Redwing	1
58341	276580	53060	comcha	Fringilla coelebs	Common Chaffinch	1
58342	276580	53060	cowpig1	Columba palumbus	Common Wood-Pigeon	1
58343	276580	53060	eurtre1	Certhia familiaris	Eurasian Treecreeper	1
58344	276581	53061	cowpig1	Columba palumbus	Common Wood-Pigeon	1
58345	276581	53061	comchi1	Phylloscopus collybita	Common Chiffchaff	1
58346	276581	53061	trepip	Anthus trivialis	Tree Pipit	2
58347	276581	53061	comcha	Fringilla coelebs	Common Chaffinch	1
58348	276581	53061	gretit1	Parus major	Great Tit	2
58354	276583	53063	redwin	Turdus iliacus	Redwing	1
58355	276583	53063	sonthr1	Turdus philomelos	Song Thrush	1
58356	276583	53063	comred	Acanthis flammea	Common Redpoll	1
58357	276583	53063	comcha	Fringilla coelebs	Common Chaffinch	1
58441	276593	53073	comchi1	Phylloscopus collybita	Common Chiffchaff	1
58442	276593	53073	comcha	Fringilla coelebs	Common Chaffinch	1
58443	276593	53073	eurbla	Turdus merula	Eurasian Blackbird	1
58444	276593	53073	cowpig1	Columba palumbus	Common Wood-Pigeon	1
58445	276593	53073	wlwwar	Phylloscopus trochilus	Willow Warbler	1
58452	276595	53075	blackc1	Sylvia atricapilla	Eurasian Blackcap	1
58453	276595	53075	winwre4	Troglodytes troglodytes	Eurasian Wren	1
58454	276595	53075	comcha	Fringilla coelebs	Common Chaffinch	1
58366	276584	53064	dunnoc1	Prunella modularis	Dunnock	1
58367	276584	53064	comcha	Fringilla coelebs	Common Chaffinch	1
58368	276584	53064	winwre4	Troglodytes troglodytes	Eurasian Wren	1
58369	276584	53064	wlwwar	Phylloscopus trochilus	Willow Warbler	1
58370	276584	53064	wiltit1	Poecile montanus	Willow Tit	1
58371	276584	53064	redwin	Turdus iliacus	Redwing	1
58372	276584	53064	eurrob1	Erithacus rubecula	European Robin	1
58373	276584	53064	comchi1	Phylloscopus collybita	Common Chiffchaff	1
58374	276584	53064	comcuc	Cuculus canorus	Common Cuckoo	1
58424	276591	53071	cowpig1	Columba palumbus	Common Wood-Pigeon	1
58425	276591	53071	comcha	Fringilla coelebs	Common Chaffinch	1
58426	276591	53071	comchi1	Phylloscopus collybita	Common Chiffchaff	1
58427	276591	53071	eursis	Spinus spinus	Eurasian Siskin	1
58428	276591	53071	brambl	Fringilla montifringilla	Brambling	1
58429	276591	53071	gretit1	Parus major	Great Tit	1
58430	276591	53071	grswoo	Dendrocopos major	Great Spotted Woodpecker	1
58431	276591	53071	blutit	Cyanistes caeruleus	Eurasian Blue Tit	1
58455	276595	53075	comchi1	Phylloscopus collybita	Common Chiffchaff	1
58456	276595	53075	eurgre1	Chloris chloris	European Greenfinch	1
58457	276595	53075	eurrob1	Erithacus rubecula	European Robin	1
58458	276595	53075	grswoo	Dendrocopos major	Great Spotted Woodpecker	1
58459	276595	53075	eurgol	Carduelis carduelis	European Goldfinch	1
58460	276595	53075	cowpig1	Columba palumbus	Common Wood-Pigeon	1
58461	276596	53076	blackc1	Sylvia atricapilla	Eurasian Blackcap	1
58462	276596	53076	comcha	Fringilla coelebs	Common Chaffinch	1
58463	276596	53076	dunnoc1	Prunella modularis	Dunnock	1
58500	276600	53080	comchi1	Phylloscopus collybita	Common Chiffchaff	1
58501	276600	53080	winwre4	Troglodytes troglodytes	Eurasian Wren	1
58502	276600	53080	blackc1	Sylvia atricapilla	Eurasian Blackcap	1
58509	276602	53082	blackc1	Sylvia atricapilla	Eurasian Blackcap	1
58510	276602	53082	cowpig1	Columba palumbus	Common Wood-Pigeon	1
58511	276602	53082	comcha	Fringilla coelebs	Common Chaffinch	1
58476	276597	53077	blackc1	Sylvia atricapilla	Eurasian Blackcap	1
58477	276597	53077	comcha	Fringilla coelebs	Common Chaffinch	1
58478	276597	53077	comchi1	Phylloscopus collybita	Common Chiffchaff	1
58479	276597	53077	winwre4	Troglodytes troglodytes	Eurasian Wren	1
58480	276597	53077	cowpig1	Columba palumbus	Common Wood-Pigeon	1
58481	276597	53077	ictwar1	Hippolais icterina	Icterine Warbler	1
58482	276597	53077	fieldf	Turdus pilaris	Fieldfare	1
58499	276600	53080	cowpig1	Columba palumbus	Common Wood-Pigeon	1
58512	276602	53082	garwar1	Sylvia borin	Garden Warbler	1
58513	276602	53082	spofly1	Muscicapa striata	Spotted Flycatcher	1
58514	276602	53082	sonthr1	Turdus philomelos	Song Thrush	1
58515	276602	53082	eupfly1	Ficedula hypoleuca	European Pied Flycatcher	1
58516	276602	53082	winwre4	Troglodytes troglodytes	Eurasian Wren	1
58517	276602	53082	goldcr1	Regulus regulus	Goldcrest	1
58613	276613	53132	goldcr1	Regulus regulus	Goldcrest	1
58614	276613	53132	comcha	Fringilla coelebs	Common Chaffinch	1
58615	276613	53132	winwre4	Troglodytes troglodytes	Eurasian Wren	1
58616	276613	53132	eurrob1	Erithacus rubecula	European Robin	1
58617	276613	53132	coatit2	Periparus ater	Coal Tit	1
59032	276695	53253	sonthr1	Turdus philomelos	Song Thrush	2
59033	276695	53253	cowpig1	Columba palumbus	Common Wood-Pigeon	1
59034	276695	53253	carcro1	Corvus corone	Carrion Crow	1
59035	276695	53253	redwin	Turdus iliacus	Redwing	1
59036	276696	53254	eurbla	Turdus merula	Eurasian Blackbird	1
59037	276696	53254	wlwwar	Phylloscopus trochilus	Willow Warbler	1
59038	276696	53254	gretit1	Parus major	Great Tit	1
59043	276698	53256	winwre4	Troglodytes troglodytes	Eurasian Wren	1
59044	276698	53256	goldcr1	Regulus regulus	Goldcrest	1
59045	276698	53256	comcha	Fringilla coelebs	Common Chaffinch	1
59046	276698	53256	eurbla	Turdus merula	Eurasian Blackbird	1
59047	276698	53256	gretit1	Parus major	Great Tit	1
59048	276698	53256	eurrob1	Erithacus rubecula	European Robin	1
59095	276704	53266	sonthr1	Turdus philomelos	Song Thrush	1
59096	276704	53266	trepip	Anthus trivialis	Tree Pipit	1
59097	276704	53266	eurrob1	Erithacus rubecula	European Robin	1
59098	276704	53266	eurbla	Turdus merula	Eurasian Blackbird	1
59139	276707	53269	trepip	Anthus trivialis	Tree Pipit	1
59140	276707	53269	gretit1	Parus major	Great Tit	1
59141	276707	53269	wlwwar	Phylloscopus trochilus	Willow Warbler	1
59073	276700	53262	eurbla	Turdus merula	Eurasian Blackbird	1
59074	276700	53262	winwre4	Troglodytes troglodytes	Eurasian Wren	1
59075	276700	53262	comcuc	Cuculus canorus	Common Cuckoo	1
59076	276700	53262	blackc1	Sylvia atricapilla	Eurasian Blackcap	1
59077	276700	53262	eurrob1	Erithacus rubecula	European Robin	1
59078	276700	53262	goldcr1	Regulus regulus	Goldcrest	1
59079	276700	53262	wlwwar	Phylloscopus trochilus	Willow Warbler	1
59086	276702	53264	sonthr1	Turdus philomelos	Song Thrush	1
59087	276702	53264	eurrob1	Erithacus rubecula	European Robin	1
59088	276702	53264	eurbla	Turdus merula	Eurasian Blackbird	1
59094	276704	53266	winwre4	Troglodytes troglodytes	Eurasian Wren	1
59142	276707	53269	blutit	Cyanistes caeruleus	Eurasian Blue Tit	1
59143	276707	53269	eurtre1	Certhia familiaris	Eurasian Treecreeper	1
59144	276707	53269	eurrob1	Erithacus rubecula	European Robin	1
59145	276707	53269	eursis	Spinus spinus	Eurasian Siskin	1
59138	276707	53269	goldcr1	Regulus regulus	Goldcrest	1
59146	276707	53269	comcha	Fringilla coelebs	Common Chaffinch	1
59168	276711	53276	goldcr1	Regulus regulus	Goldcrest	1
59169	276711	53276	comcha	Fringilla coelebs	Common Chaffinch	1
59170	276711	53276	wlwwar	Phylloscopus trochilus	Willow Warbler	1
59171	276711	53276	winwre4	Troglodytes troglodytes	Eurasian Wren	1
59177	276712	53277	winwre4	Troglodytes troglodytes	Eurasian Wren	1
59178	276712	53277	wlwwar	Phylloscopus trochilus	Willow Warbler	1
59179	276712	53277	eursis	Spinus spinus	Eurasian Siskin	1
59180	276712	53277	cowpig1	Columba palumbus	Common Wood-Pigeon	1
59181	276712	53277	comcha	Fringilla coelebs	Common Chaffinch	1
59182	276712	53277	goldcr1	Regulus regulus	Goldcrest	1
59186	276714	53279	sonthr1	Turdus philomelos	Song Thrush	1
59187	276714	53279	winwre4	Troglodytes troglodytes	Eurasian Wren	1
57867	276489	52963	comred2	Phoenicurus phoenicurus	Common Redstart	1
57868	276489	52963	sonthr1	Turdus philomelos	Song Thrush	1
57869	276490	52964	redwin	Turdus iliacus	Redwing	1
57870	276490	52964	comchi1	Phylloscopus collybita	Common Chiffchaff	1
57871	276490	52964	eursis	Spinus spinus	Eurasian Siskin	1
57872	276490	52964	eurrob1	Erithacus rubecula	European Robin	1
57873	276490	52964	sonthr1	Turdus philomelos	Song Thrush	1
57874	276490	52964	eurtre1	Certhia familiaris	Eurasian Treecreeper	1
57882	276492	52966	winwre4	Troglodytes troglodytes	Eurasian Wren	1
57883	276492	52966	eurtre1	Certhia familiaris	Eurasian Treecreeper	1
57884	276492	52966	wlwwar	Phylloscopus trochilus	Willow Warbler	1
57885	276492	52966	trepip	Anthus trivialis	Tree Pipit	1
57886	276492	52966	eupfly1	Ficedula hypoleuca	European Pied Flycatcher	1
57887	276492	52966	eurbla	Turdus merula	Eurasian Blackbird	1
57888	276492	52966	sonthr1	Turdus philomelos	Song Thrush	1
57889	276493	52967	eupfly1	Ficedula hypoleuca	European Pied Flycatcher	1
57890	276493	52967	wlwwar	Phylloscopus trochilus	Willow Warbler	1
57891	276493	52967	comcha	Fringilla coelebs	Common Chaffinch	1
57892	276493	52967	comsan	Actitis hypoleucos	Common Sandpiper	1
57893	276493	52967	gretit1	Parus major	Great Tit	1
57894	276493	52967	blutit	Cyanistes caeruleus	Eurasian Blue Tit	1
57895	276494	52968	eurtre1	Certhia familiaris	Eurasian Treecreeper	1
57896	276494	52968	gretit1	Parus major	Great Tit	1
57897	276494	52968	eursis	Spinus spinus	Eurasian Siskin	1
57943	276502	52976	sonthr1	Turdus philomelos	Song Thrush	1
57944	276502	52976	wlwwar	Phylloscopus trochilus	Willow Warbler	1
57945	276502	52976	comcha	Fringilla coelebs	Common Chaffinch	1
57946	276502	52976	dunnoc1	Prunella modularis	Dunnock	1
57975	276508	52982	wlwwar	Phylloscopus trochilus	Willow Warbler	1
57976	276508	52982	eurgre1	Chloris chloris	European Greenfinch	2
57977	276509	52983	goldcr1	Regulus regulus	Goldcrest	1
57978	276509	52983	eurrob1	Erithacus rubecula	European Robin	1
57958	276504	52978	trepip	Anthus trivialis	Tree Pipit	1
57959	276504	52978	wlwwar	Phylloscopus trochilus	Willow Warbler	1
57960	276504	52978	gretit1	Parus major	Great Tit	1
57961	276504	52978	comcha	Fringilla coelebs	Common Chaffinch	1
57962	276504	52978	garwar1	Sylvia borin	Garden Warbler	1
57971	276507	52981	comcha	Fringilla coelebs	Common Chaffinch	1
57972	276507	52981	comred2	Phoenicurus phoenicurus	Common Redstart	1
57973	276507	52981	redwin	Turdus iliacus	Redwing	2
57974	276508	52982	comcuc	Cuculus canorus	Common Cuckoo	1
57979	276509	52983	comcha	Fringilla coelebs	Common Chaffinch	1
57980	276509	52983	misthr1	Turdus viscivorus	Mistle Thrush	1
57981	276509	52983	sonthr1	Turdus philomelos	Song Thrush	1
57982	276509	52983	wlwwar	Phylloscopus trochilus	Willow Warbler	1
57983	276510	52984	comcha	Fringilla coelebs	Common Chaffinch	1
57984	276510	52984	gretit1	Parus major	Great Tit	1
57985	276510	52984	comcuc	Cuculus canorus	Common Cuckoo	1
57991	276512	52986	sonthr1	Turdus philomelos	Song Thrush	1
57992	276512	52986	comcuc	Cuculus canorus	Common Cuckoo	1
57993	276512	52986	redwin	Turdus iliacus	Redwing	1
57994	276512	52986	winwre4	Troglodytes troglodytes	Eurasian Wren	1
57995	276512	52986	eurbla	Turdus merula	Eurasian Blackbird	1
57999	276514	52988	dunnoc1	Prunella modularis	Dunnock	1
58000	276514	52988	sonthr1	Turdus philomelos	Song Thrush	1
58001	276514	52988	wlwwar	Phylloscopus trochilus	Willow Warbler	1
58002	276514	52988	eurrob1	Erithacus rubecula	European Robin	1
58003	276514	52988	eursis	Spinus spinus	Eurasian Siskin	1
59229	276717	53297	winwre4	Troglodytes troglodytes	Eurasian Wren	1
59230	276717	53297	eurrob1	Erithacus rubecula	European Robin	1
59231	276718	53298	winwre4	Troglodytes troglodytes	Eurasian Wren	1
59232	276718	53298	eurbla	Turdus merula	Eurasian Blackbird	1
59233	276718	53298	redcro	Loxia curvirostra	Red Crossbill	1
59234	276718	53298	eurtre1	Certhia familiaris	Eurasian Treecreeper	1
59235	276718	53298	spofly1	Muscicapa striata	Spotted Flycatcher	1
59236	276718	53298	comcha	Fringilla coelebs	Common Chaffinch	1
59237	276718	53298	eursis	Spinus spinus	Eurasian Siskin	1
58145	276543	53023	wlwwar	Phylloscopus trochilus	Willow Warbler	1
58146	276543	53023	dunnoc1	Prunella modularis	Dunnock	1
58147	276543	53023	comcha	Fringilla coelebs	Common Chaffinch	1
58148	276543	53023	trepip	Anthus trivialis	Tree Pipit	1
58179	276547	53027	comchi1	Phylloscopus collybita	Common Chiffchaff	1
58149	276543	53023	coatit2	Periparus ater	Coal Tit	2
58180	276547	53027	wlwwar	Phylloscopus trochilus	Willow Warbler	1
58181	276547	53027	comred2	Phoenicurus phoenicurus	Common Redstart	1
58182	276547	53027	winwre4	Troglodytes troglodytes	Eurasian Wren	1
58170	276545	53025	spofly1	Muscicapa striata	Spotted Flycatcher	1
58171	276545	53025	comred2	Phoenicurus phoenicurus	Common Redstart	1
58172	276545	53025	gretit1	Parus major	Great Tit	1
58173	276545	53025	comchi1	Phylloscopus collybita	Common Chiffchaff	1
58178	276547	53027	spofly1	Muscicapa striata	Spotted Flycatcher	1
58183	276547	53027	redwin	Turdus iliacus	Redwing	1
58198	276551	53031	comred2	Phoenicurus phoenicurus	Common Redstart	1
58199	276551	53031	redwin	Turdus iliacus	Redwing	1
58200	276551	53031	comchi1	Phylloscopus collybita	Common Chiffchaff	1
58201	276551	53031	misthr1	Turdus viscivorus	Mistle Thrush	1
58202	276551	53031	wlwwar	Phylloscopus trochilus	Willow Warbler	1
58203	276551	53031	eursis	Spinus spinus	Eurasian Siskin	1
58208	276553	53033	dunnoc1	Prunella modularis	Dunnock	1
58209	276553	53033	eurbla	Turdus merula	Eurasian Blackbird	1
58210	276553	53033	sonthr1	Turdus philomelos	Song Thrush	1
58211	276553	53033	eurrob1	Erithacus rubecula	European Robin	1
58212	276553	53033	yellow2	Emberiza citrinella	Yellowhammer	1
58213	276553	53033	skylar	Alauda arvensis	Eurasian Skylark	1
58214	276553	53033	rinphe	Phasianus colchicus	Ring-necked Pheasant	1
58252	276560	53040	eurtre1	Certhia familiaris	Eurasian Treecreeper	1
58257	276562	53042	eurtre1	Certhia familiaris	Eurasian Treecreeper	1
58258	276562	53042	eursis	Spinus spinus	Eurasian Siskin	1
58267	276565	53045	eurtre1	Certhia familiaris	Eurasian Treecreeper	1
58268	276565	53045	goldcr1	Regulus regulus	Goldcrest	1
58269	276565	53045	sonthr1	Turdus philomelos	Song Thrush	1
58227	276555	53035	comcha	Fringilla coelebs	Common Chaffinch	1
58228	276555	53035	eurtre1	Certhia familiaris	Eurasian Treecreeper	1
58229	276555	53035	sonthr1	Turdus philomelos	Song Thrush	1
58230	276555	53035	cowpig1	Columba palumbus	Common Wood-Pigeon	1
58231	276555	53035	gretit1	Parus major	Great Tit	1
58232	276555	53035	eursis	Spinus spinus	Eurasian Siskin	1
58246	276559	53039	eurbla	Turdus merula	Eurasian Blackbird	1
58247	276559	53039	comcha	Fringilla coelebs	Common Chaffinch	1
58248	276559	53039	gretit1	Parus major	Great Tit	1
58249	276559	53039	grswoo	Dendrocopos major	Great Spotted Woodpecker	1
58250	276559	53039	sonthr1	Turdus philomelos	Song Thrush	1
58251	276560	53040	blutit	Cyanistes caeruleus	Eurasian Blue Tit	2
58270	276565	53045	eurrob1	Erithacus rubecula	European Robin	1
58271	276565	53045	eursis	Spinus spinus	Eurasian Siskin	1
58272	276565	53045	comcha	Fringilla coelebs	Common Chaffinch	1
58273	276565	53045	gretit1	Parus major	Great Tit	1
58302	276571	53051	redwin	Turdus iliacus	Redwing	1
58303	276571	53051	eurrob1	Erithacus rubecula	European Robin	1
58304	276571	53051	dunnoc1	Prunella modularis	Dunnock	1
58305	276571	53051	goldcr1	Regulus regulus	Goldcrest	1
58306	276572	53052	redwin	Turdus iliacus	Redwing	1
58307	276572	53052	sonthr1	Turdus philomelos	Song Thrush	1
58323	276577	53057	dunnoc1	Prunella modularis	Dunnock	1
58324	276577	53057	eurrob1	Erithacus rubecula	European Robin	1
58325	276577	53057	redwin	Turdus iliacus	Redwing	1
58326	276578	53058	winwre4	Troglodytes troglodytes	Eurasian Wren	1
58327	276578	53058	sonthr1	Turdus philomelos	Song Thrush	1
58328	276578	53058	dunnoc1	Prunella modularis	Dunnock	1
58329	276578	53058	eurrob1	Erithacus rubecula	European Robin	1
58375	276585	53065	wlwwar	Phylloscopus trochilus	Willow Warbler	1
58376	276585	53065	spofly1	Muscicapa striata	Spotted Flycatcher	1
58377	276585	53065	comcha	Fringilla coelebs	Common Chaffinch	1
58378	276585	53065	eurtre1	Certhia familiaris	Eurasian Treecreeper	1
58379	276586	53066	comchi1	Phylloscopus collybita	Common Chiffchaff	1
58380	276586	53066	wlwwar	Phylloscopus trochilus	Willow Warbler	1
58381	276586	53066	eurgre1	Chloris chloris	European Greenfinch	1
58382	276586	53066	garwar1	Sylvia borin	Garden Warbler	2
58383	276586	53066	comcha	Fringilla coelebs	Common Chaffinch	1
58384	276586	53066	eursis	Spinus spinus	Eurasian Siskin	1
58433	276592	53072	cowpig1	Columba palumbus	Common Wood-Pigeon	1
58434	276592	53072	comchi1	Phylloscopus collybita	Common Chiffchaff	1
58435	276592	53072	eurbla	Turdus merula	Eurasian Blackbird	1
58436	276592	53072	wlwwar	Phylloscopus trochilus	Willow Warbler	1
58437	276592	53072	comcha	Fringilla coelebs	Common Chaffinch	1
58438	276592	53072	blutit	Cyanistes caeruleus	Eurasian Blue Tit	1
58439	276592	53072	eurgre1	Chloris chloris	European Greenfinch	1
58440	276592	53072	eurmag1	Pica pica	Eurasian Magpie	1
58600	276611	53130	winwre4	Troglodytes troglodytes	Eurasian Wren	1
58594	276610	53129	comcha	Fringilla coelebs	Common Chaffinch	1
58595	276610	53129	trepip	Anthus trivialis	Tree Pipit	1
58596	276610	53129	sonthr1	Turdus philomelos	Song Thrush	1
58597	276610	53129	eurrob1	Erithacus rubecula	European Robin	1
58598	276610	53129	spofly1	Muscicapa striata	Spotted Flycatcher	1
58599	276611	53130	trepip	Anthus trivialis	Tree Pipit	1
58601	276611	53130	comcha	Fringilla coelebs	Common Chaffinch	1
58602	276611	53130	sonthr1	Turdus philomelos	Song Thrush	1
58603	276611	53130	gretit1	Parus major	Great Tit	1
58604	276611	53130	spofly1	Muscicapa striata	Spotted Flycatcher	1
58605	276611	53130	wlwwar	Phylloscopus trochilus	Willow Warbler	1
58606	276611	53130	goldcr1	Regulus regulus	Goldcrest	1
58607	276612	53131	trepip	Anthus trivialis	Tree Pipit	1
58608	276612	53131	comcha	Fringilla coelebs	Common Chaffinch	1
58609	276612	53131	goldcr1	Regulus regulus	Goldcrest	1
58610	276612	53131	sonthr1	Turdus philomelos	Song Thrush	1
58611	276612	53131	winwre4	Troglodytes troglodytes	Eurasian Wren	1
58612	276612	53131	eurtre1	Certhia familiaris	Eurasian Treecreeper	1
58623	276615	53134	comcha	Fringilla coelebs	Common Chaffinch	1
58624	276615	53134	trepip	Anthus trivialis	Tree Pipit	1
58625	276615	53134	winwre4	Troglodytes troglodytes	Eurasian Wren	1
58626	276615	53134	coatit2	Periparus ater	Coal Tit	1
58627	276615	53134	goldcr1	Regulus regulus	Goldcrest	1
58628	276615	53134	sonthr1	Turdus philomelos	Song Thrush	1
58634	276616	53135	trepip	Anthus trivialis	Tree Pipit	1
58635	276616	53135	spofly1	Muscicapa striata	Spotted Flycatcher	1
58636	276616	53135	comcha	Fringilla coelebs	Common Chaffinch	1
58637	276616	53135	winwre4	Troglodytes troglodytes	Eurasian Wren	1
58638	276616	53135	eurrob1	Erithacus rubecula	European Robin	1
58639	276616	53135	gretit1	Parus major	Great Tit	1
58656	276620	53139	gretit1	Parus major	Great Tit	1
58657	276620	53139	goldcr1	Regulus regulus	Goldcrest	1
58658	276620	53139	cretit2	Lophophanes cristatus	Crested Tit	1
58659	276620	53139	coatit2	Periparus ater	Coal Tit	1
58661	276622	53141	goldcr1	Regulus regulus	Goldcrest	1
58662	276622	53141	comcha	Fringilla coelebs	Common Chaffinch	1
58663	276622	53141	sonthr1	Turdus philomelos	Song Thrush	2
58664	276622	53141	eursis	Spinus spinus	Eurasian Siskin	1
58704	276629	53148	goldcr1	Regulus regulus	Goldcrest	1
58705	276629	53148	comcha	Fringilla coelebs	Common Chaffinch	1
58706	276629	53148	wlwwar	Phylloscopus trochilus	Willow Warbler	1
58707	276629	53148	gretit1	Parus major	Great Tit	1
58708	276629	53148	sonthr1	Turdus philomelos	Song Thrush	1
58712	276631	53150	wlwwar	Phylloscopus trochilus	Willow Warbler	1
58713	276631	53150	eupfly1	Ficedula hypoleuca	European Pied Flycatcher	1
58691	276626	53145	wlwwar	Phylloscopus trochilus	Willow Warbler	1
58692	276626	53145	comcha	Fringilla coelebs	Common Chaffinch	1
58693	276626	53145	winwre4	Troglodytes troglodytes	Eurasian Wren	1
58694	276626	53145	eurrob1	Erithacus rubecula	European Robin	1
58703	276629	53148	winwre4	Troglodytes troglodytes	Eurasian Wren	1
58714	276631	53150	winwre4	Troglodytes troglodytes	Eurasian Wren	1
58720	276633	53152	goldcr1	Regulus regulus	Goldcrest	1
58721	276633	53152	eurtre1	Certhia familiaris	Eurasian Treecreeper	1
58722	276634	53153	trepip	Anthus trivialis	Tree Pipit	1
58723	276634	53153	gretit1	Parus major	Great Tit	1
58724	276634	53153	wlwwar	Phylloscopus trochilus	Willow Warbler	1
58725	276634	53153	comcha	Fringilla coelebs	Common Chaffinch	1
58765	276641	53166	eurrob1	Erithacus rubecula	European Robin	1
58766	276641	53166	comcha	Fringilla coelebs	Common Chaffinch	1
58769	276643	53168	goldcr1	Regulus regulus	Goldcrest	1
58770	276643	53168	wlwwar	Phylloscopus trochilus	Willow Warbler	1
58771	276643	53168	eursis	Spinus spinus	Eurasian Siskin	2
58791	276649	53174	trepip	Anthus trivialis	Tree Pipit	1
58792	276649	53174	winwre4	Troglodytes troglodytes	Eurasian Wren	1
58764	276641	53166	eurtre1	Certhia familiaris	Eurasian Treecreeper	1
58793	276649	53174	comcha	Fringilla coelebs	Common Chaffinch	1
58794	276649	53174	eursis	Spinus spinus	Eurasian Siskin	1
58831	276657	53182	trepip	Anthus trivialis	Tree Pipit	1
58832	276657	53182	winwre4	Troglodytes troglodytes	Eurasian Wren	1
58833	276657	53182	sonthr1	Turdus philomelos	Song Thrush	1
58834	276657	53182	comcha	Fringilla coelebs	Common Chaffinch	1
58849	276661	53186	winwre4	Troglodytes troglodytes	Eurasian Wren	1
58850	276661	53186	goldcr1	Regulus regulus	Goldcrest	1
58851	276661	53186	wlwwar	Phylloscopus trochilus	Willow Warbler	1
58852	276661	53186	cowpig1	Columba palumbus	Common Wood-Pigeon	1
58853	276662	53187	winwre4	Troglodytes troglodytes	Eurasian Wren	1
58854	276662	53187	wlwwar	Phylloscopus trochilus	Willow Warbler	1
58855	276662	53187	wiltit1	Poecile montanus	Willow Tit	1
58856	276662	53187	cowpig1	Columba palumbus	Common Wood-Pigeon	1
58857	276662	53187	eurrob1	Erithacus rubecula	European Robin	1
58858	276662	53187	coatit2	Periparus ater	Coal Tit	1
58868	276665	53190	sonthr1	Turdus philomelos	Song Thrush	1
58869	276665	53190	wlwwar	Phylloscopus trochilus	Willow Warbler	1
58870	276665	53190	eurbla	Turdus merula	Eurasian Blackbird	1
58877	276668	53193	winwre4	Troglodytes troglodytes	Eurasian Wren	1
58878	276668	53193	comcha	Fringilla coelebs	Common Chaffinch	1
58879	276668	53193	fieldf	Turdus pilaris	Fieldfare	1
58880	276668	53193	woowar	Phylloscopus sibilatrix	Wood Warbler	1
58881	276668	53193	eurrob1	Erithacus rubecula	European Robin	2
58882	276668	53193	sonthr1	Turdus philomelos	Song Thrush	1
58900	276673	53198	trepip	Anthus trivialis	Tree Pipit	1
58901	276673	53198	goldcr1	Regulus regulus	Goldcrest	1
58902	276673	53198	comcha	Fringilla coelebs	Common Chaffinch	1
58903	276673	53198	wlwwar	Phylloscopus trochilus	Willow Warbler	1
58904	276673	53198	eurrob1	Erithacus rubecula	European Robin	1
58912	276676	53201	winwre4	Troglodytes troglodytes	Eurasian Wren	1
59012	276691	53249	winwre4	Troglodytes troglodytes	Eurasian Wren	1
59013	276691	53249	eurbla	Turdus merula	Eurasian Blackbird	1
59014	276691	53249	comcha	Fringilla coelebs	Common Chaffinch	1
59015	276691	53249	eurrob1	Erithacus rubecula	European Robin	1
59016	276691	53249	coatit2	Periparus ater	Coal Tit	1
59017	276691	53249	dunnoc1	Prunella modularis	Dunnock	1
59080	276701	53263	cowpig1	Columba palumbus	Common Wood-Pigeon	1
59081	276701	53263	comcha	Fringilla coelebs	Common Chaffinch	1
59082	276701	53263	eurrob1	Erithacus rubecula	European Robin	1
59083	276701	53263	comred1	Tringa totanus	Common Redshank	2
59084	276701	53263	coatit2	Periparus ater	Coal Tit	1
59085	276701	53263	sonthr1	Turdus philomelos	Song Thrush	1
59089	276703	53265	trepip	Anthus trivialis	Tree Pipit	1
59090	276703	53265	eurrob1	Erithacus rubecula	European Robin	1
59091	276703	53265	goldcr1	Regulus regulus	Goldcrest	1
59092	276703	53265	eupfly1	Ficedula hypoleuca	European Pied Flycatcher	1
59093	276703	53265	redcro	Loxia curvirostra	Red Crossbill	1
59099	276705	53267	comcha	Fringilla coelebs	Common Chaffinch	1
59100	276705	53267	wlwwar	Phylloscopus trochilus	Willow Warbler	1
59101	276705	53267	eupfly1	Ficedula hypoleuca	European Pied Flycatcher	1
59102	276705	53267	goldcr1	Regulus regulus	Goldcrest	1
59103	276705	53267	winwre4	Troglodytes troglodytes	Eurasian Wren	1
59104	276705	53267	wiltit1	Poecile montanus	Willow Tit	1
59105	276705	53267	comcuc	Cuculus canorus	Common Cuckoo	1
59106	276706	53268	winwre4	Troglodytes troglodytes	Eurasian Wren	1
59107	276706	53268	coatit2	Periparus ater	Coal Tit	1
59108	276706	53268	eurbul	Pyrrhula pyrrhula	Eurasian Bullfinch	1
59109	276706	53268	comcha	Fringilla coelebs	Common Chaffinch	1
59110	276706	53268	sonthr1	Turdus philomelos	Song Thrush	1
59111	276706	53268	trepip	Anthus trivialis	Tree Pipit	1
59196	276716	53281	wiltit1	Poecile montanus	Willow Tit	1
59197	276716	53281	comcha	Fringilla coelebs	Common Chaffinch	1
59198	276716	53281	trepip	Anthus trivialis	Tree Pipit	1
59199	276716	53281	eursis	Spinus spinus	Eurasian Siskin	1
59200	276716	53281	sonthr1	Turdus philomelos	Song Thrush	1
59201	276716	53281	hoocro1	Corvus cornix	Hooded Crow	1
59188	276715	53280	wlwwar	Phylloscopus trochilus	Willow Warbler	1
59189	276715	53280	winwre4	Troglodytes troglodytes	Eurasian Wren	1
59190	276715	53280	trepip	Anthus trivialis	Tree Pipit	1
59191	276715	53280	eurbla	Turdus merula	Eurasian Blackbird	1
59192	276715	53280	goldcr1	Regulus regulus	Goldcrest	1
59193	276715	53280	redcro	Loxia curvirostra	Red Crossbill	1
59194	276715	53280	blutit	Cyanistes caeruleus	Eurasian Blue Tit	2
59195	276716	53281	winwre4	Troglodytes troglodytes	Eurasian Wren	1
57875	276491	52965	redwin	Turdus iliacus	Redwing	1
57876	276491	52965	garwar1	Sylvia borin	Garden Warbler	1
57877	276491	52965	eurtre1	Certhia familiaris	Eurasian Treecreeper	1
58014	276517	52997	comred2	Phoenicurus phoenicurus	Common Redstart	1
58015	276517	52997	comred	Acanthis flammea	Common Redpoll	1
58016	276518	52998	goldcr1	Regulus regulus	Goldcrest	1
58017	276518	52998	cowpig1	Columba palumbus	Common Wood-Pigeon	1
58018	276518	52998	blackc1	Sylvia atricapilla	Eurasian Blackcap	1
58019	276518	52998	wlwwar	Phylloscopus trochilus	Willow Warbler	1
58023	276520	53000	sonthr1	Turdus philomelos	Song Thrush	1
58024	276520	53000	eurrob1	Erithacus rubecula	European Robin	1
58025	276520	53000	blagro1	Tetrao tetrix	Black Grouse	1
58026	276520	53000	comcha	Fringilla coelebs	Common Chaffinch	1
58027	276520	53000	gretit1	Parus major	Great Tit	1
58028	276520	53000	dunnoc1	Prunella modularis	Dunnock	1
58029	276520	53000	grswoo	Dendrocopos major	Great Spotted Woodpecker	1
58030	276520	53000	wlwwar	Phylloscopus trochilus	Willow Warbler	1
58031	276521	53001	comred2	Phoenicurus phoenicurus	Common Redstart	1
58038	276523	53003	eurrob1	Erithacus rubecula	European Robin	1
58039	276523	53003	sonthr1	Turdus philomelos	Song Thrush	1
58040	276523	53003	dunnoc1	Prunella modularis	Dunnock	1
58041	276523	53003	comcha	Fringilla coelebs	Common Chaffinch	1
58042	276523	53003	eursis	Spinus spinus	Eurasian Siskin	1
58043	276523	53003	wiltit1	Poecile montanus	Willow Tit	1
58044	276523	53003	rusbun	Emberiza rustica	Rustic Bunting	2
58062	276527	53007	wlwwar	Phylloscopus trochilus	Willow Warbler	1
58063	276527	53007	gretit1	Parus major	Great Tit	1
58064	276527	53007	dunnoc1	Prunella modularis	Dunnock	1
58065	276527	53007	sonthr1	Turdus philomelos	Song Thrush	1
58066	276528	53008	dunnoc1	Prunella modularis	Dunnock	1
58067	276528	53008	comcha	Fringilla coelebs	Common Chaffinch	1
58068	276528	53008	wlwwar	Phylloscopus trochilus	Willow Warbler	1
58069	276528	53008	eursis	Spinus spinus	Eurasian Siskin	1
58070	276528	53008	eurgre1	Chloris chloris	European Greenfinch	1
58071	276528	53008	sonthr1	Turdus philomelos	Song Thrush	1
58076	276530	53010	wlwwar	Phylloscopus trochilus	Willow Warbler	1
58077	276530	53010	sonthr1	Turdus philomelos	Song Thrush	1
58078	276530	53010	eurbla	Turdus merula	Eurasian Blackbird	1
58079	276530	53010	dunnoc1	Prunella modularis	Dunnock	1
58085	276532	53012	coatit2	Periparus ater	Coal Tit	2
58086	276532	53012	comred	Acanthis flammea	Common Redpoll	1
58087	276532	53012	comred2	Phoenicurus phoenicurus	Common Redstart	1
58088	276532	53012	brambl	Fringilla montifringilla	Brambling	1
58089	276532	53012	wlwwar	Phylloscopus trochilus	Willow Warbler	1
58094	276534	53014	winwre4	Troglodytes troglodytes	Eurasian Wren	1
58095	276534	53014	comcha	Fringilla coelebs	Common Chaffinch	1
58096	276534	53014	coatit2	Periparus ater	Coal Tit	1
58097	276534	53014	goldcr1	Regulus regulus	Goldcrest	1
58098	276534	53014	eurtre1	Certhia familiaris	Eurasian Treecreeper	1
58099	276534	53014	eursis	Spinus spinus	Eurasian Siskin	1
58100	276535	53015	eursis	Spinus spinus	Eurasian Siskin	1
58101	276535	53015	eurtre1	Certhia familiaris	Eurasian Treecreeper	1
58102	276535	53015	goldcr1	Regulus regulus	Goldcrest	1
58103	276535	53015	gretit1	Parus major	Great Tit	1
58104	276536	53016	comcha	Fringilla coelebs	Common Chaffinch	1
58105	276536	53016	gretit1	Parus major	Great Tit	1
58106	276537	53017	cowpig1	Columba palumbus	Common Wood-Pigeon	1
58107	276537	53017	blackc1	Sylvia atricapilla	Eurasian Blackcap	1
58108	276537	53017	gretit1	Parus major	Great Tit	1
58131	276539	53019	eurrob1	Erithacus rubecula	European Robin	1
58132	276539	53019	sonthr1	Turdus philomelos	Song Thrush	1
58133	276539	53019	gretit1	Parus major	Great Tit	1
58137	276541	53021	comcha	Fringilla coelebs	Common Chaffinch	1
58138	276541	53021	goldcr1	Regulus regulus	Goldcrest	1
58139	276541	53021	cowpig1	Columba palumbus	Common Wood-Pigeon	1
58140	276541	53021	eurtre1	Certhia familiaris	Eurasian Treecreeper	1
58123	276538	53018	gretit1	Parus major	Great Tit	1
58124	276538	53018	cowpig1	Columba palumbus	Common Wood-Pigeon	1
58125	276538	53018	comcha	Fringilla coelebs	Common Chaffinch	1
58126	276538	53018	eurbla	Turdus merula	Eurasian Blackbird	1
58127	276538	53018	grswoo	Dendrocopos major	Great Spotted Woodpecker	1
58128	276538	53018	eurgol	Carduelis carduelis	European Goldfinch	1
58129	276538	53018	eurgre1	Chloris chloris	European Greenfinch	1
58130	276539	53019	eurtre1	Certhia familiaris	Eurasian Treecreeper	1
58141	276541	53021	sonthr1	Turdus philomelos	Song Thrush	1
58142	276541	53021	eurrob1	Erithacus rubecula	European Robin	1
58143	276542	53022	gretit1	Parus major	Great Tit	1
58144	276542	53022	comcha	Fringilla coelebs	Common Chaffinch	1
58234	276556	53036	sonthr1	Turdus philomelos	Song Thrush	1
58189	276549	53029	comred2	Phoenicurus phoenicurus	Common Redstart	1
58190	276549	53029	gretit1	Parus major	Great Tit	1
58191	276549	53029	eursis	Spinus spinus	Eurasian Siskin	1
58235	276557	53037	eupfly1	Ficedula hypoleuca	European Pied Flycatcher	1
58236	276557	53037	eurbla	Turdus merula	Eurasian Blackbird	1
58233	276556	53036	eurrob1	Erithacus rubecula	European Robin	1
57878	276491	52965	sonthr1	Turdus philomelos	Song Thrush	1
57879	276491	52965	comcha	Fringilla coelebs	Common Chaffinch	1
57880	276491	52965	eursis	Spinus spinus	Eurasian Siskin	1
57881	276491	52965	eurbla	Turdus merula	Eurasian Blackbird	1
57898	276495	52969	winwre4	Troglodytes troglodytes	Eurasian Wren	1
57899	276495	52969	wiltit1	Poecile montanus	Willow Tit	1
57900	276495	52969	comcha	Fringilla coelebs	Common Chaffinch	1
57901	276495	52969	wlwwar	Phylloscopus trochilus	Willow Warbler	1
57902	276495	52969	comcuc	Cuculus canorus	Common Cuckoo	1
57903	276496	52970	blackc1	Sylvia atricapilla	Eurasian Blackcap	1
57904	276496	52970	cowpig1	Columba palumbus	Common Wood-Pigeon	1
57905	276496	52970	gretit1	Parus major	Great Tit	1
57906	276496	52970	comcha	Fringilla coelebs	Common Chaffinch	1
57907	276496	52970	spofly1	Muscicapa striata	Spotted Flycatcher	1
57908	276496	52970	eurgre1	Chloris chloris	European Greenfinch	1
57909	276496	52970	blutit	Cyanistes caeruleus	Eurasian Blue Tit	2
57910	276496	52970	eurbla	Turdus merula	Eurasian Blackbird	1
57911	276496	52970	comcuc	Cuculus canorus	Common Cuckoo	1
57912	276496	52970	winwre4	Troglodytes troglodytes	Eurasian Wren	1
57913	276497	52971	comcha	Fringilla coelebs	Common Chaffinch	1
57914	276497	52971	eurtre1	Certhia familiaris	Eurasian Treecreeper	1
57915	276497	52971	wiltit1	Poecile montanus	Willow Tit	1
57916	276497	52971	wlwwar	Phylloscopus trochilus	Willow Warbler	1
57917	276497	52971	winwre4	Troglodytes troglodytes	Eurasian Wren	1
57918	276497	52971	blackc1	Sylvia atricapilla	Eurasian Blackcap	1
57919	276498	52972	eurbla	Turdus merula	Eurasian Blackbird	1
57920	276498	52972	winwre4	Troglodytes troglodytes	Eurasian Wren	1
57921	276498	52972	redcro	Loxia curvirostra	Red Crossbill	1
57922	276498	52972	eursis	Spinus spinus	Eurasian Siskin	1
57923	276498	52972	cowpig1	Columba palumbus	Common Wood-Pigeon	1
57924	276498	52972	coatit2	Periparus ater	Coal Tit	1
57925	276499	52973	comcha	Fringilla coelebs	Common Chaffinch	1
57926	276499	52973	winwre4	Troglodytes troglodytes	Eurasian Wren	1
57927	276499	52973	redwin	Turdus iliacus	Redwing	2
57928	276499	52973	wlwwar	Phylloscopus trochilus	Willow Warbler	1
57929	276499	52973	goldcr1	Regulus regulus	Goldcrest	1
57930	276499	52973	trepip	Anthus trivialis	Tree Pipit	1
57931	276499	52973	eupfly1	Ficedula hypoleuca	European Pied Flycatcher	1
57932	276500	52974	cowpig1	Columba palumbus	Common Wood-Pigeon	1
57933	276500	52974	comcha	Fringilla coelebs	Common Chaffinch	1
57934	276500	52974	wlwwar	Phylloscopus trochilus	Willow Warbler	1
57935	276500	52974	comcuc	Cuculus canorus	Common Cuckoo	1
57936	276500	52974	sonthr1	Turdus philomelos	Song Thrush	1
57937	276500	52974	eurrob1	Erithacus rubecula	European Robin	1
57938	276500	52974	redwin	Turdus iliacus	Redwing	1
57939	276501	52975	trepip	Anthus trivialis	Tree Pipit	1
57940	276501	52975	comred2	Phoenicurus phoenicurus	Common Redstart	1
57941	276501	52975	wlwwar	Phylloscopus trochilus	Willow Warbler	1
57942	276501	52975	sonthr1	Turdus philomelos	Song Thrush	1
57947	276503	52977	eurrob1	Erithacus rubecula	European Robin	1
57948	276503	52977	dunnoc1	Prunella modularis	Dunnock	1
57949	276503	52977	wlwwar	Phylloscopus trochilus	Willow Warbler	1
57950	276503	52977	eurgre1	Chloris chloris	European Greenfinch	2
57951	276503	52977	blutit	Cyanistes caeruleus	Eurasian Blue Tit	1
57952	276503	52977	comcha	Fringilla coelebs	Common Chaffinch	1
57953	276503	52977	eurbla	Turdus merula	Eurasian Blackbird	1
57963	276505	52979	eurrob1	Erithacus rubecula	European Robin	1
57964	276505	52979	comcha	Fringilla coelebs	Common Chaffinch	1
57965	276505	52979	gretit1	Parus major	Great Tit	1
57966	276506	52980	cowpig1	Columba palumbus	Common Wood-Pigeon	1
57967	276506	52980	comcha	Fringilla coelebs	Common Chaffinch	1
57968	276506	52980	gretit1	Parus major	Great Tit	1
57969	276506	52980	wlwwar	Phylloscopus trochilus	Willow Warbler	1
57970	276506	52980	eurbla	Turdus merula	Eurasian Blackbird	1
57996	276513	52987	comred2	Phoenicurus phoenicurus	Common Redstart	1
57997	276513	52987	wlwwar	Phylloscopus trochilus	Willow Warbler	1
57998	276513	52987	comsan	Actitis hypoleucos	Common Sandpiper	1
58237	276557	53037	comcha	Fringilla coelebs	Common Chaffinch	1
58238	276557	53037	stodov1	Columba oenas	Stock Dove	1
58254	276561	53041	sonthr1	Turdus philomelos	Song Thrush	1
58239	276557	53037	eurrob1	Erithacus rubecula	European Robin	1
58240	276557	53037	yellow2	Emberiza citrinella	Yellowhammer	1
58241	276557	53037	wlwwar	Phylloscopus trochilus	Willow Warbler	2
58253	276561	53041	redwin	Turdus iliacus	Redwing	1
58255	276561	53041	eurrob1	Erithacus rubecula	European Robin	1
58256	276561	53041	eurbla	Turdus merula	Eurasian Blackbird	1
58259	276563	53043	eurtre1	Certhia familiaris	Eurasian Treecreeper	1
58260	276563	53043	eurrob1	Erithacus rubecula	European Robin	1
58261	276563	53043	cowpig1	Columba palumbus	Common Wood-Pigeon	1
58262	276563	53043	eursis	Spinus spinus	Eurasian Siskin	1
58263	276564	53044	eursis	Spinus spinus	Eurasian Siskin	1
58264	276564	53044	eurtre1	Certhia familiaris	Eurasian Treecreeper	1
58265	276564	53044	comcha	Fringilla coelebs	Common Chaffinch	1
58266	276564	53044	brambl	Fringilla montifringilla	Brambling	2
58278	276567	53047	eurtre1	Certhia familiaris	Eurasian Treecreeper	1
58279	276567	53047	cowpig1	Columba palumbus	Common Wood-Pigeon	1
58280	276567	53047	comcha	Fringilla coelebs	Common Chaffinch	1
58281	276567	53047	dunnoc1	Prunella modularis	Dunnock	1
58282	276567	53047	blutit	Cyanistes caeruleus	Eurasian Blue Tit	2
58283	276567	53047	goldcr1	Regulus regulus	Goldcrest	1
58296	276570	53050	comcha	Fringilla coelebs	Common Chaffinch	1
58297	276570	53050	eupfly1	Ficedula hypoleuca	European Pied Flycatcher	1
58298	276570	53050	wlwwar	Phylloscopus trochilus	Willow Warbler	1
58299	276570	53050	garwar1	Sylvia borin	Garden Warbler	1
58300	276570	53050	yellow2	Emberiza citrinella	Yellowhammer	1
58301	276570	53050	fieldf	Turdus pilaris	Fieldfare	1
58310	276574	53054	sonthr1	Turdus philomelos	Song Thrush	1
58311	276574	53054	redwin	Turdus iliacus	Redwing	1
58312	276574	53054	eurwoo	Scolopax rusticola	Eurasian Woodcock	1
58313	276574	53054	eurrob1	Erithacus rubecula	European Robin	1
58316	276576	53056	sonthr1	Turdus philomelos	Song Thrush	1
58317	276576	53056	redwin	Turdus iliacus	Redwing	1
58318	276576	53056	eursis	Spinus spinus	Eurasian Siskin	1
58319	276576	53056	gretit1	Parus major	Great Tit	1
58320	276576	53056	wiltit1	Poecile montanus	Willow Tit	1
58350	276582	53062	comcha	Fringilla coelebs	Common Chaffinch	1
58351	276582	53062	grswoo	Dendrocopos major	Great Spotted Woodpecker	1
58330	276579	53059	gretit1	Parus major	Great Tit	1
58331	276579	53059	eurtre1	Certhia familiaris	Eurasian Treecreeper	1
58332	276579	53059	eursis	Spinus spinus	Eurasian Siskin	1
58333	276579	53059	hazgro1	Tetrastes bonasia	Hazel Grouse	1
58349	276582	53062	sonthr1	Turdus philomelos	Song Thrush	1
58352	276582	53062	eursis	Spinus spinus	Eurasian Siskin	1
58353	276582	53062	redcro	Loxia curvirostra	Red Crossbill	2
58385	276587	53067	comchi1	Phylloscopus collybita	Common Chiffchaff	1
58386	276587	53067	sonthr1	Turdus philomelos	Song Thrush	1
58387	276587	53067	cowpig1	Columba palumbus	Common Wood-Pigeon	1
58388	276587	53067	eurrob1	Erithacus rubecula	European Robin	1
58389	276587	53067	blackc1	Sylvia atricapilla	Eurasian Blackcap	2
58390	276587	53067	wlwwar	Phylloscopus trochilus	Willow Warbler	1
58391	276587	53067	comcha	Fringilla coelebs	Common Chaffinch	1
58392	276587	53067	spofly1	Muscicapa striata	Spotted Flycatcher	1
58393	276587	53067	eurgre1	Chloris chloris	European Greenfinch	1
58394	276588	53068	dunnoc1	Prunella modularis	Dunnock	1
58395	276588	53068	gretit1	Parus major	Great Tit	1
58396	276588	53068	hawfin	Coccothraustes coccothraustes	Hawfinch	1
58397	276588	53068	yellow2	Emberiza citrinella	Yellowhammer	1
58398	276588	53068	fieldf	Turdus pilaris	Fieldfare	1
58399	276588	53068	wlwwar	Phylloscopus trochilus	Willow Warbler	1
58400	276588	53068	comchi1	Phylloscopus collybita	Common Chiffchaff	1
58401	276588	53068	comcha	Fringilla coelebs	Common Chaffinch	1
58402	276588	53068	winwre4	Troglodytes troglodytes	Eurasian Wren	1
58446	276594	53074	winwre4	Troglodytes troglodytes	Eurasian Wren	2
58447	276594	53074	comchi1	Phylloscopus collybita	Common Chiffchaff	1
58448	276594	53074	comcha	Fringilla coelebs	Common Chaffinch	1
58449	276594	53074	cowpig1	Columba palumbus	Common Wood-Pigeon	1
58450	276594	53074	eursis	Spinus spinus	Eurasian Siskin	1
58451	276594	53074	eurmag1	Pica pica	Eurasian Magpie	1
58409	276589	53069	blackc1	Sylvia atricapilla	Eurasian Blackcap	1
58410	276589	53069	comchi1	Phylloscopus collybita	Common Chiffchaff	1
58417	276590	53070	comchi1	Phylloscopus collybita	Common Chiffchaff	1
58411	276589	53069	wlwwar	Phylloscopus trochilus	Willow Warbler	1
58412	276589	53069	goldcr1	Regulus regulus	Goldcrest	1
58413	276589	53069	cowpig1	Columba palumbus	Common Wood-Pigeon	1
58414	276589	53069	winwre4	Troglodytes troglodytes	Eurasian Wren	1
58415	276589	53069	redwin	Turdus iliacus	Redwing	1
58416	276590	53070	eurgre1	Chloris chloris	European Greenfinch	1
58418	276590	53070	blackc1	Sylvia atricapilla	Eurasian Blackcap	1
58419	276590	53070	blutit	Cyanistes caeruleus	Eurasian Blue Tit	1
58420	276590	53070	cowpig1	Columba palumbus	Common Wood-Pigeon	1
58421	276590	53070	goldcr1	Regulus regulus	Goldcrest	1
58422	276590	53070	eurbla	Turdus merula	Eurasian Blackbird	1
58423	276590	53070	sonthr1	Turdus philomelos	Song Thrush	2
58491	276599	53079	comchi1	Phylloscopus collybita	Common Chiffchaff	1
58492	276599	53079	comcha	Fringilla coelebs	Common Chaffinch	1
58493	276599	53079	fieldf	Turdus pilaris	Fieldfare	1
58494	276599	53079	winwre4	Troglodytes troglodytes	Eurasian Wren	1
58495	276599	53079	blutit	Cyanistes caeruleus	Eurasian Blue Tit	1
58496	276599	53079	cowpig1	Columba palumbus	Common Wood-Pigeon	1
58483	276598	53078	winwre4	Troglodytes troglodytes	Eurasian Wren	1
58484	276598	53078	redwin	Turdus iliacus	Redwing	1
58485	276598	53078	fieldf	Turdus pilaris	Fieldfare	1
58486	276598	53078	blackc1	Sylvia atricapilla	Eurasian Blackcap	1
58487	276598	53078	goldcr1	Regulus regulus	Goldcrest	1
58488	276598	53078	eurrob1	Erithacus rubecula	European Robin	1
58489	276598	53078	eupfly1	Ficedula hypoleuca	European Pied Flycatcher	1
58490	276599	53079	blackc1	Sylvia atricapilla	Eurasian Blackcap	1
58497	276599	53079	ictwar1	Hippolais icterina	Icterine Warbler	1
58498	276599	53079	eurgre1	Chloris chloris	European Greenfinch	1
58503	276601	53081	blackc1	Sylvia atricapilla	Eurasian Blackcap	1
58504	276601	53081	redwin	Turdus iliacus	Redwing	1
58505	276601	53081	cowpig1	Columba palumbus	Common Wood-Pigeon	1
58506	276601	53081	eurgre1	Chloris chloris	European Greenfinch	1
58507	276601	53081	eurbla	Turdus merula	Eurasian Blackbird	1
58508	276601	53081	comchi1	Phylloscopus collybita	Common Chiffchaff	1
58518	276603	53083	sonthr1	Turdus philomelos	Song Thrush	1
58519	276603	53083	eurgre1	Chloris chloris	European Greenfinch	1
58520	276603	53083	fieldf	Turdus pilaris	Fieldfare	1
58521	276603	53083	redwin	Turdus iliacus	Redwing	1
58522	276603	53083	gretit1	Parus major	Great Tit	1
58523	276603	53083	eupfly1	Ficedula hypoleuca	European Pied Flycatcher	2
58530	276604	53089	sonthr1	Turdus philomelos	Song Thrush	1
58531	276604	53089	wlwwar	Phylloscopus trochilus	Willow Warbler	1
58532	276604	53089	goldcr1	Regulus regulus	Goldcrest	1
58533	276604	53089	coatit2	Periparus ater	Coal Tit	1
58534	276604	53089	comsan	Actitis hypoleucos	Common Sandpiper	1
58535	276604	53089	dunnoc1	Prunella modularis	Dunnock	1
58540	276605	53094	eurtre1	Certhia familiaris	Eurasian Treecreeper	1
58541	276605	53094	eursis	Spinus spinus	Eurasian Siskin	1
58542	276605	53094	gretit1	Parus major	Great Tit	1
58543	276605	53094	blutit	Cyanistes caeruleus	Eurasian Blue Tit	1
58546	276606	53097	comred2	Phoenicurus phoenicurus	Common Redstart	1
58547	276606	53097	brambl	Fringilla montifringilla	Brambling	1
58552	276607	53102	goldcr1	Regulus regulus	Goldcrest	1
58553	276607	53102	eurtre1	Certhia familiaris	Eurasian Treecreeper	1
58554	276607	53102	wiltit1	Poecile montanus	Willow Tit	1
58556	276608	53105	lottit1	Aegithalos caudatus	Long-tailed Tit	1
58557	276608	53105	comcha	Fringilla coelebs	Common Chaffinch	1
58558	276608	53105	gretit1	Parus major	Great Tit	1
58559	276608	53105	eursis	Spinus spinus	Eurasian Siskin	1
58560	276608	53105	eurtre1	Certhia familiaris	Eurasian Treecreeper	1
58593	276609	53106	eurtre1	Certhia familiaris	Eurasian Treecreeper	1
58684	276625	53144	comcha	Fringilla coelebs	Common Chaffinch	1
58685	276625	53144	coatit2	Periparus ater	Coal Tit	1
58686	276625	53144	trepip	Anthus trivialis	Tree Pipit	1
58687	276625	53144	spofly1	Muscicapa striata	Spotted Flycatcher	1
58696	276627	53146	winwre4	Troglodytes troglodytes	Eurasian Wren	1
58697	276627	53146	eurrob1	Erithacus rubecula	European Robin	1
58709	276630	53149	eupfly1	Ficedula hypoleuca	European Pied Flycatcher	1
58710	276630	53149	wlwwar	Phylloscopus trochilus	Willow Warbler	1
58688	276625	53144	eurrob1	Erithacus rubecula	European Robin	1
58689	276625	53144	eursis	Spinus spinus	Eurasian Siskin	1
58690	276625	53144	goldcr1	Regulus regulus	Goldcrest	1
58695	276627	53146	spofly1	Muscicapa striata	Spotted Flycatcher	1
58711	276630	53149	comcha	Fringilla coelebs	Common Chaffinch	1
58715	276632	53151	wlwwar	Phylloscopus trochilus	Willow Warbler	1
58716	276632	53151	comcha	Fringilla coelebs	Common Chaffinch	1
58717	276632	53151	eupfly1	Ficedula hypoleuca	European Pied Flycatcher	1
58718	276632	53151	eurrob1	Erithacus rubecula	European Robin	1
58719	276632	53151	gretit1	Parus major	Great Tit	1
58726	276635	53154	wlwwar	Phylloscopus trochilus	Willow Warbler	1
58727	276635	53154	trepip	Anthus trivialis	Tree Pipit	1
58728	276635	53154	comcha	Fringilla coelebs	Common Chaffinch	1
58729	276636	53155	wlwwar	Phylloscopus trochilus	Willow Warbler	1
58730	276636	53155	trepip	Anthus trivialis	Tree Pipit	1
58731	276636	53155	comcuc	Cuculus canorus	Common Cuckoo	1
58732	276636	53155	eurrob1	Erithacus rubecula	European Robin	2
58733	276636	53155	comcha	Fringilla coelebs	Common Chaffinch	1
58734	276636	53155	gretit1	Parus major	Great Tit	1
58735	276637	53156	sonthr1	Turdus philomelos	Song Thrush	1
58736	276637	53156	trepip	Anthus trivialis	Tree Pipit	1
58737	276637	53156	wlwwar	Phylloscopus trochilus	Willow Warbler	1
58738	276638	53157	wlwwar	Phylloscopus trochilus	Willow Warbler	1
58739	276638	53157	spofly1	Muscicapa striata	Spotted Flycatcher	1
58740	276638	53157	comcha	Fringilla coelebs	Common Chaffinch	2
58760	276640	53159	comcha	Fringilla coelebs	Common Chaffinch	1
58761	276640	53159	wlwwar	Phylloscopus trochilus	Willow Warbler	1
58762	276640	53159	eursis	Spinus spinus	Eurasian Siskin	1
58763	276640	53159	gretit1	Parus major	Great Tit	1
58772	276644	53169	wlwwar	Phylloscopus trochilus	Willow Warbler	1
58773	276644	53169	comcha	Fringilla coelebs	Common Chaffinch	1
58774	276644	53169	winwre4	Troglodytes troglodytes	Eurasian Wren	1
58775	276644	53169	goldcr1	Regulus regulus	Goldcrest	1
58776	276644	53169	gretit1	Parus major	Great Tit	1
58777	276645	53170	gretit1	Parus major	Great Tit	1
58778	276645	53170	goldcr1	Regulus regulus	Goldcrest	1
58779	276645	53170	eursis	Spinus spinus	Eurasian Siskin	1
58782	276647	53172	goldcr1	Regulus regulus	Goldcrest	1
58783	276647	53172	eurtre1	Certhia familiaris	Eurasian Treecreeper	1
58784	276647	53172	cretit2	Lophophanes cristatus	Crested Tit	1
58802	276651	53176	comcha	Fringilla coelebs	Common Chaffinch	1
58803	276651	53176	trepip	Anthus trivialis	Tree Pipit	1
58804	276651	53176	brambl	Fringilla montifringilla	Brambling	2
58805	276651	53176	sonthr1	Turdus philomelos	Song Thrush	1
58806	276651	53176	spofly1	Muscicapa striata	Spotted Flycatcher	1
58816	276654	53179	winwre4	Troglodytes troglodytes	Eurasian Wren	1
58817	276654	53179	eursis	Spinus spinus	Eurasian Siskin	1
58818	276654	53179	sonthr1	Turdus philomelos	Song Thrush	1
58819	276654	53179	comcha	Fringilla coelebs	Common Chaffinch	1
58825	276656	53181	trepip	Anthus trivialis	Tree Pipit	1
58826	276656	53181	comcha	Fringilla coelebs	Common Chaffinch	1
58827	276656	53181	comcuc	Cuculus canorus	Common Cuckoo	1
58828	276656	53181	comchi1	Phylloscopus collybita	Common Chiffchaff	1
58829	276656	53181	sonthr1	Turdus philomelos	Song Thrush	1
58830	276656	53181	winwre4	Troglodytes troglodytes	Eurasian Wren	1
58841	276659	53184	parcro2	Loxia pytyopsittacus	Parrot Crossbill	1
58842	276659	53184	goldcr1	Regulus regulus	Goldcrest	1
58843	276659	53184	eurtre1	Certhia familiaris	Eurasian Treecreeper	1
58844	276659	53184	blutit	Cyanistes caeruleus	Eurasian Blue Tit	2
58845	276660	53185	eurrob1	Erithacus rubecula	European Robin	1
58846	276660	53185	winwre4	Troglodytes troglodytes	Eurasian Wren	1
58847	276660	53185	eursis	Spinus spinus	Eurasian Siskin	1
58848	276660	53185	comcha	Fringilla coelebs	Common Chaffinch	1
58859	276663	53188	eurtre1	Certhia familiaris	Eurasian Treecreeper	1
58860	276663	53188	wlwwar	Phylloscopus trochilus	Willow Warbler	1
58861	276663	53188	winwre4	Troglodytes troglodytes	Eurasian Wren	1
58862	276663	53188	cowpig1	Columba palumbus	Common Wood-Pigeon	1
58863	276664	53189	winwre4	Troglodytes troglodytes	Eurasian Wren	1
58864	276664	53189	wlwwar	Phylloscopus trochilus	Willow Warbler	1
58865	276664	53189	blutit	Cyanistes caeruleus	Eurasian Blue Tit	2
58866	276664	53189	fieldf	Turdus pilaris	Fieldfare	2
58867	276664	53189	gretit1	Parus major	Great Tit	1
58875	276667	53192	goldcr1	Regulus regulus	Goldcrest	1
58876	276667	53192	eurtre1	Certhia familiaris	Eurasian Treecreeper	1
58883	276669	53194	comcha	Fringilla coelebs	Common Chaffinch	1
58884	276669	53194	wlwwar	Phylloscopus trochilus	Willow Warbler	1
58885	276669	53194	yellow2	Emberiza citrinella	Yellowhammer	1
58886	276669	53194	winwre4	Troglodytes troglodytes	Eurasian Wren	1
58887	276669	53194	sonthr1	Turdus philomelos	Song Thrush	2
58888	276670	53195	wlwwar	Phylloscopus trochilus	Willow Warbler	1
58889	276670	53195	winwre4	Troglodytes troglodytes	Eurasian Wren	1
58890	276670	53195	trepip	Anthus trivialis	Tree Pipit	1
58891	276670	53195	comcha	Fringilla coelebs	Common Chaffinch	1
58892	276671	53196	eurrob1	Erithacus rubecula	European Robin	1
58893	276671	53196	sonthr1	Turdus philomelos	Song Thrush	1
58913	276677	53202	cowpig1	Columba palumbus	Common Wood-Pigeon	1
58914	276677	53202	eurbla	Turdus merula	Eurasian Blackbird	1
58915	276677	53202	winwre4	Troglodytes troglodytes	Eurasian Wren	1
58959	276680	53238	eurbla	Turdus merula	Eurasian Blackbird	1
58960	276680	53238	blackc1	Sylvia atricapilla	Eurasian Blackcap	1
58961	276680	53238	comcha	Fringilla coelebs	Common Chaffinch	1
58962	276680	53238	wlwwar	Phylloscopus trochilus	Willow Warbler	1
58963	276680	53238	spofly1	Muscicapa striata	Spotted Flycatcher	1
58964	276680	53238	eurrob1	Erithacus rubecula	European Robin	1
58982	276683	53241	eurbla	Turdus merula	Eurasian Blackbird	1
58983	276683	53241	comcha	Fringilla coelebs	Common Chaffinch	1
58984	276683	53241	eursis	Spinus spinus	Eurasian Siskin	1
58985	276683	53241	wlwwar	Phylloscopus trochilus	Willow Warbler	1
58986	276684	53242	wlwwar	Phylloscopus trochilus	Willow Warbler	1
58987	276684	53242	comcha	Fringilla coelebs	Common Chaffinch	1
58988	276685	53243	comcha	Fringilla coelebs	Common Chaffinch	1
58989	276685	53243	winwre4	Troglodytes troglodytes	Eurasian Wren	1
58990	276685	53243	trepip	Anthus trivialis	Tree Pipit	1
58991	276685	53243	blutit	Cyanistes caeruleus	Eurasian Blue Tit	1
59008	276690	53248	eurbla	Turdus merula	Eurasian Blackbird	1
59009	276690	53248	comcha	Fringilla coelebs	Common Chaffinch	1
59010	276690	53248	wlwwar	Phylloscopus trochilus	Willow Warbler	1
58999	276687	53245	winwre4	Troglodytes troglodytes	Eurasian Wren	1
59000	276687	53245	eursis	Spinus spinus	Eurasian Siskin	1
59001	276687	53245	eurrob1	Erithacus rubecula	European Robin	1
59004	276689	53247	eupfly1	Ficedula hypoleuca	European Pied Flycatcher	1
59005	276689	53247	eurrob1	Erithacus rubecula	European Robin	1
59006	276689	53247	winwre4	Troglodytes troglodytes	Eurasian Wren	1
59007	276690	53248	winwre4	Troglodytes troglodytes	Eurasian Wren	1
59011	276690	53248	eurrob1	Erithacus rubecula	European Robin	1
59022	276693	53251	eurrob1	Erithacus rubecula	European Robin	1
59023	276693	53251	sonthr1	Turdus philomelos	Song Thrush	1
59024	276693	53251	comcha	Fringilla coelebs	Common Chaffinch	1
59025	276693	53251	trepip	Anthus trivialis	Tree Pipit	1
59026	276693	53251	eursis	Spinus spinus	Eurasian Siskin	1
59027	276693	53251	coatit2	Periparus ater	Coal Tit	1
59029	276695	53253	comcha	Fringilla coelebs	Common Chaffinch	1
59030	276695	53253	eurbla	Turdus merula	Eurasian Blackbird	1
59031	276695	53253	wlwwar	Phylloscopus trochilus	Willow Warbler	1
