species_annotation_id	recording_id	annotation_id	species_code	scientific_name	common_name	occurrence
54171	244377	49433	yellow2	Emberiza citrinella	Yellowhammer	1
54172	244377	49433	redwin	Turdus iliacus	Redwing	1
54173	244377	49433	sonthr1	Turdus philomelos	Song Thrush	1
54174	244377	49433	eurbla	Turdus merula	Eurasian Blackbird	1
54179	244379	49467	wlwwar	Phylloscopus trochilus	Willow Warbler	1
54180	244380	49468	wlwwar	Phylloscopus trochilus	Willow Warbler	1
54181	244381	49469	wlwwar	Phylloscopus trochilus	Willow Warbler	1
54226	244362	49496	comchi1	Phylloscopus collybita	Common Chiffchaff	1
54227	244362	49496	comcha	Fringilla coelebs	Common Chaffinch	1
54250	244434	49508	redwin	Turdus iliacus	Redwing	1
54244	244430	49504	wlwwar	Phylloscopus trochilus	Willow Warbler	1
54245	244430	49504	redwin	Turdus iliacus	Redwing	1
54246	244431	49505	wlwwar	Phylloscopus trochilus	Willow Warbler	1
54251	244434	49508	wlwwar	Phylloscopus trochilus	Willow Warbler	1
46452	244604	42389	gretit1	Parus major	Great Tit	1
46453	244604	42389	comcha	Fringilla coelebs	Common Chaffinch	1
46456	244606	42391	comcha	Fringilla coelebs	Common Chaffinch	1
46457	244606	42391	gretit1	Parus major	Great Tit	1
46467	244611	42396	comcha	Fringilla coelebs	Common Chaffinch	1
46493	244366	42411	redwin	Turdus iliacus	Redwing	1
46489	244365	42410	redwin	Turdus iliacus	Redwing	1
46490	244365	42410	leswhi4	Sylvia curruca	Lesser Whitethroat	1
46491	244365	42410	gretit1	Parus major	Great Tit	1
46492	244366	42411	eurbla	Turdus merula	Eurasian Blackbird	1
46494	244366	42411	trepip	Anthus trivialis	Tree Pipit	1
46495	244366	42411	eurtre1	Certhia familiaris	Eurasian Treecreeper	2
46498	244368	42413	redwin	Turdus iliacus	Redwing	1
46499	244368	42413	yellow2	Emberiza citrinella	Yellowhammer	1
46500	244368	42413	eurbla	Turdus merula	Eurasian Blackbird	1
46501	244369	42414	redwin	Turdus iliacus	Redwing	1
46502	244369	42414	yellow2	Emberiza citrinella	Yellowhammer	1
46503	244369	42414	eursis	Spinus spinus	Eurasian Siskin	1
46504	244369	42414	gretit1	Parus major	Great Tit	1
46458	244607	42392	comcha	Fringilla coelebs	Common Chaffinch	1
46459	244608	42393	comcha	Fringilla coelebs	Common Chaffinch	1
46460	244608	42393	gretit1	Parus major	Great Tit	1
46461	244608	42393	eursis	Spinus spinus	Eurasian Siskin	1
46478	244616	42406	eurwoo	Scolopax rusticola	Eurasian Woodcock	1
46510	244372	42420	redwin	Turdus iliacus	Redwing	1
46464	244609	42394	comcha	Fringilla coelebs	Common Chaffinch	1
46465	244609	42394	gretit1	Parus major	Great Tit	1
46477	244616	42406	comcha	Fringilla coelebs	Common Chaffinch	1
46511	244372	42420	yellow2	Emberiza citrinella	Yellowhammer	1
46512	244372	42420	gretit1	Parus major	Great Tit	1
46513	244372	42420	eurbla	Turdus merula	Eurasian Blackbird	1
46482	244364	42409	yellow2	Emberiza citrinella	Yellowhammer	1
46474	244615	42400	comcha	Fringilla coelebs	Common Chaffinch	1
46479	244617	42407	comcha	Fringilla coelebs	Common Chaffinch	1
46483	244364	42409	eurbul	Pyrrhula pyrrhula	Eurasian Bullfinch	1
46484	244364	42409	redwin	Turdus iliacus	Redwing	1
46485	244364	42409	gretit1	Parus major	Great Tit	1
46486	244364	42409	blrwar1	Acrocephalus dumetorum	Blyth's Reed Warbler	1
46487	244364	42409	eurtre1	Certhia familiaris	Eurasian Treecreeper	1
46488	244364	42409	eurbla	Turdus merula	Eurasian Blackbird	1
46496	244367	42412	yellow2	Emberiza citrinella	Yellowhammer	1
46497	244367	42412	redwin	Turdus iliacus	Redwing	1
46505	244370	42415	redwin	Turdus iliacus	Redwing	1
46506	244370	42415	yellow2	Emberiza citrinella	Yellowhammer	1
46455	244605	42390	gretit1	Parus major	Great Tit	1
46466	244610	42395	comcha	Fringilla coelebs	Common Chaffinch	1
46454	244605	42390	comcha	Fringilla coelebs	Common Chaffinch	1
46469	244612	42397	comcha	Fringilla coelebs	Common Chaffinch	1
46470	244613	42398	comcha	Fringilla coelebs	Common Chaffinch	1
46471	244613	42398	gretit1	Parus major	Great Tit	1
46472	244614	42399	comcha	Fringilla coelebs	Common Chaffinch	1
46473	244614	42399	eursis	Spinus spinus	Eurasian Siskin	1
46481	244618	42408	comcha	Fringilla coelebs	Common Chaffinch	1
46507	244371	42419	redwin	Turdus iliacus	Redwing	1
46508	244371	42419	yellow2	Emberiza citrinella	Yellowhammer	1
46509	244371	42419	eurbla	Turdus merula	Eurasian Blackbird	1
54039	244373	49429	redwin	Turdus iliacus	Redwing	1
54040	244373	49429	yellow2	Emberiza citrinella	Yellowhammer	1
54041	244373	49429	eurbla	Turdus merula	Eurasian Blackbird	1
54042	244373	49429	sonthr1	Turdus philomelos	Song Thrush	1
54043	244373	49429	whiwag	Motacilla alba	White Wagtail	1
54044	244374	49430	eurbla	Turdus merula	Eurasian Blackbird	1
54045	244374	49430	redwin	Turdus iliacus	Redwing	1
54176	244378	49466	eurbla	Turdus merula	Eurasian Blackbird	1
54177	244378	49466	redwin	Turdus iliacus	Redwing	1
54178	244378	49466	yellow2	Emberiza citrinella	Yellowhammer	1
54184	244384	49472	wlwwar	Phylloscopus trochilus	Willow Warbler	1
54185	244385	49473	wlwwar	Phylloscopus trochilus	Willow Warbler	1
54193	244390	49479	wlwwar	Phylloscopus trochilus	Willow Warbler	1
54195	244393	49482	wlwwar	Phylloscopus trochilus	Willow Warbler	1
54202	244351	49485	wlwwar	Phylloscopus trochilus	Willow Warbler	1
54203	244352	49486	gretit1	Parus major	Great Tit	1
54204	244352	49486	wlwwar	Phylloscopus trochilus	Willow Warbler	1
54207	244354	49488	wlwwar	Phylloscopus trochilus	Willow Warbler	1
54208	244354	49488	comcha	Fringilla coelebs	Common Chaffinch	1
54222	244360	49494	wlwwar	Phylloscopus trochilus	Willow Warbler	1
54223	244360	49494	comchi1	Phylloscopus collybita	Common Chiffchaff	1
54224	244361	49495	comchi1	Phylloscopus collybita	Common Chiffchaff	1
54225	244361	49495	comcha	Fringilla coelebs	Common Chaffinch	1
54233	244425	49499	eurjac	Corvus monedula	Eurasian Jackdaw	1
54234	244425	49499	wlwwar	Phylloscopus trochilus	Willow Warbler	1
54235	244425	49499	redwin	Turdus iliacus	Redwing	1
54249	244433	49507	wlwwar	Phylloscopus trochilus	Willow Warbler	1
54240	244428	49502	redwin	Turdus iliacus	Redwing	1
54241	244428	49502	wlwwar	Phylloscopus trochilus	Willow Warbler	1
54248	244433	49507	redwin	Turdus iliacus	Redwing	1
54258	244436	49510	redwin	Turdus iliacus	Redwing	1
54259	244436	49510	wlwwar	Phylloscopus trochilus	Willow Warbler	1
54260	244436	49510	comred2	Phoenicurus phoenicurus	Common Redstart	1
54309	244437	49550	comred2	Phoenicurus phoenicurus	Common Redstart	1
54310	244438	49551	comred2	Phoenicurus phoenicurus	Common Redstart	1
54311	244438	49551	wlwwar	Phylloscopus trochilus	Willow Warbler	1
54312	244409	49567	comcha	Fringilla coelebs	Common Chaffinch	1
54050	244376	49432	yellow2	Emberiza citrinella	Yellowhammer	1
54051	244376	49432	redwin	Turdus iliacus	Redwing	1
54052	244376	49432	eurbla	Turdus merula	Eurasian Blackbird	1
54187	244387	49475	wlwwar	Phylloscopus trochilus	Willow Warbler	1
54191	244389	49478	wlwwar	Phylloscopus trochilus	Willow Warbler	1
54205	244353	49487	wlwwar	Phylloscopus trochilus	Willow Warbler	1
54206	244353	49487	gretit1	Parus major	Great Tit	1
54186	244386	49474	wlwwar	Phylloscopus trochilus	Willow Warbler	1
54209	244355	49489	comcha	Fringilla coelebs	Common Chaffinch	1
54210	244355	49489	wlwwar	Phylloscopus trochilus	Willow Warbler	1
54228	244363	49497	comchi1	Phylloscopus collybita	Common Chiffchaff	1
54229	244363	49497	comcha	Fringilla coelebs	Common Chaffinch	1
54230	244424	49498	eurjac	Corvus monedula	Eurasian Jackdaw	1
54231	244424	49498	wlwwar	Phylloscopus trochilus	Willow Warbler	1
54232	244424	49498	redwin	Turdus iliacus	Redwing	1
54239	244427	49501	wlwwar	Phylloscopus trochilus	Willow Warbler	1
54256	244435	49509	wlwwar	Phylloscopus trochilus	Willow Warbler	1
54257	244435	49509	comred2	Phoenicurus phoenicurus	Common Redstart	1
54046	244375	49431	redwin	Turdus iliacus	Redwing	1
54047	244375	49431	yellow2	Emberiza citrinella	Yellowhammer	1
54048	244375	49431	trepip	Anthus trivialis	Tree Pipit	1
54049	244375	49431	eurbla	Turdus merula	Eurasian Blackbird	1
54182	244382	49470	wlwwar	Phylloscopus trochilus	Willow Warbler	1
54183	244383	49471	wlwwar	Phylloscopus trochilus	Willow Warbler	1
54197	244349	49483	comcha	Fringilla coelebs	Common Chaffinch	1
54194	244392	49481	wlwwar	Phylloscopus trochilus	Willow Warbler	1
54196	244349	49483	wlwwar	Phylloscopus trochilus	Willow Warbler	1
54198	244350	49484	comcha	Fringilla coelebs	Common Chaffinch	1
54199	244350	49484	wlwwar	Phylloscopus trochilus	Willow Warbler	1
54200	244350	49484	trepip	Anthus trivialis	Tree Pipit	1
54201	244350	49484	eurbla	Turdus merula	Eurasian Blackbird	1
54211	244356	49490	wlwwar	Phylloscopus trochilus	Willow Warbler	1
54212	244356	49490	comcha	Fringilla coelebs	Common Chaffinch	1
54213	244356	49490	eurbla	Turdus merula	Eurasian Blackbird	1
54214	244357	49491	comcha	Fringilla coelebs	Common Chaffinch	1
54215	244357	49491	wlwwar	Phylloscopus trochilus	Willow Warbler	1
54216	244358	49492	eurbla	Turdus merula	Eurasian Blackbird	1
54217	244358	49492	wlwwar	Phylloscopus trochilus	Willow Warbler	1
54218	244359	49493	wlwwar	Phylloscopus trochilus	Willow Warbler	1
54219	244359	49493	comcha	Fringilla coelebs	Common Chaffinch	1
54243	244429	49503	gretit1	Parus major	Great Tit	2
54247	244432	49506	redwin	Turdus iliacus	Redwing	1
54237	244426	49500	wlwwar	Phylloscopus trochilus	Willow Warbler	1
54242	244429	49503	redwin	Turdus iliacus	Redwing	1
