species_annotation_id	recording_id	annotation_id	species_code	scientific_name	common_name	occurrence
6991	84993	9329	wlwwar	Phylloscopus trochilus	Willow Warbler	1
6980	2675	9318	eurbul	Pyrrhula pyrrhula	Eurasian Bullfinch	1
6982	2649	9323	eugplo	Pluvialis apricaria	European Golden-Plover	1
6990	84993	9329	grswoo	Dendrocopos major	Great Spotted Woodpecker	1
6992	84993	9329	comcha	Fringilla coelebs	Common Chaffinch	1
6993	84982	9330	eurbla	Turdus merula	Eurasian Blackbird	1
6994	85164	9331	grswoo	Dendrocopos major	Great Spotted Woodpecker	1
6998	85119	9335	stodov1	Columba oenas	Stock Dove	1
6999	85119	9335	grswoo	Dendrocopos major	Great Spotted Woodpecker	1
7000	85119	9335	eurbla	Turdus merula	Eurasian Blackbird	1
7003	84974	9339	blutit	Cyanistes caeruleus	Eurasian Blue Tit	1
7004	85041	9340	comcha	Fringilla coelebs	Common Chaffinch	1
7009	85129	9347	barswa	Hirundo rustica	Barn Swallow	1
7011	85106	9349	blawoo1	Dryocopus martius	Black Woodpecker	1
7015	84930	9352	wlwwar	Phylloscopus trochilus	Willow Warbler	1
7021	22891	9365	commoo3	Gallinula chloropus	Eurasian Moorhen	2
7023	130583	9387	houspa	Passer domesticus	House Sparrow	1
7024	131252	9389	houspa	Passer domesticus	House Sparrow	1
7025	130928	9390	trista1	Onychognathus tristramii	Tristram's Starling	2
7026	130452	9392	houspa	Passer domesticus	House Sparrow	2
7029	130437	9397	houspa	Passer domesticus	House Sparrow	1
7032	131308	9401	whsbul1	Pycnonotus xanthopygos	White-spectacled Bulbul	1
6974	2532	9313	brambl	Fringilla montifringilla	Brambling	1
6975	2532	9313	grnsan	Tringa ochropus	Green Sandpiper	1
6976	2515	9315	comred2	Phoenicurus phoenicurus	Common Redstart	1
6977	2581	9317	comred	Acanthis flammea	Common Redpoll	1
6984	2632	9326	brambl	Fringilla montifringilla	Brambling	1
6981	2677	9320	redwin	Turdus iliacus	Redwing	1
6983	2605	9325	misthr1	Turdus viscivorus	Mistle Thrush	1
6985	85168	9328	wlwwar	Phylloscopus trochilus	Willow Warbler	1
6986	85168	9328	trepip	Anthus trivialis	Tree Pipit	1
6987	85168	9328	comcha	Fringilla coelebs	Common Chaffinch	1
6988	85168	9328	blutit	Cyanistes caeruleus	Eurasian Blue Tit	1
6989	85168	9328	stodov1	Columba oenas	Stock Dove	1
6995	85017	9332	grewhi1	Sylvia communis	Greater Whitethroat	1
6996	85017	9332	wlwwar	Phylloscopus trochilus	Willow Warbler	1
6997	85216	9334	sonthr1	Turdus philomelos	Song Thrush	1
7001	85186	9338	gyfwoo1	Picus canus	Gray-headed Woodpecker	1
7002	85186	9338	comrav	Corvus corax	Common Raven	1
7005	85122	9343	comcha	Fringilla coelebs	Common Chaffinch	1
7006	85122	9343	trepip	Anthus trivialis	Tree Pipit	1
7007	85209	9344	eurbla	Turdus merula	Eurasian Blackbird	1
7008	85087	9346	eurgre1	Chloris chloris	European Greenfinch	1
7010	85193	9348	tawowl1	Strix aluco	Tawny Owl	1
7012	84919	9350	blawoo1	Dryocopus martius	Black Woodpecker	1
7013	85143	9351	eurtre1	Certhia familiaris	Eurasian Treecreeper	1
7014	85143	9351	gretit1	Parus major	Great Tit	1
7016	84998	9353	eupfly1	Ficedula hypoleuca	European Pied Flycatcher	1
7017	84998	9353	eurbla	Turdus merula	Eurasian Blackbird	1
7018	84998	9353	comcha	Fringilla coelebs	Common Chaffinch	1
7019	84998	9353	blutit	Cyanistes caeruleus	Eurasian Blue Tit	1
7020	23144	9360	stswar1	Scotocerca inquieta	Scrub Warbler	1
7022	130869	9385	houspa	Passer domesticus	House Sparrow	2
7027	131185	9393	trista1	Onychognathus tristramii	Tristram's Starling	1
7028	131452	9396	hoocro1	Corvus cornix	Hooded Crow	1
7030	131271	9398	laudov1	Streptopelia senegalensis	Laughing Dove	1
7031	131009	9400	whsbul1	Pycnonotus xanthopygos	White-spectacled Bulbul	1
7620	2682	9903	redwin	Turdus iliacus	Redwing	1
7621	2663	9906	pingro	Pinicola enucleator	Pine Grosbeak	1
7622	2523	9908	eurbul	Pyrrhula pyrrhula	Eurasian Bullfinch	1
7624	2618	9911	eaywag1	Motacilla flava	Western Yellow Wagtail	1
7625	2557	9914	gyhchi	Poecile cinctus	Gray-headed Chickadee	2
7626	2536	9916	spofly1	Muscicapa striata	Spotted Flycatcher	1
7627	2538	9918	sibjay1	Perisoreus infaustus	Siberian Jay	2
7630	2547	9921	comred	Acanthis flammea	Common Redpoll	1
7623	2616	9909	comred	Acanthis flammea	Common Redpoll	1
7628	2636	9920	brambl	Fringilla montifringilla	Brambling	1
7629	2636	9920	wiltit1	Poecile montanus	Willow Tit	1
