species_annotation_id	recording_id	annotation_id	species_code	scientific_name	common_name	occurrence
681	84465	720	spofly1	Muscicapa striata	Spotted Flycatcher	2
682	84465	720	eurjay1	Garrulus glandarius	Eurasian Jay	2
683	85930	721	eurjac	Corvus monedula	Eurasian Jackdaw	1
684	85930	721	gretit1	Parus major	Great Tit	1
685	89403	722	garwar1	Sylvia borin	Garden Warbler	1
686	89403	722	yellow2	Emberiza citrinella	Yellowhammer	1
687	89403	722	mewgul	Larus canus	Mew Gull	2
688	86001	723	eurgre1	Chloris chloris	European Greenfinch	1
689	102967	724	goldcr1	Regulus regulus	Goldcrest	1
690	101622	725	comcha	Fringilla coelebs	Common Chaffinch	1
691	101622	725	comrav	Corvus corax	Common Raven	1
693	98976	727	sonthr1	Turdus philomelos	Song Thrush	1
694	98976	727	comcha	Fringilla coelebs	Common Chaffinch	1
863	101946	866	sonthr1	Turdus philomelos	Song Thrush	1
866	104073	870	sonthr1	Turdus philomelos	Song Thrush	1
867	104073	870	eurtre1	Certhia familiaris	Eurasian Treecreeper	1
876	100414	879	eurbla	Turdus merula	Eurasian Blackbird	1
877	100414	879	wlwwar	Phylloscopus trochilus	Willow Warbler	1
878	100414	879	comcha	Fringilla coelebs	Common Chaffinch	1
1224	104068	1318	dunnoc1	Prunella modularis	Dunnock	1
1225	99474	1319	comcha	Fringilla coelebs	Common Chaffinch	1
1226	100368	1320	garwar1	Sylvia borin	Garden Warbler	1
1227	97372	1321	wlwwar	Phylloscopus trochilus	Willow Warbler	1
1235	94657	1329	hoocro1	Corvus cornix	Hooded Crow	1
1236	94657	1329	cowpig1	Columba palumbus	Common Wood-Pigeon	1
1242	99807	1464	comchi1	Phylloscopus collybita	Common Chiffchaff	1
1244	102482	1467	eurrob1	Erithacus rubecula	European Robin	1
1245	99201	1468	eurjay1	Garrulus glandarius	Eurasian Jay	2
1248	93090	1471	eursis	Spinus spinus	Eurasian Siskin	1
1250	87297	1474	rusbun	Emberiza rustica	Rustic Bunting	1
1251	87297	1474	redcro	Loxia curvirostra	Red Crossbill	2
695	84680	729	eurtre1	Certhia familiaris	Eurasian Treecreeper	1
696	91724	730	hergul	Larus argentatus	Herring Gull	1
697	86929	735	eurbla	Turdus merula	Eurasian Blackbird	1
700	104297	738	eurbla	Turdus merula	Eurasian Blackbird	2
701	90473	739	eursis	Spinus spinus	Eurasian Siskin	1
702	90473	739	gretit1	Parus major	Great Tit	1
703	87652	740	blackc1	Sylvia atricapilla	Eurasian Blackcap	1
848	93904	854	wiltit1	Poecile montanus	Willow Tit	1
849	93904	854	eurtre1	Certhia familiaris	Eurasian Treecreeper	2
851	103691	856	comcha	Fringilla coelebs	Common Chaffinch	1
854	83009	858	sonthr1	Turdus philomelos	Song Thrush	2
855	83009	858	eurrob1	Erithacus rubecula	European Robin	2
856	103153	859	sonthr1	Turdus philomelos	Song Thrush	1
858	2795	861	redcro	Loxia curvirostra	Red Crossbill	1
859	2795	861	eursis	Spinus spinus	Eurasian Siskin	1
864	3943	867	grswoo	Dendrocopos major	Great Spotted Woodpecker	1
868	90112	871	goldcr1	Regulus regulus	Goldcrest	1
869	84809	872	eurrob1	Erithacus rubecula	European Robin	1
871	100406	874	comcha	Fringilla coelebs	Common Chaffinch	1
872	100406	874	eurbul	Pyrrhula pyrrhula	Eurasian Bullfinch	2
875	92862	878	redcro	Loxia curvirostra	Red Crossbill	2
879	96975	880	eurrob1	Erithacus rubecula	European Robin	1
214	82386	250	rebfly	Ficedula parva	Red-breasted Flycatcher	1
215	85572	251	eurjac	Corvus monedula	Eurasian Jackdaw	1
692	82030	726	rinphe	Phasianus colchicus	Ring-necked Pheasant	2
698	99860	736	sonthr1	Turdus philomelos	Song Thrush	1
699	99860	736	eurrob1	Erithacus rubecula	European Robin	1
704	93856	741	eurtre1	Certhia familiaris	Eurasian Treecreeper	1
850	96491	855	cowpig1	Columba palumbus	Common Wood-Pigeon	1
852	100399	857	comcha	Fringilla coelebs	Common Chaffinch	1
853	100399	857	wlwwar	Phylloscopus trochilus	Willow Warbler	2
857	94551	860	comcra	Grus grus	Common Crane	1
860	95926	862	sonthr1	Turdus philomelos	Song Thrush	1
861	103427	864	comcha	Fringilla coelebs	Common Chaffinch	1
862	2600	865	brambl	Fringilla montifringilla	Brambling	1
865	102135	869	sonthr1	Turdus philomelos	Song Thrush	1
870	93032	873	comcha	Fringilla coelebs	Common Chaffinch	1
873	89260	875	eurbla	Turdus merula	Eurasian Blackbird	1
874	89260	875	cowpig1	Columba palumbus	Common Wood-Pigeon	1
1	99540	1	eurbla	Turdus merula	Eurasian Blackbird	1
2	82884	2	meapip1	Anthus pratensis	Meadow Pipit	1
3	104620	3	comcha	Fringilla coelebs	Common Chaffinch	1
4	104620	3	cowpig1	Columba palumbus	Common Wood-Pigeon	1
5	104620	3	redwin	Turdus iliacus	Redwing	1
6	104620	3	eurbla	Turdus merula	Eurasian Blackbird	2
7	103618	4	sonthr1	Turdus philomelos	Song Thrush	1
8	91982	6	goldcr1	Regulus regulus	Goldcrest	1
9	83682	8	redwin	Turdus iliacus	Redwing	1
10	83682	8	eurwoo	Scolopax rusticola	Eurasian Woodcock	1
14	92377	10	redcro	Loxia curvirostra	Red Crossbill	1
15	93542	12	goldcr1	Regulus regulus	Goldcrest	2
16	93542	12	gretit1	Parus major	Great Tit	2
17	87080	14	eurrob1	Erithacus rubecula	European Robin	1
18	87080	14	gragoo	Anser anser	Graylag Goose	2
19	100768	15	comcuc	Cuculus canorus	Common Cuckoo	1
20	100768	15	comcha	Fringilla coelebs	Common Chaffinch	1
21	81422	16	gretit1	Parus major	Great Tit	1
22	89404	17	garwar1	Sylvia borin	Garden Warbler	1
23	89404	17	yellow2	Emberiza citrinella	Yellowhammer	1
24	94414	18	cowpig1	Columba palumbus	Common Wood-Pigeon	1
25	94414	18	eurrob1	Erithacus rubecula	European Robin	1
28	97520	21	sonthr1	Turdus philomelos	Song Thrush	1
29	97520	21	comcha	Fringilla coelebs	Common Chaffinch	1
30	88966	22	eurbla	Turdus merula	Eurasian Blackbird	1
34	103405	24	eurrob1	Erithacus rubecula	European Robin	1
1217	103576	1312	eurbla	Turdus merula	Eurasian Blackbird	1
1215	104384	1310	eurrob1	Erithacus rubecula	European Robin	1
1216	91401	1311	trepip	Anthus trivialis	Tree Pipit	1
1218	103576	1312	sonthr1	Turdus philomelos	Song Thrush	2
1219	85055	1315	cowpig1	Columba palumbus	Common Wood-Pigeon	1
1220	85055	1315	eurbla	Turdus merula	Eurasian Blackbird	1
1221	85055	1315	comcha	Fringilla coelebs	Common Chaffinch	1
1222	85344	1316	eurrob1	Erithacus rubecula	European Robin	1
1223	104069	1317	eurbla	Turdus merula	Eurasian Blackbird	1
1228	90528	1322	goldcr1	Regulus regulus	Goldcrest	1
1229	6631	1325	gretit1	Parus major	Great Tit	1
1230	95457	1327	sonthr1	Turdus philomelos	Song Thrush	1
1231	95457	1327	wlwwar	Phylloscopus trochilus	Willow Warbler	1
1232	95457	1327	comcha	Fringilla coelebs	Common Chaffinch	1
1233	95457	1327	eurbla	Turdus merula	Eurasian Blackbird	1
1234	92858	1328	brambl	Fringilla montifringilla	Brambling	1
1237	93750	1330	goldcr1	Regulus regulus	Goldcrest	1
1238	3664	1332	comrav	Corvus corax	Common Raven	1
1239	3664	1332	eurrob1	Erithacus rubecula	European Robin	1
1243	103055	1466	eurrob1	Erithacus rubecula	European Robin	1
1246	89735	1469	whoswa	Cygnus cygnus	Whooper Swan	2
1247	98731	1470	gretit1	Parus major	Great Tit	1
1249	94850	1473	wlwwar	Phylloscopus trochilus	Willow Warbler	1
11	99884	9	comcha	Fringilla coelebs	Common Chaffinch	1
12	99884	9	sonthr1	Turdus philomelos	Song Thrush	1
13	99884	9	redwin	Turdus iliacus	Redwing	1
26	84529	19	wiltit1	Poecile montanus	Willow Tit	1
27	2974	20	blawoo1	Dryocopus martius	Black Woodpecker	1
31	3875	23	sonthr1	Turdus philomelos	Song Thrush	1
32	3875	23	eurbla	Turdus merula	Eurasian Blackbird	1
33	3875	23	fieldf	Turdus pilaris	Fieldfare	1
191	94401	235	sonthr1	Turdus philomelos	Song Thrush	2
192	95613	237	grnsan	Tringa ochropus	Green Sandpiper	1
193	95613	237	redwin	Turdus iliacus	Redwing	2
194	87644	238	wlwwar	Phylloscopus trochilus	Willow Warbler	1
195	2529	239	misthr1	Turdus viscivorus	Mistle Thrush	1
196	2529	239	eupfly1	Ficedula hypoleuca	European Pied Flycatcher	1
197	104702	240	sonthr1	Turdus philomelos	Song Thrush	1
198	104702	240	redwin	Turdus iliacus	Redwing	2
199	86110	241	taibeg1	Anser fabalis	Taiga Bean-Goose	1
200	2816	243	comrav	Corvus corax	Common Raven	1
201	2816	243	comcha	Fringilla coelebs	Common Chaffinch	1
202	88446	244	comcha	Fringilla coelebs	Common Chaffinch	1
203	88446	244	eurbla	Turdus merula	Eurasian Blackbird	1
204	103284	245	comcha	Fringilla coelebs	Common Chaffinch	1
205	103284	245	sonthr1	Turdus philomelos	Song Thrush	1
206	103284	245	wiltit1	Poecile montanus	Willow Tit	1
207	92022	246	grswoo	Dendrocopos major	Great Spotted Woodpecker	1
208	86395	247	eurbla	Turdus merula	Eurasian Blackbird	1
209	82602	248	eurnut1	Nucifraga caryocatactes	Eurasian Nutcracker	1
210	82602	248	eurrob1	Erithacus rubecula	European Robin	1
211	102807	249	eurrob1	Erithacus rubecula	European Robin	1
212	102807	249	wiltit1	Poecile montanus	Willow Tit	1
213	102807	249	blutit	Cyanistes caeruleus	Eurasian Blue Tit	1
216	87851	252	eurrob1	Erithacus rubecula	European Robin	1
217	87851	252	sonthr1	Turdus philomelos	Song Thrush	1
5728	90305	7717	gretit1	Parus major	Great Tit	1
