species_annotation_id	recording_id	annotation_id	species_code	scientific_name	common_name	occurrence
90	84523	160	eurjay1	Garrulus glandarius	Eurasian Jay	1
91	2558	162	comred	Acanthis flammea	Common Redpoll	1
89	2632	159	brambl	Fringilla montifringilla	Brambling	2
92	2558	162	goldcr1	Regulus regulus	Goldcrest	1
93	85180	163	blawoo1	Dryocopus martius	Black Woodpecker	1
94	87202	164	parcro2	Loxia pytyopsittacus	Parrot Crossbill	1
95	84756	166	eaywag1	Motacilla flava	Western Yellow Wagtail	1
96	84756	166	redwin	Turdus iliacus	Redwing	1
97	84452	170	eurjay1	Garrulus glandarius	Eurasian Jay	1
98	87236	171	redcro	Loxia curvirostra	Red Crossbill	1
99	84835	172	uraowl1	Strix uralensis	Ural Owl	1
100	82329	173	dunnoc1	Prunella modularis	Dunnock	1
101	84487	174	comcha	Fringilla coelebs	Common Chaffinch	1
102	84487	174	eurbla	Turdus merula	Eurasian Blackbird	1
103	84487	174	dunnoc1	Prunella modularis	Dunnock	1
104	84657	175	eurwoo	Scolopax rusticola	Eurasian Woodcock	2
105	84399	176	gretit1	Parus major	Great Tit	1
106	84399	176	comcha	Fringilla coelebs	Common Chaffinch	1
107	84564	177	eurrob1	Erithacus rubecula	European Robin	1
108	84869	178	whteag	Haliaeetus albicilla	White-tailed Eagle	2
109	84779	179	whoswa	Cygnus cygnus	Whooper Swan	1
110	84924	180	eurgre1	Chloris chloris	European Greenfinch	1
