species_annotation_id	recording_id	annotation_id	species_code	scientific_name	common_name	occurrence
88	85123	158	stodov1	Columba oenas	Stock Dove	2
87	92609	155	redcro	Loxia curvirostra	Red Crossbill	2
161	84714	208	bargoo	Branta leucopsis	Barnacle Goose	1
4420	84621	4149	misthr1	Turdus viscivorus	Mistle Thrush	1
4421	84523	4150	eurjay1	Garrulus glandarius	Eurasian Jay	1
4422	92428	4152	grswoo	Dendrocopos major	Great Spotted Woodpecker	2
4423	92428	4152	whbwoo1	Dendrocopos leucotos	White-backed Woodpecker	2
4424	84746	4153	comchi1	Phylloscopus collybita	Common Chiffchaff	1
4425	84746	4153	comcha	Fringilla coelebs	Common Chaffinch	1
4426	84867	4155	comcra	Grus grus	Common Crane	1
4427	84512	4156	eursis	Spinus spinus	Eurasian Siskin	1
4428	93091	4160	comcha	Fringilla coelebs	Common Chaffinch	1
4430	85070	4161	trepip	Anthus trivialis	Tree Pipit	1
4431	84725	4163	goldcr1	Regulus regulus	Goldcrest	1
4537	85151	4365	comswi	Apus apus	Common Swift	1
4538	82384	4367	comcha	Fringilla coelebs	Common Chaffinch	1
4539	82384	4367	rebfly	Ficedula parva	Red-breasted Flycatcher	1
4540	84631	4369	redwin	Turdus iliacus	Redwing	1
4541	84631	4369	comcha	Fringilla coelebs	Common Chaffinch	1
4542	84583	4372	gretit1	Parus major	Great Tit	1
4544	84609	4378	woowar	Phylloscopus sibilatrix	Wood Warbler	1
4545	87357	4380	redwin	Turdus iliacus	Redwing	1
4546	87267	4381	comred2	Phoenicurus phoenicurus	Common Redstart	1
4548	84615	4383	woowar	Phylloscopus sibilatrix	Wood Warbler	1
4549	2584	4385	marwar3	Acrocephalus palustris	Marsh Warbler	2
4550	84355	4386	eupfly1	Ficedula hypoleuca	European Pied Flycatcher	1
4551	84355	4386	leswhi4	Sylvia curruca	Lesser Whitethroat	1
4552	84355	4386	comcha	Fringilla coelebs	Common Chaffinch	1
4553	84733	4389	sonthr1	Turdus philomelos	Song Thrush	1
4554	2622	4392	wiltit1	Poecile montanus	Willow Tit	1
4555	87323	4393	wlwwar	Phylloscopus trochilus	Willow Warbler	1
4556	84340	4395	arcloo	Gavia arctica	Arctic Loon	1
2332	84876	2269	eursis	Spinus spinus	Eurasian Siskin	1
2353	82325	2282	eurbla	Turdus merula	Eurasian Blackbird	1
2356	85166	2284	eurgre1	Chloris chloris	European Greenfinch	1
2383	96399	2299	sonthr1	Turdus philomelos	Song Thrush	2
2384	96399	2299	eurbla	Turdus merula	Eurasian Blackbird	2
2385	97237	2302	sonthr1	Turdus philomelos	Song Thrush	1
2386	92173	2304	goldcr1	Regulus regulus	Goldcrest	1
2387	96341	2306	comcha	Fringilla coelebs	Common Chaffinch	1
2388	95532	2307	blackc1	Sylvia atricapilla	Eurasian Blackcap	1
2389	102398	2309	winwre4	Troglodytes troglodytes	Eurasian Wren	1
2390	104249	2310	hazgro1	Tetrastes bonasia	Hazel Grouse	1
2698	100196	2427	sonthr1	Turdus philomelos	Song Thrush	1
2699	100196	2427	gretit1	Parus major	Great Tit	1
2700	100196	2427	comcha	Fringilla coelebs	Common Chaffinch	1
2705	2639	2433	eursis	Spinus spinus	Eurasian Siskin	1
2706	3712	2434	sonthr1	Turdus philomelos	Song Thrush	1
2707	90226	2436	eurbla	Turdus merula	Eurasian Blackbird	1
2708	98495	2437	redwin	Turdus iliacus	Redwing	1
2714	92523	2439	parcro2	Loxia pytyopsittacus	Parrot Crossbill	2
2715	92523	2439	redcro	Loxia curvirostra	Red Crossbill	2
2730	96877	2443	gretit1	Parus major	Great Tit	1
2809	101524	2478	sonthr1	Turdus philomelos	Song Thrush	1
2810	96845	2479	comcha	Fringilla coelebs	Common Chaffinch	1
2811	100507	2481	gretit1	Parus major	Great Tit	1
2813	98363	2487	sonthr1	Turdus philomelos	Song Thrush	1
2816	99661	2491	comcha	Fringilla coelebs	Common Chaffinch	1
2817	100700	2493	sonthr1	Turdus philomelos	Song Thrush	1
2818	99369	2494	comcha	Fringilla coelebs	Common Chaffinch	1
2347	82337	2276	trepip	Anthus trivialis	Tree Pipit	2
2348	82337	2276	comcha	Fringilla coelebs	Common Chaffinch	1
2361	84555	2288	comcha	Fringilla coelebs	Common Chaffinch	1
2391	102785	2311	blackc1	Sylvia atricapilla	Eurasian Blackcap	2
2701	102685	2429	comcha	Fringilla coelebs	Common Chaffinch	1
2702	102685	2429	wiltit1	Poecile montanus	Willow Tit	1
2703	101189	2430	sonthr1	Turdus philomelos	Song Thrush	1
2704	101189	2430	comcuc	Cuculus canorus	Common Cuckoo	1
2812	98281	2485	blagro1	Tetrao tetrix	Black Grouse	1
2814	101453	2489	sonthr1	Turdus philomelos	Song Thrush	1
2815	95023	2490	sonthr1	Turdus philomelos	Song Thrush	1
2819	94496	2499	sonthr1	Turdus philomelos	Song Thrush	1
