species_annotation_id	recording_id	annotation_id	species_code	scientific_name	common_name	occurrence
614	87309	630	comrav	Corvus corax	Common Raven	1
610	84821	623	hazgro1	Tetrastes bonasia	Hazel Grouse	1
709	82240	747	wiltit1	Poecile montanus	Willow Tit	1
713	82329	754	dunnoc1	Prunella modularis	Dunnock	1
714	82265	755	eurwoo	Scolopax rusticola	Eurasian Woodcock	1
715	82265	755	sonthr1	Turdus philomelos	Song Thrush	2
716	82311	756	whoswa	Cygnus cygnus	Whooper Swan	1
717	85160	757	blawoo1	Dryocopus martius	Black Woodpecker	1
808	84673	818	eurbla	Turdus merula	Eurasian Blackbird	1
809	84673	818	sonthr1	Turdus philomelos	Song Thrush	1
810	84318	819	gretit1	Parus major	Great Tit	1
811	84318	819	yellow2	Emberiza citrinella	Yellowhammer	2
812	84318	819	eupfly1	Ficedula hypoleuca	European Pied Flycatcher	1
813	84318	819	garwar1	Sylvia borin	Garden Warbler	2
823	84396	825	redwin	Turdus iliacus	Redwing	1
824	84396	825	comcha	Fringilla coelebs	Common Chaffinch	1
844	84671	843	tawowl1	Strix aluco	Tawny Owl	1
840	85085	838	eurgre1	Chloris chloris	European Greenfinch	1
842	84365	841	bkhgul	Chroicocephalus ridibundus	Black-headed Gull	1
843	82370	842	eurrob1	Erithacus rubecula	European Robin	1
1060	84985	1056	eurbla	Turdus merula	Eurasian Blackbird	1
1061	84985	1056	comcha	Fringilla coelebs	Common Chaffinch	1
1069	84447	1060	dunnoc1	Prunella modularis	Dunnock	1
1070	84447	1060	eurbla	Turdus merula	Eurasian Blackbird	1
1107	84435	1084	comcha	Fringilla coelebs	Common Chaffinch	1
1108	84435	1084	bkhgul	Chroicocephalus ridibundus	Black-headed Gull	1
1109	84435	1084	gretit1	Parus major	Great Tit	2
1113	84993	1091	grswoo	Dendrocopos major	Great Spotted Woodpecker	1
1114	84993	1091	wlwwar	Phylloscopus trochilus	Willow Warbler	1
1115	84993	1091	comcha	Fringilla coelebs	Common Chaffinch	1
1116	84603	1092	sonthr1	Turdus philomelos	Song Thrush	1
1188	82228	1251	winwre4	Troglodytes troglodytes	Eurasian Wren	1
1189	85086	1252	eurgre1	Chloris chloris	European Greenfinch	1
1190	82209	1253	comchi1	Phylloscopus collybita	Common Chiffchaff	1
1191	85184	1256	eurgre1	Chloris chloris	European Greenfinch	1
1192	84991	1260	cowpig1	Columba palumbus	Common Wood-Pigeon	1
1193	84991	1260	comcha	Fringilla coelebs	Common Chaffinch	1
1299	84408	1685	comcha	Fringilla coelebs	Common Chaffinch	1
1300	84408	1685	mewgul	Larus canus	Mew Gull	1
611	82317	628	dunnoc1	Prunella modularis	Dunnock	1
612	84367	629	comcha	Fringilla coelebs	Common Chaffinch	1
613	84367	629	blutit	Cyanistes caeruleus	Eurasian Blue Tit	1
705	85122	742	comcha	Fringilla coelebs	Common Chaffinch	1
706	85122	742	trepip	Anthus trivialis	Tree Pipit	1
707	84556	744	eurjac	Corvus monedula	Eurasian Jackdaw	1
708	85005	746	comswi	Apus apus	Common Swift	1
710	85042	748	tawowl1	Strix aluco	Tawny Owl	1
712	82350	752	eurrob1	Erithacus rubecula	European Robin	1
718	84928	758	grswoo	Dendrocopos major	Great Spotted Woodpecker	1
719	84928	758	whiwag	Motacilla alba	White Wagtail	1
807	84563	817	eurrob1	Erithacus rubecula	European Robin	1
814	82380	820	comrav	Corvus corax	Common Raven	1
815	84400	821	arcloo	Gavia arctica	Arctic Loon	1
816	84400	821	fieldf	Turdus pilaris	Fieldfare	1
820	82231	824	trepip	Anthus trivialis	Tree Pipit	1
821	82231	824	eurbla	Turdus merula	Eurasian Blackbird	1
822	82231	824	goldcr1	Regulus regulus	Goldcrest	2
841	84693	839	eurjay1	Garrulus glandarius	Eurasian Jay	1
1021	84546	997	cowpig1	Columba palumbus	Common Wood-Pigeon	1
1022	84546	997	gretit1	Parus major	Great Tit	2
1023	84546	997	eurrob1	Erithacus rubecula	European Robin	1
1024	84608	1018	woowar	Phylloscopus sibilatrix	Wood Warbler	1
1025	84608	1018	goldcr1	Regulus regulus	Goldcrest	1
1026	84608	1018	comcha	Fringilla coelebs	Common Chaffinch	1
1067	82229	1059	trepip	Anthus trivialis	Tree Pipit	1
1068	82229	1059	dunnoc1	Prunella modularis	Dunnock	1
1120	84425	1096	hoocro1	Corvus cornix	Hooded Crow	2
238	87240	269	comcra	Grus grus	Common Crane	1
239	84851	272	comcha	Fringilla coelebs	Common Chaffinch	1
240	84851	272	comchi1	Phylloscopus collybita	Common Chiffchaff	1
607	87213	621	redcro	Loxia curvirostra	Red Crossbill	1
608	84683	622	comcha	Fringilla coelebs	Common Chaffinch	1
609	84683	622	goldcr1	Regulus regulus	Goldcrest	1
711	82215	750	cretit2	Lophophanes cristatus	Crested Tit	1
720	84348	759	comcha	Fringilla coelebs	Common Chaffinch	1
721	84348	759	eurcur	Numenius arquata	Eurasian Curlew	1
722	84348	759	eupfly1	Ficedula hypoleuca	European Pied Flycatcher	1
817	82360	822	eupfly1	Ficedula hypoleuca	European Pied Flycatcher	1
818	82360	822	comcha	Fringilla coelebs	Common Chaffinch	1
819	84493	823	fieldf	Turdus pilaris	Fieldfare	1
845	84363	848	fieldf	Turdus pilaris	Fieldfare	1
1059	84704	1055	wiltit1	Poecile montanus	Willow Tit	1
1062	84329	1058	eupfly1	Ficedula hypoleuca	European Pied Flycatcher	1
1187	85080	1250	comrav	Corvus corax	Common Raven	1
1212	84485	1295	eurbul	Pyrrhula pyrrhula	Eurasian Bullfinch	1
1297	82300	1684	comcha	Fringilla coelebs	Common Chaffinch	1
1298	82300	1684	winwre4	Troglodytes troglodytes	Eurasian Wren	1
235	84804	265	cretit2	Lophophanes cristatus	Crested Tit	1
236	84669	266	grswoo	Dendrocopos major	Great Spotted Woodpecker	1
499	84638	509	gretit1	Parus major	Great Tit	1
500	84406	510	comcha	Fringilla coelebs	Common Chaffinch	1
501	84406	510	mewgul	Larus canus	Mew Gull	1
502	84406	510	fieldf	Turdus pilaris	Fieldfare	1
498	84638	509	eurbul	Pyrrhula pyrrhula	Eurasian Bullfinch	1
503	84575	512	sonthr1	Turdus philomelos	Song Thrush	1
4446	85153	4186	comcha	Fringilla coelebs	Common Chaffinch	1
4447	85153	4186	eurbla	Turdus merula	Eurasian Blackbird	1
7188	140329	9580	borowl	Aegolius funereus	Boreal Owl	1
18272	85208	22849	cowpig1	Columba palumbus	Common Wood-Pigeon	1
26632	84377	267	comcha	Fringilla coelebs	Common Chaffinch	1
26633	84377	267	redwin	Turdus iliacus	Redwing	1
35935	82345	35969	whoswa	Cygnus cygnus	Whooper Swan	2
35710	82334	35404	trepip	Anthus trivialis	Tree Pipit	1
54850	262169	49925		Bombina variegata		1
55853	92233	50984	grswoo	Dendrocopos major	Great Spotted Woodpecker	1
46850	84996	42782	blawoo1	Dryocopus martius	Black Woodpecker	1
46851	84996	42782	cretit2	Lophophanes cristatus	Crested Tit	1
46852	84996	42782	wiltit1	Poecile montanus	Willow Tit	1
