species_annotation_id	recording_id	annotation_id	species_code	scientific_name	common_name	occurrence
892	85147	891	comrav	Corvus corax	Common Raven	1
1160	84831	1145	eurtre1	Certhia familiaris	Eurasian Treecreeper	1
1161	84831	1145	goldcr1	Regulus regulus	Goldcrest	1
1162	84831	1145	misthr1	Turdus viscivorus	Mistle Thrush	2
15765	84723	20355	comred	Acanthis flammea	Common Redpoll	1
15761	84835	20349	uraowl1	Strix uralensis	Ural Owl	1
15762	84897	20350	goldcr1	Regulus regulus	Goldcrest	1
15764	84761	20352	hazgro1	Tetrastes bonasia	Hazel Grouse	1
15767	84845	20357	eursis	Spinus spinus	Eurasian Siskin	1
15768	84743	20358	eurwoo	Scolopax rusticola	Eurasian Woodcock	1
15763	84725	20351	goldcr1	Regulus regulus	Goldcrest	1
15766	84792	20356	sonthr1	Turdus philomelos	Song Thrush	1
