species_annotation_id	recording_id	annotation_id	species_code	scientific_name	common_name	occurrence
177	97589	224	blawoo1	Dryocopus martius	Black Woodpecker	1
178	97589	224	blutit	Cyanistes caeruleus	Eurasian Blue Tit	1
181	25925	228	comcha	Fringilla coelebs	Common Chaffinch	1
182	25925	228	comcuc	Cuculus canorus	Common Cuckoo	1
184	103994	231	comcha	Fringilla coelebs	Common Chaffinch	1
185	103994	231	sonthr1	Turdus philomelos	Song Thrush	1
186	104693	232	sonthr1	Turdus philomelos	Song Thrush	1
187	104693	232	cowpig1	Columba palumbus	Common Wood-Pigeon	1
226	95971	259	comcha	Fringilla coelebs	Common Chaffinch	1
233	81681	264	eurmag1	Pica pica	Eurasian Magpie	1
234	81681	264	gretit1	Parus major	Great Tit	2
171	84894	217	comcha	Fringilla coelebs	Common Chaffinch	1
172	87319	218	spofly1	Muscicapa striata	Spotted Flycatcher	1
170	2523	216	eurbul	Pyrrhula pyrrhula	Eurasian Bullfinch	1
173	87319	218	redcro	Loxia curvirostra	Red Crossbill	1
174	87333	220	winwre4	Troglodytes troglodytes	Eurasian Wren	1
175	87333	220	grnsan	Tringa ochropus	Green Sandpiper	1
176	87333	220	redwin	Turdus iliacus	Redwing	1
179	104231	225	cretit2	Lophophanes cristatus	Crested Tit	1
180	100998	226	wlwwar	Phylloscopus trochilus	Willow Warbler	1
183	87101	230	norlap	Vanellus vanellus	Northern Lapwing	1
221	6007	255	blutit	Cyanistes caeruleus	Eurasian Blue Tit	1
222	1236	256	goldcr1	Regulus regulus	Goldcrest	2
223	90403	257	sonthr1	Turdus philomelos	Song Thrush	2
224	94731	258	cowpig1	Columba palumbus	Common Wood-Pigeon	1
225	94731	258	sonthr1	Turdus philomelos	Song Thrush	1
227	82450	260	wlwwar	Phylloscopus trochilus	Willow Warbler	1
228	97426	261	comrav	Corvus corax	Common Raven	1
229	97426	261	comcha	Fringilla coelebs	Common Chaffinch	1
230	84340	262	arcloo	Gavia arctica	Arctic Loon	1
231	84340	262	fieldf	Turdus pilaris	Fieldfare	1
232	2800	263	sonthr1	Turdus philomelos	Song Thrush	1
7210	106194	9639	colfly1	Ficedula albicollis	Collared Flycatcher	1
7211	106194	9639	eurrob1	Erithacus rubecula	European Robin	1
7212	106194	9639	sonthr1	Turdus philomelos	Song Thrush	1
7213	106309	9640	colfly1	Ficedula albicollis	Collared Flycatcher	1
7214	25567	9642	grswoo	Dendrocopos major	Great Spotted Woodpecker	1
7215	67394	9643	eurnut2	Sitta europaea	Eurasian Nuthatch	1
7216	67970	9645	gretit1	Parus major	Great Tit	1
7217	25588	9646	leswoo1	Dryobates minor	Lesser Spotted Woodpecker	1
7218	67565	9647	winwre4	Troglodytes troglodytes	Eurasian Wren	1
7219	67641	9649	gretit1	Parus major	Great Tit	1
7220	25431	9651	eurtre1	Certhia familiaris	Eurasian Treecreeper	1
7221	68395	9652	tawowl1	Strix aluco	Tawny Owl	1
7222	29664	9656	eurgre1	Chloris chloris	European Greenfinch	1
15915	50030	20735	sonthr1	Turdus philomelos	Song Thrush	1
15917	50377	20737	eurgre1	Chloris chloris	European Greenfinch	1
15920	50672	20743	comchi1	Phylloscopus collybita	Common Chiffchaff	1
15925	49989	20747	eurbla	Turdus merula	Eurasian Blackbird	1
15926	49989	20747	whiwag	Motacilla alba	White Wagtail	1
15927	49989	20747	comcha	Fringilla coelebs	Common Chaffinch	1
15930	34143	20754	coatit2	Periparus ater	Coal Tit	1
15919	50223	20740	eurgre1	Chloris chloris	European Greenfinch	1
15921	50554	20744	gretit1	Parus major	Great Tit	1
15928	50390	20748	houspa	Passer domesticus	House Sparrow	1
15916	50886	20736	hawfin	Coccothraustes coccothraustes	Hawfinch	1
15922	50686	20745	gretit1	Parus major	Great Tit	1
15924	50075	20746	eurbla	Turdus merula	Eurasian Blackbird	1
15929	50641	20750	blackc1	Sylvia atricapilla	Eurasian Blackcap	1
15931	34387	20757	misthr1	Turdus viscivorus	Mistle Thrush	1
15913	50659	20733	gretit1	Parus major	Great Tit	1
15914	50989	20734	carcro1	Corvus corone	Carrion Crow	1
15918	50628	20739	comchi1	Phylloscopus collybita	Common Chiffchaff	1
