species_annotation_id	recording_id	annotation_id	species_code	scientific_name	common_name	occurrence
5272	53717	5844	easros1	Platycercus eximius	Eastern Rosella	1
5275	53501	5847	ausmag2	Gymnorhina tibicen	Australian Magpie	1
5276	53501	5847	noimin1	Manorina melanocephala	Noisy Miner	1
5368	53517	6079	criros2	Platycercus elegans	Crimson Rosella	1
5369	9723	6080	yelrob1	Eopsaltria australis	Eastern Yellow Robin	1
5371	10020	6083	yelrob1	Eopsaltria australis	Eastern Yellow Robin	1
5372	10020	6083	criros2	Platycercus elegans	Crimson Rosella	1
5373	10020	6083	silver3	Zosterops lateralis	Silvereye	1
5375	53901	6086	ausmag2	Gymnorhina tibicen	Australian Magpie	1
5377	53974	6088	noimin1	Manorina melanocephala	Noisy Miner	1
5378	53974	6088	ausmag2	Gymnorhina tibicen	Australian Magpie	1
5381	53831	6093	criros2	Platycercus elegans	Crimson Rosella	1
5384	53772	6095	ausmag2	Gymnorhina tibicen	Australian Magpie	1
5385	53772	6095	easros1	Platycercus eximius	Eastern Rosella	1
5450	53648	6525	ausmag2	Gymnorhina tibicen	Australian Magpie	1
5456	9424	6531	criros2	Platycercus elegans	Crimson Rosella	1
5457	9424	6531	whttre3	Cormobates leucophaea	White-throated Treecreeper	1
5460	9697	6533	supfai1	Malurus cyaneus	Superb Fairywren	1
5461	9697	6533	gryfan1	Rhipidura albiscapa	Gray Fantail	1
5462	9697	6533	ausmag2	Gymnorhina tibicen	Australian Magpie	1
5472	54060	6539	galah	Eolophus roseicapilla	Galah	1
5486	9927	6546	rufwhi1	Pachycephala rufiventris	Rufous Whistler	1
5487	9927	6546	criros2	Platycercus elegans	Crimson Rosella	1
5488	9927	6546	spopar1	Pardalotus punctatus	Spotted Pardalote	1
5489	10524	6547	ausmag2	Gymnorhina tibicen	Australian Magpie	1
5490	10524	6547	whttre3	Cormobates leucophaea	White-throated Treecreeper	1
5247	10294	5830	whttre3	Cormobates leucophaea	White-throated Treecreeper	1
5248	54000	5831	noimin1	Manorina melanocephala	Noisy Miner	1
5251	9403	5834	piecur1	Strepera graculina	Pied Currawong	1
5252	9403	5834	whttre3	Cormobates leucophaea	White-throated Treecreeper	1
5253	10389	5835	spopar1	Pardalotus punctatus	Spotted Pardalote	1
5254	10389	5835	gryfan1	Rhipidura albiscapa	Gray Fantail	1
5255	53552	5836	grybut1	Cracticus torquatus	Gray Butcherbird	1
5256	53552	5836	easros1	Platycercus eximius	Eastern Rosella	1
5258	53498	5838	noimin1	Manorina melanocephala	Noisy Miner	1
5259	10345	5839	brotho1	Acanthiza pusilla	Brown Thornbill	1
5260	53638	5840	criros2	Platycercus elegans	Crimson Rosella	1
5261	53638	5840	ausmag2	Gymnorhina tibicen	Australian Magpie	1
5262	11018	5841	yefhon1	Caligavis chrysops	Yellow-faced Honeyeater	1
5263	11018	5841	supfai1	Malurus cyaneus	Superb Fairywren	1
5264	11018	5841	spopar1	Pardalotus punctatus	Spotted Pardalote	1
5265	11018	5841	fatcuc1	Cacomantis flabelliformis	Fan-tailed Cuckoo	1
5266	11018	5841	gryfan1	Rhipidura albiscapa	Gray Fantail	1
5267	9576	5842	criros2	Platycercus elegans	Crimson Rosella	2
5268	9576	5842	easros1	Platycercus eximius	Eastern Rosella	2
5274	54194	5846	easros1	Platycercus eximius	Eastern Rosella	1
5370	9903	6082	rufwhi1	Pachycephala rufiventris	Rufous Whistler	1
5376	10010	6087	criros2	Platycercus elegans	Crimson Rosella	1
5453	11076	6527	strtho1	Acanthiza lineata	Striated Thornbill	1
5454	10408	6528	spopar1	Pardalotus punctatus	Spotted Pardalote	1
5455	10203	6530	ausrav1	Corvus coronoides	Australian Raven	1
5464	10077	6535	silver3	Zosterops lateralis	Silvereye	1
5465	10077	6535	gryfan1	Rhipidura albiscapa	Gray Fantail	1
5466	10077	6535	yelrob1	Eopsaltria australis	Eastern Yellow Robin	1
5467	10077	6535	strtho1	Acanthiza lineata	Striated Thornbill	1
5468	10969	6536	criros2	Platycercus elegans	Crimson Rosella	1
5469	54179	6537	aukpar1	Alisterus scapularis	Australian King-Parrot	1
5470	54179	6537	piecur1	Strepera graculina	Pied Currawong	1
5471	54179	6537	ausmag2	Gymnorhina tibicen	Australian Magpie	1
5473	53930	6540	rerpar1	Psephotus haematonotus	Red-rumped Parrot	1
5474	53930	6540	criros2	Platycercus elegans	Crimson Rosella	1
5475	53930	6540	ausmag2	Gymnorhina tibicen	Australian Magpie	1
5478	10523	6543	yefhon1	Caligavis chrysops	Yellow-faced Honeyeater	1
5479	10523	6543	criros2	Platycercus elegans	Crimson Rosella	1
5480	10523	6543	grysht1	Colluricincla harmonica	Gray Shrikethrush	1
5485	9488	6545	brotho1	Acanthiza pusilla	Brown Thornbill	2
5249	11279	5832	piecur1	Strepera graculina	Pied Currawong	1
5250	9836	5833	strtho1	Acanthiza lineata	Striated Thornbill	2
5257	10108	5837	litlor1	Glossopsitta pusilla	Little Lorikeet	1
5269	53612	5843	rerpar1	Psephotus haematonotus	Red-rumped Parrot	1
5270	53612	5843	ausmag2	Gymnorhina tibicen	Australian Magpie	1
5271	53612	5843	noimin1	Manorina melanocephala	Noisy Miner	1
5273	53575	5845	ausmag2	Gymnorhina tibicen	Australian Magpie	1
5374	11421	6085	criros2	Platycercus elegans	Crimson Rosella	1
5379	9372	6090	rufwhi1	Pachycephala rufiventris	Rufous Whistler	1
5380	54054	6092	noimin1	Manorina melanocephala	Noisy Miner	1
5382	53712	6094	ausmag2	Gymnorhina tibicen	Australian Magpie	1
5383	53712	6094	noimin1	Manorina melanocephala	Noisy Miner	1
5386	53750	6096	mistle1	Dicaeum hirundinaceum	Mistletoebird	1
5387	53750	6096	criros2	Platycercus elegans	Crimson Rosella	1
5451	10135	6526	gryfan1	Rhipidura albiscapa	Gray Fantail	1
5452	10135	6526	fatcuc1	Cacomantis flabelliformis	Fan-tailed Cuckoo	1
5458	9775	6532	aukpar1	Alisterus scapularis	Australian King-Parrot	1
5459	9775	6532	supfai1	Malurus cyaneus	Superb Fairywren	1
5463	11266	6534	criros2	Platycercus elegans	Crimson Rosella	1
5476	54019	6542	noimin1	Manorina melanocephala	Noisy Miner	1
5477	54019	6542	railor5	Trichoglossus moluccanus	Rainbow Lorikeet	1
5481	10922	6544	criros2	Platycercus elegans	Crimson Rosella	1
5482	10922	6544	spopar1	Pardalotus punctatus	Spotted Pardalote	1
5483	10922	6544	whbscr1	Sericornis frontalis	White-browed Scrubwren	1
5484	10922	6544	noifri1	Philemon corniculatus	Noisy Friarbird	1
5492	9447	6549	yefhon1	Caligavis chrysops	Yellow-faced Honeyeater	1
