species_annotation_id	recording_id	annotation_id	species_code	scientific_name	common_name	occurrence
4079	59708	3534	bcnher	Nycticorax nycticorax	Black-crowned Night-Heron	1
4080	60465	3535	houspa	Passer domesticus	House Sparrow	1
4081	60144	3536	cockat	Nymphicus hollandicus	Cockatiel	2
4082	60144	3536	houspa	Passer domesticus	House Sparrow	1
4083	60582	3537	eurbla	Turdus merula	Eurasian Blackbird	1
4084	60582	3537	gretit1	Parus major	Great Tit	2
4114	61338	3571	eurmag1	Pica pica	Eurasian Magpie	2
4115	59980	3576	barswa	Hirundo rustica	Barn Swallow	2
4116	61297	3577	eurmag1	Pica pica	Eurasian Magpie	1
4117	61297	3577	eurgre1	Chloris chloris	European Greenfinch	2
4118	60546	3578	houspa	Passer domesticus	House Sparrow	1
4119	60546	3578	eurjay1	Garrulus glandarius	Eurasian Jay	2
4145	60534	3627	eurbla	Turdus merula	Eurasian Blackbird	1
4146	60310	3629	rinphe	Phasianus colchicus	Ring-necked Pheasant	1
4147	60310	3629	eurbla	Turdus merula	Eurasian Blackbird	1
4148	60310	3629	whiwag	Motacilla alba	White Wagtail	2
4149	59762	3631	eurjac	Corvus monedula	Eurasian Jackdaw	2
4150	59762	3631	graher1	Ardea cinerea	Gray Heron	2
