species_annotation_id	recording_id	annotation_id	species_code	scientific_name	common_name	occurrence
25245	170215	26269	bbfgle1	Syndactyla rufosuperciliata	Buff-browed Foliage-gleaner	1
25246	170582	26270	slathr2	Turdus nigriceps	Andean Slaty Thrush	1
25247	173255	26271	tropar	Setophaga pitiayumi	Tropical Parula	1
25248	173255	26271	brcred1	Myioborus brunniceps	Brown-capped Redstart	1
25251	171669	26274	swathr	Catharus ustulatus	Swainson's Thrush	2
25253	169449	26276	tropar	Setophaga pitiayumi	Tropical Parula	1
25254	172677	26277	bbfgle1	Syndactyla rufosuperciliata	Buff-browed Foliage-gleaner	1
25255	172677	26277	slathr2	Turdus nigriceps	Andean Slaty Thrush	1
25258	169512	26279	bufowl1	Aegolius harrisii	Buff-fronted Owl	1
25261	172980	26284	chivir1	Vireo chivi	Chivi Vireo	1
25262	172980	26284	rubthr1	Turdus rufiventris	Rufous-bellied Thrush	1
25263	172980	26284	swathr	Catharus ustulatus	Swainson's Thrush	1
25264	172980	26284	tropar	Setophaga pitiayumi	Tropical Parula	1
25265	171727	26285	bbfgle1	Syndactyla rufosuperciliata	Buff-browed Foliage-gleaner	1
25274	172262	26298	rubthr1	Turdus rufiventris	Rufous-bellied Thrush	1
25276	174387	26300	chivir1	Vireo chivi	Chivi Vireo	1
25277	174387	26300	rubthr1	Turdus rufiventris	Rufous-bellied Thrush	1
25280	173750	26302	schpar1	Pionus maximiliani	Scaly-headed Parrot	1
25281	173750	26302	picpig2	Patagioenas picazuro	Picazuro Pigeon	1
25244	169796	26268	rufnig1	Antrostomus rufus	Rufous Nightjar	1
25249	173771	26272	smcpew1	Contopus fumigatus	Smoke-colored Pewee	1
25256	173906	26278	rubthr1	Turdus rufiventris	Rufous-bellied Thrush	1
25257	173906	26278	goreup1	Euphonia cyanocephala	Golden-rumped Euphonia	1
25273	173522	26297	houwre	Troglodytes aedon	House Wren	1
25282	172472	26303	rubthr1	Turdus rufiventris	Rufous-bellied Thrush	1
25377	172839	26417	pirfly1	Legatus leucophaius	Piratic Flycatcher	1
25378	172632	26418	cobtan1	Chlorospingus flavopectus	Common Chlorospingus	1
25243	170591	26266	slathr2	Turdus nigriceps	Andean Slaty Thrush	1
25250	172857	26273	rubthr1	Turdus rufiventris	Rufous-bellied Thrush	1
25252	171325	26275	dofwoo1	Dryobates frontalis	Dot-fronted Woodpecker	1
25267	173163	26287	mitpar	Psittacara mitratus	Mitred Parakeet	1
25268	170384	26289	slathr2	Turdus nigriceps	Andean Slaty Thrush	1
25272	169486	26294	goreup1	Euphonia cyanocephala	Golden-rumped Euphonia	1
25278	169666	26301	rubthr1	Turdus rufiventris	Rufous-bellied Thrush	1
25279	169666	26301	bbfgle1	Syndactyla rufosuperciliata	Buff-browed Foliage-gleaner	1
25379	169700	26419	cobtan1	Chlorospingus flavopectus	Common Chlorospingus	1
25385	173090	26421	slathr2	Turdus nigriceps	Andean Slaty Thrush	1
25386	172770	26422	rubthr1	Turdus rufiventris	Rufous-bellied Thrush	1
25389	169474	26424	rubthr1	Turdus rufiventris	Rufous-bellied Thrush	1
25390	169474	26424	strfly1	Myiodynastes maculatus	Streaked Flycatcher	1
25391	169474	26424	tropar	Setophaga pitiayumi	Tropical Parula	1
25392	169754	26425	roahaw	Rupornis magnirostris	Roadside Hawk	1
25394	171101	26427	rubthr1	Turdus rufiventris	Rufous-bellied Thrush	1
25395	171101	26427	bbfgle1	Syndactyla rufosuperciliata	Buff-browed Foliage-gleaner	1
25400	169948	26435	gycwor1	Aramides cajaneus	Gray-cowled Wood-Rail	1
25401	169948	26435	swathr	Catharus ustulatus	Swainson's Thrush	1
25402	169948	26435	picpig2	Patagioenas picazuro	Picazuro Pigeon	1
25403	173018	26436	saytan1	Thraupis sayaca	Sayaca Tanager	1
34348	172500	33107	rubthr1	Turdus rufiventris	Rufous-bellied Thrush	1
34347	171441	33103	cobtan1	Chlorospingus flavopectus	Common Chlorospingus	1
34350	169591	33120	grbbec1	Pachyramphus viridis	Green-backed Becard	1
34345	173303	33091	gowcac1	Cacicus chrysopterus	Golden-winged Cacique	1
36827	199428	36799	gogwoo1	Piculus chrysochloros	Golden-green Woodpecker	1
36828	199428	36799	monpar	Myiopsitta monachus	Monk Parakeet	1
36829	199428	36799	rucspa1	Zonotrichia capensis	Rufous-collared Sparrow	1
36830	199428	36799	picpig2	Patagioenas picazuro	Picazuro Pigeon	1
36831	199428	36799	grwtyr1	Stigmatura budytoides	Greater Wagtail-Tyrant	1
36832	199428	36799	soulap1	Vanellus chilensis	Southern Lapwing	1
36833	199428	36799	scbwoo4	Drymornis bridgesii	Scimitar-billed Woodcreeper	1
36836	199462	36801	pluibi1	Theristicus caerulescens	Plumbeous Ibis	1
36837	199462	36801	huatin1	Rhynchotus maculicollis	Huayco Tinamou	1
36838	199462	36801	cattyr	Machetornis rixosa	Cattle Tyrant	1
36839	199380	36802	soulap1	Vanellus chilensis	Southern Lapwing	1
36840	199380	36802	strfly1	Myiodynastes maculatus	Streaked Flycatcher	1
36841	199380	36802	chaowl1	Strix chacoensis	Chaco Owl	1
36842	199362	36803	littho1	Phacellodomus sibilatrix	Little Thornbird	1
36843	199434	36804	bknsti	Himantopus mexicanus	Black-necked Stilt	1
36844	199434	36804	picpig2	Patagioenas picazuro	Picazuro Pigeon	1
36845	199434	36804	nabwoo1	Lepidocolaptes angustirostris	Narrow-billed Woodcreeper	1
36846	199427	36805	soulap1	Vanellus chilensis	Southern Lapwing	1
36847	199427	36805	gogwoo1	Piculus chrysochloros	Golden-green Woodpecker	1
36848	199448	36807	monpar	Myiopsitta monachus	Monk Parakeet	1
36849	199448	36807	pluibi1	Theristicus caerulescens	Plumbeous Ibis	1
36850	199448	36807	pvttyr1	Hemitriccus margaritaceiventer	Pearly-vented Tody-Tyrant	1
36851	199416	36808	pluibi1	Theristicus caerulescens	Plumbeous Ibis	1
36852	199312	36809	cintyr1	Knipolegus striaticeps	Cinereous Tyrant	1
36853	199312	36809	picpig2	Patagioenas picazuro	Picazuro Pigeon	1
36854	199312	36809	gobsal1	Saltator aurantiirostris	Golden-billed Saltator	1
36855	199312	36809	suifly1	Suiriri suiriri	Suiriri Flycatcher	1
36856	199312	36809	grwtyr1	Stigmatura budytoides	Greater Wagtail-Tyrant	1
36857	199357	36810	rubpep1	Cyclarhis gujanensis	Rufous-browed Peppershrike	1
36858	199357	36810	gobsal1	Saltator aurantiirostris	Golden-billed Saltator	1
36859	199357	36810	epaori4	Icterus pyrrhopterus	Variable Oriole	1
36159	199315	36420	gobsal1	Saltator aurantiirostris	Golden-billed Saltator	1
36160	199315	36420	cintyr1	Knipolegus striaticeps	Cinereous Tyrant	1
36161	199360	36421	bufpar	Amazona aestiva	Turquoise-fronted Parrot	1
36162	199360	36421	chacha1	Ortalis canicollis	Chaco Chachalaca	1
36165	199457	36423	gobsal1	Saltator aurantiirostris	Golden-billed Saltator	1
36166	199457	36423	picpig2	Patagioenas picazuro	Picazuro Pigeon	1
36167	199457	36423	pluibi1	Theristicus caerulescens	Plumbeous Ibis	1
36168	199449	36424	monpar	Myiopsitta monachus	Monk Parakeet	1
36169	199449	36424	chacha1	Ortalis canicollis	Chaco Chachalaca	1
36170	199353	36425	stcspi2	Cranioleuca pyrrhophia	Stripe-crowned Spinetail	1
36171	199353	36425	houwre	Troglodytes aedon	House Wren	1
36172	199353	36425	tropar	Setophaga pitiayumi	Tropical Parula	1
36226	199309	36451	gogwoo1	Piculus chrysochloros	Golden-green Woodpecker	1
36227	199309	36451	varant1	Thamnophilus caerulescens	Variable Antshrike	1
36228	199461	36452	puteup1	Euphonia chlorotica	Purple-throated Euphonia	1
36229	199365	36453	monpar	Myiopsitta monachus	Monk Parakeet	1
36163	199495	36422	mccfin1	Saltatricula multicolor	Many-colored Chaco Finch	1
36164	199495	36422	bufpar	Amazona aestiva	Turquoise-fronted Parrot	1
36293	199423	36486	pluibi1	Theristicus caerulescens	Plumbeous Ibis	1
36295	199424	36488	gogwoo1	Piculus chrysochloros	Golden-green Woodpecker	1
36296	199424	36488	varant1	Thamnophilus caerulescens	Variable Antshrike	1
36299	199326	36490	masgna1	Polioptila dumicola	Masked Gnatcatcher	1
36305	199371	36492	trsowl	Megascops choliba	Tropical Screech-Owl	1
36306	199371	36492	soulap1	Vanellus chilensis	Southern Lapwing	1
36307	199402	36493	cattyr	Machetornis rixosa	Cattle Tyrant	1
36308	199402	36493	rucspa1	Zonotrichia capensis	Rufous-collared Sparrow	1
36318	199320	36496	suifly1	Suiriri suiriri	Suiriri Flycatcher	1
36319	199320	36496	picpig2	Patagioenas picazuro	Picazuro Pigeon	1
36324	199499	36499	platyr1	Inezia inornata	Plain Tyrannulet	1
36326	199378	36501	whimon1	Xolmis irupero	White Monjita	1
36338	199316	36507	tropar	Setophaga pitiayumi	Tropical Parula	1
36339	199316	36507	gobsal1	Saltator aurantiirostris	Golden-billed Saltator	1
36347	199478	36511	grwtyr1	Stigmatura budytoides	Greater Wagtail-Tyrant	1
36348	199478	36511	suifly1	Suiriri suiriri	Suiriri Flycatcher	1
36349	199478	36511	rebscy1	Campylorhamphus trochilirostris	Red-billed Scythebill	1
36350	199478	36511	gobsal1	Saltator aurantiirostris	Golden-billed Saltator	1
36354	199426	36514	gogwoo1	Piculus chrysochloros	Golden-green Woodpecker	1
36355	199426	36514	scbwoo4	Drymornis bridgesii	Scimitar-billed Woodcreeper	1
36356	199426	36514	picpig2	Patagioenas picazuro	Picazuro Pigeon	1
36390	199454	36547	whfwoo1	Melanerpes cactorum	White-fronted Woodpecker	1
36391	199454	36547	picpig2	Patagioenas picazuro	Picazuro Pigeon	1
36392	199454	36547	grasal1	Saltator coerulescens	Grayish Saltator	1
36410	199358	36554	rucspa1	Zonotrichia capensis	Rufous-collared Sparrow	1
36411	199358	36554	monpar	Myiopsitta monachus	Monk Parakeet	1
36412	199477	36555	brncac1	Pseudoseisura lophotes	Brown Cacholote	1
36413	199477	36555	suifly1	Suiriri suiriri	Suiriri Flycatcher	1
36414	199477	36555	gyctyr2	Serpophaga griseicapilla	Straneck's Tyrannulet	1
36415	199477	36555	grwtyr1	Stigmatura budytoides	Greater Wagtail-Tyrant	1
36416	199477	36555	gobsal1	Saltator aurantiirostris	Golden-billed Saltator	1
36417	199432	36556	bknsti	Himantopus mexicanus	Black-necked Stilt	1
36420	199329	36558	grwtyr1	Stigmatura budytoides	Greater Wagtail-Tyrant	1
36421	199329	36558	masgna1	Polioptila dumicola	Masked Gnatcatcher	1
36422	199329	36558	suifly1	Suiriri suiriri	Suiriri Flycatcher	1
36423	199329	36558	gobsal1	Saltator aurantiirostris	Golden-billed Saltator	1
36424	199329	36558	cintyr1	Knipolegus striaticeps	Cinereous Tyrant	1
36291	199458	36482	rintea1	Callonetta leucophrys	Ringed Teal	1
36292	199490	36483	grwtyr1	Stigmatura budytoides	Greater Wagtail-Tyrant	1
36294	199339	36487	chacha1	Ortalis canicollis	Chaco Chachalaca	1
36325	199493	36500	picpig2	Patagioenas picazuro	Picazuro Pigeon	1
36332	199445	36504	rintea1	Callonetta leucophrys	Ringed Teal	1
36333	199445	36504	picpig2	Patagioenas picazuro	Picazuro Pigeon	1
36337	199422	36506	pluibi1	Theristicus caerulescens	Plumbeous Ibis	1
36357	199450	36515	picpig2	Patagioenas picazuro	Picazuro Pigeon	1
36396	199325	36551	masgna1	Polioptila dumicola	Masked Gnatcatcher	1
36397	199325	36551	bufpar	Amazona aestiva	Turquoise-fronted Parrot	1
36398	199325	36551	suifly1	Suiriri suiriri	Suiriri Flycatcher	1
36399	199325	36551	cintyr1	Knipolegus striaticeps	Cinereous Tyrant	1
36400	199325	36551	rucspa1	Zonotrichia capensis	Rufous-collared Sparrow	1
36401	199481	36552	grwtyr1	Stigmatura budytoides	Greater Wagtail-Tyrant	1
36402	199481	36552	picpig2	Patagioenas picazuro	Picazuro Pigeon	1
36403	199481	36552	tropar	Setophaga pitiayumi	Tropical Parula	1
36425	199475	36559	tropar	Setophaga pitiayumi	Tropical Parula	1
36426	199475	36559	whtdov	Leptotila verreauxi	White-tipped Dove	1
36427	199475	36559	grasal1	Saltator coerulescens	Grayish Saltator	1
36428	199475	36559	ducgra2	Asemospiza obscura	Dull-colored Grassquit	1
36824	199406	36798	monpar	Myiopsitta monachus	Monk Parakeet	1
36825	199406	36798	rucspa1	Zonotrichia capensis	Rufous-collared Sparrow	1
36826	199406	36798	suifly1	Suiriri suiriri	Suiriri Flycatcher	1
36834	199409	36800	roahaw	Rupornis magnirostris	Roadside Hawk	1
36835	199409	36800	monpar	Myiopsitta monachus	Monk Parakeet	1
36860	199310	36811	bknsti	Himantopus mexicanus	Black-necked Stilt	1
36861	199310	36811	gogwoo1	Piculus chrysochloros	Golden-green Woodpecker	1
36862	199310	36811	brncac1	Pseudoseisura lophotes	Brown Cacholote	1
36863	199310	36811	varant1	Thamnophilus caerulescens	Variable Antshrike	1
36864	199310	36811	monpar	Myiopsitta monachus	Monk Parakeet	1
36865	199310	36811	masgna1	Polioptila dumicola	Masked Gnatcatcher	1
36297	199473	36489	grasal1	Saltator coerulescens	Grayish Saltator	1
36298	199473	36489	tropar	Setophaga pitiayumi	Tropical Parula	1
36300	199331	36491	masgna1	Polioptila dumicola	Masked Gnatcatcher	1
36301	199331	36491	suifly1	Suiriri suiriri	Suiriri Flycatcher	1
36302	199331	36491	cintyr1	Knipolegus striaticeps	Cinereous Tyrant	1
36303	199331	36491	grwtyr1	Stigmatura budytoides	Greater Wagtail-Tyrant	1
36304	199331	36491	bufpar	Amazona aestiva	Turquoise-fronted Parrot	1
36309	199453	36494	picpig2	Patagioenas picazuro	Picazuro Pigeon	1
36310	199453	36494	monpar	Myiopsitta monachus	Monk Parakeet	1
36311	199453	36494	bcwfin2	Microspingus melanoleucus	Black-capped Warbling-Finch	1
36312	199453	36494	pvttyr1	Hemitriccus margaritaceiventer	Pearly-vented Tody-Tyrant	1
36313	199453	36494	houwre	Troglodytes aedon	House Wren	1
36314	199453	36494	platyr1	Inezia inornata	Plain Tyrannulet	1
36315	199340	36495	chacha1	Ortalis canicollis	Chaco Chachalaca	1
36316	199340	36495	grwtyr1	Stigmatura budytoides	Greater Wagtail-Tyrant	1
36317	199340	36495	cintyr1	Knipolegus striaticeps	Cinereous Tyrant	1
36320	199347	36497	suifly1	Suiriri suiriri	Suiriri Flycatcher	1
36321	199347	36497	tropar	Setophaga pitiayumi	Tropical Parula	1
36322	199347	36497	picpig2	Patagioenas picazuro	Picazuro Pigeon	1
36323	199419	36498	pluibi1	Theristicus caerulescens	Plumbeous Ibis	1
36327	199392	36502	stcspi2	Cranioleuca pyrrhophia	Stripe-crowned Spinetail	1
36328	199392	36502	grwtyr1	Stigmatura budytoides	Greater Wagtail-Tyrant	1
36329	199392	36502	bllser1	Chunga burmeisteri	Black-legged Seriema	1
36330	199392	36502	swafly1	Myiarchus swainsoni	Swainson's Flycatcher	1
36331	199384	36503	chaowl1	Strix chacoensis	Chaco Owl	1
36334	199314	36505	cintyr1	Knipolegus striaticeps	Cinereous Tyrant	1
36335	199314	36505	gobsal1	Saltator aurantiirostris	Golden-billed Saltator	1
36336	199314	36505	bufpar	Amazona aestiva	Turquoise-fronted Parrot	1
36340	199484	36508	picpig2	Patagioenas picazuro	Picazuro Pigeon	1
36341	199484	36508	platyr1	Inezia inornata	Plain Tyrannulet	1
36342	199484	36508	grwtyr1	Stigmatura budytoides	Greater Wagtail-Tyrant	1
36343	199484	36508	brncac1	Pseudoseisura lophotes	Brown Cacholote	1
36344	199472	36509	ultgro1	Cyanoloxia brissonii	Ultramarine Grosbeak	1
36345	199472	36509	grasal1	Saltator coerulescens	Grayish Saltator	1
36346	199366	36510	stcspi2	Cranioleuca pyrrhophia	Stripe-crowned Spinetail	1
36351	199451	36512	pvttyr1	Hemitriccus margaritaceiventer	Pearly-vented Tody-Tyrant	1
36352	199451	36512	houwre	Troglodytes aedon	House Wren	1
36353	199451	36512	picpig2	Patagioenas picazuro	Picazuro Pigeon	1
36358	199346	36516	cintyr1	Knipolegus striaticeps	Cinereous Tyrant	1
36394	199407	36549	nabwoo1	Lepidocolaptes angustirostris	Narrow-billed Woodcreeper	1
36393	199407	36549	bufpar	Amazona aestiva	Turquoise-fronted Parrot	1
36395	199383	36550	souscr1	Chauna torquata	Southern Screamer	1
36404	199337	36553	cintyr1	Knipolegus striaticeps	Cinereous Tyrant	1
36405	199337	36553	rucspa1	Zonotrichia capensis	Rufous-collared Sparrow	1
36406	199337	36553	suifly1	Suiriri suiriri	Suiriri Flycatcher	1
36407	199337	36553	gobsal1	Saltator aurantiirostris	Golden-billed Saltator	1
36408	199337	36553	monpar	Myiopsitta monachus	Monk Parakeet	1
36409	199337	36553	picpig2	Patagioenas picazuro	Picazuro Pigeon	1
36418	199463	36557	brncac1	Pseudoseisura lophotes	Brown Cacholote	1
36419	199463	36557	monpar	Myiopsitta monachus	Monk Parakeet	1
47122	199391	43087	bllser1	Chunga burmeisteri	Black-legged Seriema	1
47123	199391	43087	grwtyr1	Stigmatura budytoides	Greater Wagtail-Tyrant	1
47124	199391	43087	whimon1	Xolmis irupero	White Monjita	1
59273	201005	53334	schpar1	Pionus maximiliani	Scaly-headed Parrot	1
59272	172585	53333	trsowl	Megascops choliba	Tropical Screech-Owl	1
59274	203255	53335	tropar	Setophaga pitiayumi	Tropical Parula	1
59275	203255	53335	schpar1	Pionus maximiliani	Scaly-headed Parrot	1
59265	173536	53330	puteup1	Euphonia chlorotica	Purple-throated Euphonia	1
59266	173536	53330	bbfgle1	Syndactyla rufosuperciliata	Buff-browed Foliage-gleaner	1
59267	173536	53330	rubthr1	Turdus rufiventris	Rufous-bellied Thrush	1
59268	173536	53330	tropar	Setophaga pitiayumi	Tropical Parula	1
58004	257853	52990	monpar	Myiopsitta monachus	Monk Parakeet	1
59263	171148	53329	cobtan1	Chlorospingus flavopectus	Common Chlorospingus	1
59264	171148	53329	slathr2	Turdus nigriceps	Andean Slaty Thrush	1
59269	203118	53331	bbfgle1	Syndactyla rufosuperciliata	Buff-browed Foliage-gleaner	1
59270	203118	53331	gcrwar	Basileuterus culicivorus	Golden-crowned Warbler	1
59271	203118	53331	plcjay1	Cyanocorax chrysops	Plush-crested Jay	1
47128	256617	43091	monpar	Myiopsitta monachus	Monk Parakeet	1
47129	256617	43091	gobsal1	Saltator aurantiirostris	Golden-billed Saltator	1
47125	258891	43088	bawcow4	Agelaioides badius	Grayish Baywing	1
47126	258630	43089	bawcow4	Agelaioides badius	Grayish Baywing	1
47127	258745	43090	mccfin1	Saltatricula multicolor	Many-colored Chaco Finch	1
