species_annotation_id	recording_id	annotation_id	species_code	scientific_name	common_name	occurrence
1049	5260	1049	eurbla	Turdus merula	Eurasian Blackbird	1
1050	5260	1049	comcha	Fringilla coelebs	Common Chaffinch	1
1054	5640	1051	comcha	Fringilla coelebs	Common Chaffinch	1
1055	5640	1051	eurnut2	Sitta europaea	Eurasian Nuthatch	1
1043	4782	1037	comcha	Fringilla coelebs	Common Chaffinch	1
1047	5057	1042	eurbla	Turdus merula	Eurasian Blackbird	1
1048	5127	1048	eurbla	Turdus merula	Eurasian Blackbird	1
1057	4877	1053	grswoo	Dendrocopos major	Great Spotted Woodpecker	1
1058	4877	1053	comcha	Fringilla coelebs	Common Chaffinch	1
1044	4987	1038	cowpig1	Columba palumbus	Common Wood-Pigeon	1
1045	5351	1041	eurnut2	Sitta europaea	Eurasian Nuthatch	1
1046	5351	1041	eurrob1	Erithacus rubecula	European Robin	1
1051	5315	1050	eurbla	Turdus merula	Eurasian Blackbird	1
1052	5315	1050	blackc1	Sylvia atricapilla	Eurasian Blackcap	1
1053	5315	1050	comcha	Fringilla coelebs	Common Chaffinch	1
1056	5323	1052	tawowl1	Strix aluco	Tawny Owl	1
