species_annotation_id	recording_id	annotation_id	species_code	scientific_name	common_name	occurrence
1621	1351	1912	eursta	Sturnus vulgaris	European Starling	1
1622	1424	1916	eursta	Sturnus vulgaris	European Starling	1
1617	512	1909	hoocro1	Corvus cornix	Hooded Crow	1
1618	512	1909	houspa	Passer domesticus	House Sparrow	2
1619	40	1910	eursta	Sturnus vulgaris	European Starling	1
1620	1633	1911	hoocro1	Corvus cornix	Hooded Crow	2
1623	1424	1916	hergul	Larus argentatus	Herring Gull	2
1614	1172	1905	eurrob1	Erithacus rubecula	European Robin	1
6542	1461	8833	mallar3	Anas platyrhynchos	Mallard	2
6543	1461	8833	hoocro1	Corvus cornix	Hooded Crow	1
6544	1461	8833	eursta	Sturnus vulgaris	European Starling	1
6545	1461	8833	houspa	Passer domesticus	House Sparrow	2
6547	1342	8836	carcro1	Corvus corone	Carrion Crow	1
6548	1342	8836	eursta	Sturnus vulgaris	European Starling	1
6553	1137	8844	eursta	Sturnus vulgaris	European Starling	1
6554	1093	8846	eursta	Sturnus vulgaris	European Starling	1
6564	890	8860	hoocro1	Corvus cornix	Hooded Crow	1
6565	890	8860	eursta	Sturnus vulgaris	European Starling	1
6568	2056	8865	eursta	Sturnus vulgaris	European Starling	1
6567	1109	8864	eurbla	Turdus merula	Eurasian Blackbird	1
6551	1077	8840	carcro1	Corvus corone	Carrion Crow	1
6556	42	8854	eursta	Sturnus vulgaris	European Starling	1
6558	1480	8856	carcro1	Corvus corone	Carrion Crow	1
6566	297	8863	hoocro1	Corvus cornix	Hooded Crow	1
6569	388	8866	hergul	Larus argentatus	Herring Gull	1
6546	936	8834	carcro1	Corvus corone	Carrion Crow	1
6549	133	8838	carcro1	Corvus corone	Carrion Crow	1
6550	2178	8839	gragoo	Anser anser	Graylag Goose	1
6552	762	8841	eursta	Sturnus vulgaris	European Starling	1
6555	1510	8850	carcro1	Corvus corone	Carrion Crow	1
6557	2058	8855	carcro1	Corvus corone	Carrion Crow	1
6559	1349	8857	eursta	Sturnus vulgaris	European Starling	1
6563	1127	8859	hoocro1	Corvus cornix	Hooded Crow	1
6571	1988	8867	eurrob1	Erithacus rubecula	European Robin	1
