species_annotation_id	recording_id	annotation_id	species_code	scientific_name	common_name	occurrence
1266	58425	1629	eurrob1	Erithacus rubecula	European Robin	1
1267	58425	1629	eurser1	Serinus serinus	European Serin	1
1268	58425	1629	comchi1	Phylloscopus collybita	Common Chiffchaff	1
1271	56825	1634	eucdov	Streptopelia decaocto	Eurasian Collared-Dove	1
1273	58024	1637	redjun	Gallus gallus	Red Junglefowl	1
1274	56435	1643	gretit1	Parus major	Great Tit	1
1278	74787	1652	eurbla	Turdus merula	Eurasian Blackbird	1
1279	38538	1655	eurrob1	Erithacus rubecula	European Robin	1
1280	57096	1656	eurbla	Turdus merula	Eurasian Blackbird	1
1281	58705	1657	comchi1	Phylloscopus collybita	Common Chiffchaff	1
1282	19920	1660	eurrob1	Erithacus rubecula	European Robin	1
165	58632	150	comchi1	Phylloscopus collybita	Common Chiffchaff	1
166	58632	150	eurrob1	Erithacus rubecula	European Robin	1
168	18530	211	comnig1	Luscinia megarhynchos	Common Nightingale	1
218	18033	253	eurrob1	Erithacus rubecula	European Robin	1
360	37290	401	comcha	Fringilla coelebs	Common Chaffinch	1
1269	57657	1631	gretit1	Parus major	Great Tit	1
1270	57657	1631	houspa	Passer domesticus	House Sparrow	1
1272	58310	1636	sposta1	Sturnus unicolor	Spotless Starling	1
1275	20308	1644	eurrob1	Erithacus rubecula	European Robin	1
1276	37199	1647	corbun1	Emberiza calandra	Corn Bunting	1
1277	37199	1647	gretit1	Parus major	Great Tit	1
167	57270	151	eurbla	Turdus merula	Eurasian Blackbird	1
84	58241	148	eurrob1	Erithacus rubecula	European Robin	1
188	36718	213	carcro1	Corvus corone	Carrion Crow	1
189	37137	233	comnig1	Luscinia megarhynchos	Common Nightingale	1
190	73499	234	eurbla	Turdus merula	Eurasian Blackbird	1
359	36928	400	combuz1	Buteo buteo	Common Buzzard	1
5651	57432	7546	gretit1	Parus major	Great Tit	1
5668	37305	7573	comcha	Fringilla coelebs	Common Chaffinch	1
5673	75076	7583	shttre1	Certhia brachydactyla	Short-toed Treecreeper	1
5667	29488	7572	relpar1	Alectoris rufa	Red-legged Partridge	1
5669	56527	7576	woolar1	Lullula arborea	Wood Lark	1
5649	57200	7545	redjun	Gallus gallus	Red Junglefowl	1
5650	57200	7545	comqua1	Coturnix coturnix	Common Quail	1
5670	73428	7581	gretit1	Parus major	Great Tit	1
5671	73428	7581	eucdov	Streptopelia decaocto	Eurasian Collared-Dove	1
5674	37759	7591	comnig1	Luscinia megarhynchos	Common Nightingale	1
5676	57799	7595	carcro1	Corvus corone	Carrion Crow	1
5677	57799	7595	comchi1	Phylloscopus collybita	Common Chiffchaff	1
5678	57799	7595	grswoo	Dendrocopos major	Great Spotted Woodpecker	1
5679	57799	7595	woolar1	Lullula arborea	Wood Lark	1
5643	74828	7538	yelgul1	Larus michahellis	Yellow-legged Gull	1
5644	74828	7538	eurrob1	Erithacus rubecula	European Robin	1
5647	31002	7541	relpar1	Alectoris rufa	Red-legged Partridge	1
5663	58137	7568	eurbla	Turdus merula	Eurasian Blackbird	1
5664	18609	7569	comcuc	Cuculus canorus	Common Cuckoo	1
5665	18609	7569	blackc1	Sylvia atricapilla	Eurasian Blackcap	1
5675	37451	7593	eurgol	Carduelis carduelis	European Goldfinch	1
5639	57464	7537	eurgol	Carduelis carduelis	European Goldfinch	1
5640	57464	7537	combuz1	Buteo buteo	Common Buzzard	1
5645	74963	7540	eurbla	Turdus merula	Eurasian Blackbird	1
5646	74963	7540	eurrob1	Erithacus rubecula	European Robin	1
5648	37722	7544	eurser1	Serinus serinus	European Serin	1
5652	18212	7548	winwre4	Troglodytes troglodytes	Eurasian Wren	1
5666	30495	7570	darwar1	Sylvia undata	Dartford Warbler	1
5672	37981	7582	eurnut2	Sitta europaea	Eurasian Nuthatch	1
