species_annotation_id	recording_id	annotation_id	species_code	scientific_name	common_name	occurrence
4151	30814	3632	darwar1	Sylvia undata	Dartford Warbler	1
4157	28982	3636	grefla3	Phoenicopterus roseus	Greater Flamingo	1
4153	29635	3633	eubeat1	Merops apiaster	European Bee-eater	1
4154	30849	3634	darwar1	Sylvia undata	Dartford Warbler	1
4155	30849	3634	eurbla	Turdus merula	Eurasian Blackbird	1
4156	30190	3635	hoopoe	Upupa epops	Eurasian Hoopoe	1
4158	30290	3637	eurgre1	Chloris chloris	European Greenfinch	1
4159	30290	3637	thelar1	Galerida theklae	Thekla's Lark	1
4160	29619	3639	stonec4	Saxicola rubicola	European Stonechat	1
4161	29069	3644	thelar1	Galerida theklae	Thekla's Lark	1
4162	29214	3645	darwar1	Sylvia undata	Dartford Warbler	1
4163	29214	3645	thelar1	Galerida theklae	Thekla's Lark	1
4164	29772	3646	sarwar1	Sylvia melanocephala	Sardinian Warbler	1
4165	29772	3646	thelar1	Galerida theklae	Thekla's Lark	1
4166	30895	3647	darwar1	Sylvia undata	Dartford Warbler	1
4167	30895	3647	eubeat1	Merops apiaster	European Bee-eater	1
4168	29807	3649	rennig1	Caprimulgus ruficollis	Red-necked Nightjar	1
4169	29330	3651	eurbla	Turdus merula	Eurasian Blackbird	1
4170	28952	3653	eurbla	Turdus merula	Eurasian Blackbird	1
4171	30833	3655	sarwar1	Sylvia melanocephala	Sardinian Warbler	1
4172	30416	3656	eurnig1	Caprimulgus europaeus	Eurasian Nightjar	2
4173	29059	3657	thelar1	Galerida theklae	Thekla's Lark	1
4174	29521	3658	comnig1	Luscinia megarhynchos	Common Nightingale	1
4175	29702	3659	comswi	Apus apus	Common Swift	1
4176	30465	3662	azwmag3	Cyanopica cooki	Iberian Magpie	1
4177	29523	3663	grefla3	Phoenicopterus roseus	Greater Flamingo	1
4178	29548	3664	eurbla	Turdus merula	Eurasian Blackbird	1
4179	29548	3664	stonec4	Saxicola rubicola	European Stonechat	1
4180	29548	3664	sarwar1	Sylvia melanocephala	Sardinian Warbler	1
4181	30776	3665	azwmag3	Cyanopica cooki	Iberian Magpie	1
4182	29932	3666	eurbla	Turdus merula	Eurasian Blackbird	1
4183	29152	3667	barswa	Hirundo rustica	Barn Swallow	1
4184	30649	3668	azwmag3	Cyanopica cooki	Iberian Magpie	1
4185	30995	3669	sposta1	Sturnus unicolor	Spotless Starling	1
4186	29707	3670	ibgshr1	Lanius meridionalis	Iberian Gray Shrike	1
4187	29707	3670	sarwar1	Sylvia melanocephala	Sardinian Warbler	1
4188	30938	3671	comswi	Apus apus	Common Swift	1
4189	29942	3672	rennig1	Caprimulgus ruficollis	Red-necked Nightjar	1
4190	29889	3673	sarwar1	Sylvia melanocephala	Sardinian Warbler	1
4191	29889	3673	thelar1	Galerida theklae	Thekla's Lark	1
4192	29849	3674	thelar1	Galerida theklae	Thekla's Lark	1
4193	29849	3674	eubeat1	Merops apiaster	European Bee-eater	1
4194	29008	3676	darwar1	Sylvia undata	Dartford Warbler	1
4195	28960	3677	eurbla	Turdus merula	Eurasian Blackbird	1
4196	29220	3678	eurser1	Serinus serinus	European Serin	1
4197	29220	3678	thelar1	Galerida theklae	Thekla's Lark	1
