species_annotation_id	recording_id	annotation_id	species_code	scientific_name	common_name	occurrence
618	7517	633	snobun	Plectrophenax nivalis	Snow Bunting	2
623	8062	637	lotjae	Stercorarius longicaudus	Long-tailed Jaeger	1
621	7841	635	lotjae	Stercorarius longicaudus	Long-tailed Jaeger	1
622	7954	636	lotjae	Stercorarius longicaudus	Long-tailed Jaeger	1
634	7871	646	lotjae	Stercorarius longicaudus	Long-tailed Jaeger	1
636	7482	647	lotjae	Stercorarius longicaudus	Long-tailed Jaeger	1
637	7729	648	snobun	Plectrophenax nivalis	Snow Bunting	1
638	7729	648	retloo	Gavia stellata	Red-throated Loon	1
644	7788	656	lotjae	Stercorarius longicaudus	Long-tailed Jaeger	1
642	7686	654	pifgoo	Anser brachyrhynchus	Pink-footed Goose	2
643	8011	655	dunlin	Calidris alpina	Dunlin	1
645	7788	656	retloo	Gavia stellata	Red-throated Loon	1
646	7738	658	snobun	Plectrophenax nivalis	Snow Bunting	1
648	8021	660	snobun	Plectrophenax nivalis	Snow Bunting	1
649	8021	660	dunlin	Calidris alpina	Dunlin	2
651	7737	662	snobun	Plectrophenax nivalis	Snow Bunting	1
655	7795	666	lotjae	Stercorarius longicaudus	Long-tailed Jaeger	1
657	7775	671	glagul	Larus hyperboreus	Glaucous Gull	2
660	7422	676	pifgoo	Anser brachyrhynchus	Pink-footed Goose	1
661	7510	679	pifgoo	Anser brachyrhynchus	Pink-footed Goose	2
664	7416	683	lotjae	Stercorarius longicaudus	Long-tailed Jaeger	1
667	8051	686	lotjae	Stercorarius longicaudus	Long-tailed Jaeger	2
620	7861	634	lotjae	Stercorarius longicaudus	Long-tailed Jaeger	1
632	8036	644	snobun	Plectrophenax nivalis	Snow Bunting	2
652	7879	663	lotjae	Stercorarius longicaudus	Long-tailed Jaeger	1
641	7904	652	lotjae	Stercorarius longicaudus	Long-tailed Jaeger	1
650	7567	661	lotjae	Stercorarius longicaudus	Long-tailed Jaeger	1
653	7521	664	rudtur	Arenaria interpres	Ruddy Turnstone	1
656	8074	670	comrav	Corvus corax	Common Raven	1
663	7358	681	lotjae	Stercorarius longicaudus	Long-tailed Jaeger	1
666	7563	685	lotjae	Stercorarius longicaudus	Long-tailed Jaeger	1
626	7693	639	dunlin	Calidris alpina	Dunlin	1
631	7595	643	retloo	Gavia stellata	Red-throated Loon	1
633	7387	645	retloo	Gavia stellata	Red-throated Loon	1
639	7373	650	lotjae	Stercorarius longicaudus	Long-tailed Jaeger	1
647	7924	659	corplo	Charadrius hiaticula	Common Ringed Plover	1
654	7827	665	lotjae	Stercorarius longicaudus	Long-tailed Jaeger	1
658	7812	672	lotjae	Stercorarius longicaudus	Long-tailed Jaeger	1
659	7440	675	retloo	Gavia stellata	Red-throated Loon	1
665	7462	684	lotjae	Stercorarius longicaudus	Long-tailed Jaeger	1
