species_annotation_id	recording_id	annotation_id	species_code	scientific_name	common_name	occurrence
4260	28247	3821	cowpig1	Columba palumbus	Common Wood-Pigeon	1
4261	27820	3822	cirbun1	Emberiza cirlus	Cirl Bunting	2
4262	27820	3822	eurmag1	Pica pica	Eurasian Magpie	2
4263	28881	3825	eurmag1	Pica pica	Eurasian Magpie	1
4264	28881	3825	cirbun1	Emberiza cirlus	Cirl Bunting	1
4265	27915	3826	eurrob1	Erithacus rubecula	European Robin	1
4266	27871	3830	eurmag1	Pica pica	Eurasian Magpie	2
4267	28002	3833	eursco1	Otus scops	Eurasian Scops-Owl	2
4268	27372	3835	blackc1	Sylvia atricapilla	Eurasian Blackcap	2
4269	19836	3836	blutit	Cyanistes caeruleus	Eurasian Blue Tit	2
4270	18200	3837	comnig1	Luscinia megarhynchos	Common Nightingale	1
4271	19916	3838	blutit	Cyanistes caeruleus	Eurasian Blue Tit	2
4272	18776	3839	comnig1	Luscinia megarhynchos	Common Nightingale	1
4273	18776	3839	eurser1	Serinus serinus	European Serin	1
4274	18776	3839	blackc1	Sylvia atricapilla	Eurasian Blackcap	1
4275	18948	3840	comnig1	Luscinia megarhynchos	Common Nightingale	1
4276	18948	3840	blackc1	Sylvia atricapilla	Eurasian Blackcap	1
4277	18948	3840	eucdov	Streptopelia decaocto	Eurasian Collared-Dove	2
4278	18948	3840	eurser1	Serinus serinus	European Serin	1
4279	18061	3841	brnowl	Tyto alba	Barn Owl	2
4280	19509	3842	blackc1	Sylvia atricapilla	Eurasian Blackcap	1
4281	19509	3842	shttre1	Certhia brachydactyla	Short-toed Treecreeper	2
4282	19689	3844	cretit2	Lophophanes cristatus	Crested Tit	1
4283	18309	3845	lottit1	Aegithalos caudatus	Long-tailed Tit	1
4284	20012	3846	eurjay1	Garrulus glandarius	Eurasian Jay	1
4285	18177	3847	eurrob1	Erithacus rubecula	European Robin	2
4286	18826	3849	lottit1	Aegithalos caudatus	Long-tailed Tit	1
4287	19712	3850	comnig1	Luscinia megarhynchos	Common Nightingale	1
4288	19927	3851	eurbla	Turdus merula	Eurasian Blackbird	1
4289	19927	3851	eurrob1	Erithacus rubecula	European Robin	1
4290	18973	3852	eurrob1	Erithacus rubecula	European Robin	1
4291	18973	3852	cowpig1	Columba palumbus	Common Wood-Pigeon	1
4292	19825	3853	eurbla	Turdus merula	Eurasian Blackbird	1
4293	18855	3854	comcha	Fringilla coelebs	Common Chaffinch	1
4294	18306	3855	cretit2	Lophophanes cristatus	Crested Tit	1
4295	18306	3855	winwre4	Troglodytes troglodytes	Eurasian Wren	1
4296	18306	3855	eurmag1	Pica pica	Eurasian Magpie	2
4297	19522	3856	comnig1	Luscinia megarhynchos	Common Nightingale	1
4298	18613	3857	cretit2	Lophophanes cristatus	Crested Tit	2
4299	18613	3857	firecr1	Regulus ignicapilla	Common Firecrest	2
4300	19336	3859	shttre1	Certhia brachydactyla	Short-toed Treecreeper	1
4301	19860	3860	eurnut2	Sitta europaea	Eurasian Nuthatch	1
4302	19485	3861	eurser1	Serinus serinus	European Serin	1
4303	18791	3862	eubeat1	Merops apiaster	European Bee-eater	1
4304	18791	3862	shttre1	Certhia brachydactyla	Short-toed Treecreeper	2
4305	18926	3864	winwre4	Troglodytes troglodytes	Eurasian Wren	1
4306	18926	3864	comnig1	Luscinia megarhynchos	Common Nightingale	1
4307	20255	3865	comnig1	Luscinia megarhynchos	Common Nightingale	1
4308	19012	3867	eurnig1	Caprimulgus europaeus	Eurasian Nightjar	1
4309	18940	3869	blackc1	Sylvia atricapilla	Eurasian Blackcap	1
4310	18940	3869	eurgol	Carduelis carduelis	European Goldfinch	1
4311	18940	3869	eurser1	Serinus serinus	European Serin	1
4312	18815	3870	winwre4	Troglodytes troglodytes	Eurasian Wren	1
4313	18815	3870	comnig1	Luscinia megarhynchos	Common Nightingale	1
4314	18536	3872	firecr1	Regulus ignicapilla	Common Firecrest	1
4315	18536	3872	comnig1	Luscinia megarhynchos	Common Nightingale	1
4316	18536	3872	blackc1	Sylvia atricapilla	Eurasian Blackcap	1
4317	18536	3872	comcha	Fringilla coelebs	Common Chaffinch	2
4318	18355	3873	comcha	Fringilla coelebs	Common Chaffinch	1
4319	18355	3873	shttre1	Certhia brachydactyla	Short-toed Treecreeper	1
4320	18935	3874	winwre4	Troglodytes troglodytes	Eurasian Wren	1
4321	18935	3874	eurser1	Serinus serinus	European Serin	1
4322	19245	3875	cretit2	Lophophanes cristatus	Crested Tit	1
4323	19245	3875	winwre4	Troglodytes troglodytes	Eurasian Wren	1
4324	18836	3876	comnig1	Luscinia megarhynchos	Common Nightingale	1
4325	18836	3876	gretit1	Parus major	Great Tit	1
4326	18836	3876	blackc1	Sylvia atricapilla	Eurasian Blackcap	2
4327	18162	3878	eurrob1	Erithacus rubecula	European Robin	1
4328	20011	3879	eurbla	Turdus merula	Eurasian Blackbird	1
4329	20084	3880	lottit1	Aegithalos caudatus	Long-tailed Tit	2
4330	18109	3881	eurser1	Serinus serinus	European Serin	1
4331	18109	3881	blackc1	Sylvia atricapilla	Eurasian Blackcap	1
4332	19269	3883	eurrob1	Erithacus rubecula	European Robin	1
4333	19269	3883	comcha	Fringilla coelebs	Common Chaffinch	2
4334	18134	3884	eubeat1	Merops apiaster	European Bee-eater	1
4335	18134	3884	barswa	Hirundo rustica	Barn Swallow	2
4336	19593	3887	eurrob1	Erithacus rubecula	European Robin	1
4337	19593	3887	eupfly1	Ficedula hypoleuca	European Pied Flycatcher	2
4346	19103	3894	eursco1	Otus scops	Eurasian Scops-Owl	1
4347	18720	3898	shttre1	Certhia brachydactyla	Short-toed Treecreeper	1
4340	17992	3889	eurrob1	Erithacus rubecula	European Robin	1
4341	17992	3889	woolar1	Lullula arborea	Wood Lark	1
4342	20124	3890	eutdov	Streptopelia turtur	European Turtle-Dove	1
4343	20124	3890	comnig1	Luscinia megarhynchos	Common Nightingale	1
4344	20124	3890	blutit	Cyanistes caeruleus	Eurasian Blue Tit	2
4345	19103	3894	comnig1	Luscinia megarhynchos	Common Nightingale	1
4348	18720	3898	eurrob1	Erithacus rubecula	European Robin	1
4349	19426	3899	eurnig1	Caprimulgus europaeus	Eurasian Nightjar	1
4350	18199	3901	comnig1	Luscinia megarhynchos	Common Nightingale	1
4351	18601	3904	eutdov	Streptopelia turtur	European Turtle-Dove	1
4352	18601	3904	comnig1	Luscinia megarhynchos	Common Nightingale	1
4353	18601	3904	eurser1	Serinus serinus	European Serin	2
4354	18612	3905	eurrob1	Erithacus rubecula	European Robin	1
4355	18612	3905	darwar1	Sylvia undata	Dartford Warbler	1
4356	18612	3905	comcha	Fringilla coelebs	Common Chaffinch	2
4357	18962	3907	lottit1	Aegithalos caudatus	Long-tailed Tit	1
4358	18962	3907	blutit	Cyanistes caeruleus	Eurasian Blue Tit	1
4359	20102	3908	eutdov	Streptopelia turtur	European Turtle-Dove	1
4360	20102	3908	winwre4	Troglodytes troglodytes	Eurasian Wren	1
4361	20102	3908	blackc1	Sylvia atricapilla	Eurasian Blackcap	1
4362	6427	3918	grswoo	Dendrocopos major	Great Spotted Woodpecker	2
4363	58076	3924	azwmag3	Cyanopica cooki	Iberian Magpie	1
4364	58076	3924	gretit1	Parus major	Great Tit	1
4365	58076	3924	eurrob1	Erithacus rubecula	European Robin	2
4366	57088	3925	gretit1	Parus major	Great Tit	1
4367	57088	3925	lottit1	Aegithalos caudatus	Long-tailed Tit	2
4368	57751	3926	eurrob1	Erithacus rubecula	European Robin	1
4369	57751	3926	comcha	Fringilla coelebs	Common Chaffinch	1
4370	58650	3927	eurrob1	Erithacus rubecula	European Robin	1
4371	56491	3928	eurser1	Serinus serinus	European Serin	1
4372	56491	3928	gretit1	Parus major	Great Tit	1
4373	56802	3929	houspa	Passer domesticus	House Sparrow	1
4374	56802	3929	grswoo	Dendrocopos major	Great Spotted Woodpecker	1
4592	56520	4546	lottit1	Aegithalos caudatus	Long-tailed Tit	1
4593	58705	4549	comchi1	Phylloscopus collybita	Common Chiffchaff	1
4594	58479	4550	eurgre1	Chloris chloris	European Greenfinch	1
4595	58479	4550	blackc1	Sylvia atricapilla	Eurasian Blackcap	1
4596	56895	4554	eurser1	Serinus serinus	European Serin	1
4597	56895	4554	houspa	Passer domesticus	House Sparrow	1
4598	56374	4555	eursta	Sturnus vulgaris	European Starling	2
4599	58548	4558	eursta	Sturnus vulgaris	European Starling	2
4600	58548	4558	sposta1	Sturnus unicolor	Spotless Starling	2
4601	57328	4559	gretit1	Parus major	Great Tit	1
4602	57328	4559	eursta	Sturnus vulgaris	European Starling	2
4603	57328	4559	sposta1	Sturnus unicolor	Spotless Starling	2
4604	57328	4559	azwmag3	Cyanopica cooki	Iberian Magpie	2
4605	57615	4560	redjun	Gallus gallus	Red Junglefowl	1
4606	58108	4561	eurser1	Serinus serinus	European Serin	1
4607	58108	4561	sposta1	Sturnus unicolor	Spotless Starling	2
4608	58108	4561	eursta	Sturnus vulgaris	European Starling	2
4609	58108	4561	eucdov	Streptopelia decaocto	Eurasian Collared-Dove	1
4610	56696	4567	tawowl1	Strix aluco	Tawny Owl	1
4611	57626	4569	eurbla	Turdus merula	Eurasian Blackbird	1
4612	57626	4569	eurrob1	Erithacus rubecula	European Robin	1
4613	57626	4569	gretit1	Parus major	Great Tit	2
4614	58438	4571	eurser1	Serinus serinus	European Serin	1
4615	58438	4571	comchi1	Phylloscopus collybita	Common Chiffchaff	1
4616	58438	4571	eurrob1	Erithacus rubecula	European Robin	1
4617	57622	4573	eucdov	Streptopelia decaocto	Eurasian Collared-Dove	1
4618	57622	4573	gretit1	Parus major	Great Tit	1
4619	57622	4573	comchi1	Phylloscopus collybita	Common Chiffchaff	1
3477	29736	2832	thelar1	Galerida theklae	Thekla's Lark	1
3478	29736	2832	sarwar1	Sylvia melanocephala	Sardinian Warbler	2
3479	19017	2833	comnig1	Luscinia megarhynchos	Common Nightingale	1
3482	74356	2836	eurgol	Carduelis carduelis	European Goldfinch	1
3484	37694	2838	eurrob1	Erithacus rubecula	European Robin	1
3475	36590	2830	comcha	Fringilla coelebs	Common Chaffinch	1
3476	36590	2830	gretit1	Parus major	Great Tit	1
3480	29797	2834	gretit1	Parus major	Great Tit	1
3481	29674	2835	thelar1	Galerida theklae	Thekla's Lark	1
3483	19631	2837	blackc1	Sylvia atricapilla	Eurasian Blackcap	1
3485	37694	2838	rocpet1	Petronia petronia	Rock Sparrow	1
3486	57170	2839	blackc1	Sylvia atricapilla	Eurasian Blackcap	1
3487	57582	2840	sposta1	Sturnus unicolor	Spotless Starling	2
3488	57582	2840	eursta	Sturnus vulgaris	European Starling	2
3489	30141	2844	eubeat1	Merops apiaster	European Bee-eater	1
3490	56449	2845	blutit	Cyanistes caeruleus	Eurasian Blue Tit	1
3491	57880	2846	houspa	Passer domesticus	House Sparrow	1
3492	57880	2846	comchi1	Phylloscopus collybita	Common Chiffchaff	1
3493	65134	2848	eurmag1	Pica pica	Eurasian Magpie	1
3494	65123	2849	gretit1	Parus major	Great Tit	1
3495	65123	2849	eurrob1	Erithacus rubecula	European Robin	1
3496	64508	2850	eurrob1	Erithacus rubecula	European Robin	1
3497	65080	2852	eurrob1	Erithacus rubecula	European Robin	1
3498	65080	2852	carcro1	Corvus corone	Carrion Crow	1
3499	64492	2853	eurrob1	Erithacus rubecula	European Robin	1
3500	64492	2853	eurmag1	Pica pica	Eurasian Magpie	1
3501	65157	2854	eurmag1	Pica pica	Eurasian Magpie	1
3502	65157	2854	firecr1	Regulus ignicapilla	Common Firecrest	1
3503	65157	2854	gretit1	Parus major	Great Tit	1
3504	64346	2855	comchi1	Phylloscopus collybita	Common Chiffchaff	2
3505	64529	2857	firecr1	Regulus ignicapilla	Common Firecrest	2
3506	64529	2857	carcro1	Corvus corone	Carrion Crow	2
3507	29316	2858	eurbla	Turdus merula	Eurasian Blackbird	1
3508	30525	2859	lottit1	Aegithalos caudatus	Long-tailed Tit	1
3509	30144	2864	eubeat1	Merops apiaster	European Bee-eater	1
3510	29197	2865	eubeat1	Merops apiaster	European Bee-eater	1
3511	29599	2866	azwmag3	Cyanopica cooki	Iberian Magpie	1
3512	29115	2867	eubeat1	Merops apiaster	European Bee-eater	1
3513	30852	2868	darwar1	Sylvia undata	Dartford Warbler	1
3514	30446	2871	azwmag3	Cyanopica cooki	Iberian Magpie	1
3515	62069	2873	yelgul1	Larus michahellis	Yellow-legged Gull	2
3516	63419	2874	eurgre1	Chloris chloris	European Greenfinch	1
3517	63419	2874	comcha	Fringilla coelebs	Common Chaffinch	1
3518	62611	2875	eursta	Sturnus vulgaris	European Starling	2
3519	62918	2876	eurbla	Turdus merula	Eurasian Blackbird	1
3520	61629	2877	eurbla	Turdus merula	Eurasian Blackbird	1
3521	61629	2877	firecr1	Regulus ignicapilla	Common Firecrest	1
3522	61919	2878	whiwag	Motacilla alba	White Wagtail	2
3523	63355	2880	eurbla	Turdus merula	Eurasian Blackbird	1
3524	63355	2880	eurser1	Serinus serinus	European Serin	1
3525	30757	2885	darwar1	Sylvia undata	Dartford Warbler	2
3526	30666	2886	azwmag3	Cyanopica cooki	Iberian Magpie	1
3527	30514	2890	azwmag3	Cyanopica cooki	Iberian Magpie	1
3528	29966	2891	thelar1	Galerida theklae	Thekla's Lark	1
3529	29966	2891	eurgre1	Chloris chloris	European Greenfinch	1
3530	30492	2893	azwmag3	Cyanopica cooki	Iberian Magpie	2
3531	30348	2894	sarwar1	Sylvia melanocephala	Sardinian Warbler	1
3532	28933	2895	thelar1	Galerida theklae	Thekla's Lark	1
3533	29466	2899	darwar1	Sylvia undata	Dartford Warbler	2
3534	18323	2902	winwre4	Troglodytes troglodytes	Eurasian Wren	1
3535	20153	2903	eurrob1	Erithacus rubecula	European Robin	1
3536	20153	2903	sarwar1	Sylvia melanocephala	Sardinian Warbler	1
3537	20153	2903	woolar1	Lullula arborea	Wood Lark	1
3538	20153	2903	comcha	Fringilla coelebs	Common Chaffinch	2
3539	20126	2904	comnig1	Luscinia megarhynchos	Common Nightingale	1
3540	19722	2905	rocpet1	Petronia petronia	Rock Sparrow	1
3541	19722	2905	eugori2	Oriolus oriolus	Eurasian Golden Oriole	2
3542	19722	2905	comcha	Fringilla coelebs	Common Chaffinch	1
3543	19798	2907	eurrob1	Erithacus rubecula	European Robin	1
3544	18324	2909	eurjay1	Garrulus glandarius	Eurasian Jay	1
3545	19095	2910	gretit1	Parus major	Great Tit	2
3546	20236	2911	eurrob1	Erithacus rubecula	European Robin	1
3547	20236	2911	gretit1	Parus major	Great Tit	2
3548	19577	2913	comcha	Fringilla coelebs	Common Chaffinch	1
3549	19577	2913	webwar1	Phylloscopus bonelli	Western Bonelli's Warbler	1
3550	18775	2914	comnig1	Luscinia megarhynchos	Common Nightingale	2
3551	18404	2916	comnig1	Luscinia megarhynchos	Common Nightingale	1
3552	19595	2917	blackc1	Sylvia atricapilla	Eurasian Blackcap	1
3553	20035	2918	barswa	Hirundo rustica	Barn Swallow	1
3554	20035	2918	woolar1	Lullula arborea	Wood Lark	1
3555	20035	2918	lottit1	Aegithalos caudatus	Long-tailed Tit	2
3556	19221	2919	comcha	Fringilla coelebs	Common Chaffinch	1
3557	19221	2919	winwre4	Troglodytes troglodytes	Eurasian Wren	1
3558	19221	2919	eutdov	Streptopelia turtur	European Turtle-Dove	1
3559	19221	2919	eurbla	Turdus merula	Eurasian Blackbird	2
3560	19125	2920	blackc1	Sylvia atricapilla	Eurasian Blackcap	1
3561	19125	2920	lottit1	Aegithalos caudatus	Long-tailed Tit	2
3562	19969	2921	eurbla	Turdus merula	Eurasian Blackbird	1
3563	19969	2921	eurrob1	Erithacus rubecula	European Robin	1
3564	20059	2922	eurbla	Turdus merula	Eurasian Blackbird	1
3565	18701	2923	eurbul	Pyrrhula pyrrhula	Eurasian Bullfinch	1
3566	18701	2923	comcha	Fringilla coelebs	Common Chaffinch	1
3567	19879	2924	comnig1	Luscinia megarhynchos	Common Nightingale	1
3568	19223	2926	lottit1	Aegithalos caudatus	Long-tailed Tit	1
3569	18289	2927	cowpig1	Columba palumbus	Common Wood-Pigeon	1
3570	19943	2930	eubeat1	Merops apiaster	European Bee-eater	1
3571	20257	2931	gretit1	Parus major	Great Tit	1
3572	20257	2931	comnig1	Luscinia megarhynchos	Common Nightingale	1
3573	20257	2931	lottit1	Aegithalos caudatus	Long-tailed Tit	1
3574	20257	2931	sarwar1	Sylvia melanocephala	Sardinian Warbler	1
3575	20157	2933	eurbla	Turdus merula	Eurasian Blackbird	1
3576	19496	2936	eurrob1	Erithacus rubecula	European Robin	1
3577	74577	2938	eurrob1	Erithacus rubecula	European Robin	1
3578	73675	2940	eurrob1	Erithacus rubecula	European Robin	1
3579	73675	2940	gretit1	Parus major	Great Tit	2
3580	73723	2941	eurrob1	Erithacus rubecula	European Robin	1
3587	74777	2948	gretit1	Parus major	Great Tit	1
3582	74171	2942	comchi1	Phylloscopus collybita	Common Chiffchaff	1
3583	73930	2945	eurrob1	Erithacus rubecula	European Robin	1
3584	73930	2945	eurbla	Turdus merula	Eurasian Blackbird	1
3585	73930	2945	winwre4	Troglodytes troglodytes	Eurasian Wren	1
3586	74777	2948	eurrob1	Erithacus rubecula	European Robin	1
3588	75037	2951	comchi1	Phylloscopus collybita	Common Chiffchaff	1
3589	37892	2954	comnig1	Luscinia megarhynchos	Common Nightingale	1
3590	36823	2956	tawowl1	Strix aluco	Tawny Owl	1
3591	37469	2958	eurgol	Carduelis carduelis	European Goldfinch	1
3592	37908	2959	comnig1	Luscinia megarhynchos	Common Nightingale	1
3593	38796	2960	tawowl1	Strix aluco	Tawny Owl	1
3594	37265	2961	cirbun1	Emberiza cirlus	Cirl Bunting	1
3595	38592	2962	zitcis1	Cisticola juncidis	Zitting Cisticola	1
3596	38592	2962	comcha	Fringilla coelebs	Common Chaffinch	1
3597	38592	2962	corbun1	Emberiza calandra	Corn Bunting	1
3598	38358	2964	rocpet1	Petronia petronia	Rock Sparrow	1
3599	37300	2965	comcha	Fringilla coelebs	Common Chaffinch	1
3600	37300	2965	corbun1	Emberiza calandra	Corn Bunting	1
3601	38055	2966	comchi1	Phylloscopus collybita	Common Chiffchaff	1
3602	38055	2966	comcha	Fringilla coelebs	Common Chaffinch	1
3603	38055	2966	eurser1	Serinus serinus	European Serin	1
3604	37365	2967	grswoo	Dendrocopos major	Great Spotted Woodpecker	2
3605	37365	2967	woolar1	Lullula arborea	Wood Lark	1
3606	36946	2969	comqua1	Coturnix coturnix	Common Quail	1
3607	37483	2970	winwre4	Troglodytes troglodytes	Eurasian Wren	1
3608	37483	2970	shttre1	Certhia brachydactyla	Short-toed Treecreeper	1
3609	38152	2972	shttre1	Certhia brachydactyla	Short-toed Treecreeper	1
3610	38152	2972	gretit1	Parus major	Great Tit	1
3611	36500	2974	eurrob1	Erithacus rubecula	European Robin	1
3612	37188	2975	comcuc	Cuculus canorus	Common Cuckoo	1
3613	37188	2975	comcha	Fringilla coelebs	Common Chaffinch	1
3614	36949	2976	gretit1	Parus major	Great Tit	2
3615	37980	2977	tawowl1	Strix aluco	Tawny Owl	1
3616	38028	2981	comnig1	Luscinia megarhynchos	Common Nightingale	1
3617	38321	2985	shttre1	Certhia brachydactyla	Short-toed Treecreeper	2
3629	66112	2998	winwre4	Troglodytes troglodytes	Eurasian Wren	1
3619	65604	2988	eurrob1	Erithacus rubecula	European Robin	1
3620	66808	2989	cowpig1	Columba palumbus	Common Wood-Pigeon	1
3621	66808	2989	gretit1	Parus major	Great Tit	1
3622	66808	2989	eurbla	Turdus merula	Eurasian Blackbird	2
3630	66336	3001	grswoo	Dendrocopos major	Great Spotted Woodpecker	2
3625	67085	2995	comcha	Fringilla coelebs	Common Chaffinch	1
3626	67085	2995	gretit1	Parus major	Great Tit	1
3627	66602	2997	eurrob1	Erithacus rubecula	European Robin	1
3628	66112	2998	eurbla	Turdus merula	Eurasian Blackbird	1
3631	66821	3003	eurrob1	Erithacus rubecula	European Robin	1
3632	66821	3003	cowpig1	Columba palumbus	Common Wood-Pigeon	1
3633	65450	3007	eurrob1	Erithacus rubecula	European Robin	1
3634	65450	3007	eurbla	Turdus merula	Eurasian Blackbird	1
3635	65450	3007	blutit	Cyanistes caeruleus	Eurasian Blue Tit	2
3636	65921	3008	eurbla	Turdus merula	Eurasian Blackbird	1
3637	65921	3008	eurrob1	Erithacus rubecula	European Robin	1
3638	32388	3012	blackc1	Sylvia atricapilla	Eurasian Blackcap	1
3639	31736	3013	cowpig1	Columba palumbus	Common Wood-Pigeon	1
3640	31736	3013	comcha	Fringilla coelebs	Common Chaffinch	1
3641	31736	3013	blawoo1	Dryocopus martius	Black Woodpecker	2
3642	31652	3014	comrav	Corvus corax	Common Raven	1
3643	31786	3016	eurrob1	Erithacus rubecula	European Robin	1
3644	31288	3017	eurrob1	Erithacus rubecula	European Robin	1
3645	32104	3020	eurnut2	Sitta europaea	Eurasian Nuthatch	1
3646	31750	3021	eurrob1	Erithacus rubecula	European Robin	1
3647	31750	3021	gretit1	Parus major	Great Tit	1
3648	31750	3021	eurbla	Turdus merula	Eurasian Blackbird	2
3649	31422	3022	comcha	Fringilla coelebs	Common Chaffinch	1
3650	31422	3022	eursis	Spinus spinus	Eurasian Siskin	2
3651	31422	3022	eurbla	Turdus merula	Eurasian Blackbird	2
3652	31235	3024	comcha	Fringilla coelebs	Common Chaffinch	1
3653	31235	3024	blackc1	Sylvia atricapilla	Eurasian Blackcap	1
3654	31648	3026	cowpig1	Columba palumbus	Common Wood-Pigeon	1
3655	31648	3026	gretit1	Parus major	Great Tit	2
3656	31822	3027	eurbla	Turdus merula	Eurasian Blackbird	1
3657	32237	3028	tawowl1	Strix aluco	Tawny Owl	1
3658	69824	3031	blutit	Cyanistes caeruleus	Eurasian Blue Tit	1
3659	91316	3032	trepip	Anthus trivialis	Tree Pipit	2
3660	91687	3038	eurrob1	Erithacus rubecula	European Robin	2
3661	91163	3039	sonthr1	Turdus philomelos	Song Thrush	2
3662	91619	3042	wlwwar	Phylloscopus trochilus	Willow Warbler	2
3663	91200	3045	gretit1	Parus major	Great Tit	1
3664	93917	3051	tawowl1	Strix aluco	Tawny Owl	2
3665	83890	3063	eurjay1	Garrulus glandarius	Eurasian Jay	1
3666	82487	3070	eursis	Spinus spinus	Eurasian Siskin	2
3667	68683	3071	eutdov	Streptopelia turtur	European Turtle-Dove	2
3673	69021	3076	eurmag1	Pica pica	Eurasian Magpie	1
3669	68898	3072	eurser1	Serinus serinus	European Serin	1
3670	68823	3074	eurgol	Carduelis carduelis	European Goldfinch	1
3671	68823	3074	eurgre1	Chloris chloris	European Greenfinch	2
3672	68715	3075	eucdov	Streptopelia decaocto	Eurasian Collared-Dove	1
3674	69021	3076	houspa	Passer domesticus	House Sparrow	1
3675	68750	3078	eurgol	Carduelis carduelis	European Goldfinch	1
3676	68718	3079	eurgre1	Chloris chloris	European Greenfinch	1
3677	68822	3081	cetwar1	Cettia cetti	Cetti's Warbler	1
3678	68822	3081	eurgol	Carduelis carduelis	European Goldfinch	1
3679	69043	3085	gretit1	Parus major	Great Tit	2
3680	68660	3088	eurgol	Carduelis carduelis	European Goldfinch	1
3681	69057	3091	cetwar1	Cettia cetti	Cetti's Warbler	1
3682	68702	3096	gretit1	Parus major	Great Tit	1
3683	68945	3098	eurgol	Carduelis carduelis	European Goldfinch	1
3684	68945	3098	comcha	Fringilla coelebs	Common Chaffinch	1
3685	28817	3099	cetwar1	Cettia cetti	Cetti's Warbler	1
3686	27841	3103	gretit1	Parus major	Great Tit	1
3687	27730	3104	itaspa1	Passer italiae	Italian Sparrow	2
3688	28469	3105	blackc1	Sylvia atricapilla	Eurasian Blackcap	1
3689	28559	3107	leswoo1	Dryobates minor	Lesser Spotted Woodpecker	2
3690	28380	3110	cowpig1	Columba palumbus	Common Wood-Pigeon	2
3691	27631	3115	eurmag1	Pica pica	Eurasian Magpie	2
3692	27342	3117	blackc1	Sylvia atricapilla	Eurasian Blackcap	1
3693	27342	3117	gretit1	Parus major	Great Tit	2
3694	27590	3118	eurmag1	Pica pica	Eurasian Magpie	1
3695	28236	3119	comcha	Fringilla coelebs	Common Chaffinch	1
3696	28369	3122	eugori2	Oriolus oriolus	Eurasian Golden Oriole	1
3697	28181	3124	eurrob1	Erithacus rubecula	European Robin	1
3698	28181	3124	eurbla	Turdus merula	Eurasian Blackbird	1
3699	28803	3126	hoocro1	Corvus cornix	Hooded Crow	1
3700	28754	3127	eurbla	Turdus merula	Eurasian Blackbird	2
3701	28415	3130	cetwar1	Cettia cetti	Cetti's Warbler	1
3702	28815	3131	eurrob1	Erithacus rubecula	European Robin	1
3703	28815	3131	eursis	Spinus spinus	Eurasian Siskin	2
3704	28235	3132	eurwry	Jynx torquilla	Eurasian Wryneck	2
3705	28034	3133	cetwar1	Cettia cetti	Cetti's Warbler	1
3706	23617	3134	comchi1	Phylloscopus collybita	Common Chiffchaff	2
3707	23617	3134	eurrob1	Erithacus rubecula	European Robin	2
3708	23849	3135	cowpig1	Columba palumbus	Common Wood-Pigeon	2
3709	23849	3135	eucdov	Streptopelia decaocto	Eurasian Collared-Dove	2
3710	23266	3139	firecr1	Regulus ignicapilla	Common Firecrest	2
3711	24704	3140	eurrob1	Erithacus rubecula	European Robin	2
3712	24704	3140	comchi1	Phylloscopus collybita	Common Chiffchaff	2
3713	23567	3142	eurrob1	Erithacus rubecula	European Robin	1
3714	24411	3143	comchi1	Phylloscopus collybita	Common Chiffchaff	1
3715	24411	3143	eurrob1	Erithacus rubecula	European Robin	1
3716	24411	3143	eurbla	Turdus merula	Eurasian Blackbird	1
3717	24442	3144	comchi1	Phylloscopus collybita	Common Chiffchaff	1
3718	24442	3144	blackc1	Sylvia atricapilla	Eurasian Blackcap	1
3719	24442	3144	comcha	Fringilla coelebs	Common Chaffinch	2
3720	24299	3146	eurrob1	Erithacus rubecula	European Robin	1
3721	24299	3146	redjun	Gallus gallus	Red Junglefowl	1
3722	23497	3149	grswoo	Dendrocopos major	Great Spotted Woodpecker	1
3723	23428	3150	shttre1	Certhia brachydactyla	Short-toed Treecreeper	2
3724	24576	3151	eurrob1	Erithacus rubecula	European Robin	1
3725	24166	3152	carcro1	Corvus corone	Carrion Crow	1
3726	24425	3155	blackc1	Sylvia atricapilla	Eurasian Blackcap	1
3727	24425	3155	comcha	Fringilla coelebs	Common Chaffinch	1
3728	24425	3155	eurnut2	Sitta europaea	Eurasian Nuthatch	2
3729	24425	3155	eurrob1	Erithacus rubecula	European Robin	2
3730	24425	3155	comchi1	Phylloscopus collybita	Common Chiffchaff	2
3731	25035	3156	comchi1	Phylloscopus collybita	Common Chiffchaff	1
3732	25012	3157	carcro1	Corvus corone	Carrion Crow	1
3733	24402	3159	comcha	Fringilla coelebs	Common Chaffinch	1
3734	24402	3159	goldcr1	Regulus regulus	Goldcrest	1
3735	24402	3159	eurrob1	Erithacus rubecula	European Robin	2
3736	24103	3160	comchi1	Phylloscopus collybita	Common Chiffchaff	1
3737	24103	3160	eurmag1	Pica pica	Eurasian Magpie	1
3738	24788	3164	comchi1	Phylloscopus collybita	Common Chiffchaff	1
3739	24788	3164	winwre4	Troglodytes troglodytes	Eurasian Wren	1
3740	24788	3164	cowpig1	Columba palumbus	Common Wood-Pigeon	1
3741	23787	3165	eurmag1	Pica pica	Eurasian Magpie	1
3742	23787	3165	eurrob1	Erithacus rubecula	European Robin	1
3743	23787	3165	comchi1	Phylloscopus collybita	Common Chiffchaff	1
3744	72078	3168	eurjac	Corvus monedula	Eurasian Jackdaw	1
3745	72078	3168	comcha	Fringilla coelebs	Common Chaffinch	1
3746	70563	3171	loeowl	Asio otus	Long-eared Owl	2
3747	72543	3175	eurser1	Serinus serinus	European Serin	1
3748	72543	3175	houspa	Passer domesticus	House Sparrow	1
3749	70498	3177	eursta	Sturnus vulgaris	European Starling	2
3750	71116	3179	comcha	Fringilla coelebs	Common Chaffinch	1
3751	64807	3185	eurmag1	Pica pica	Eurasian Magpie	1
3752	64807	3185	eurnut2	Sitta europaea	Eurasian Nuthatch	1
3753	64807	3185	gretit1	Parus major	Great Tit	1
3754	64028	3186	eurrob1	Erithacus rubecula	European Robin	1
3755	64028	3186	eurbla	Turdus merula	Eurasian Blackbird	1
3756	64468	3188	eurrob1	Erithacus rubecula	European Robin	1
3763	63959	3192	blutit	Cyanistes caeruleus	Eurasian Blue Tit	2
3764	64953	3193	comcha	Fringilla coelebs	Common Chaffinch	1
3759	65207	3189	shttre1	Certhia brachydactyla	Short-toed Treecreeper	2
3760	65207	3189	blackc1	Sylvia atricapilla	Eurasian Blackcap	2
3761	64554	3191	carcro1	Corvus corone	Carrion Crow	1
3762	63959	3192	comchi1	Phylloscopus collybita	Common Chiffchaff	1
3765	64953	3193	winwre4	Troglodytes troglodytes	Eurasian Wren	1
3766	64953	3193	eursta	Sturnus vulgaris	European Starling	2
3767	64953	3193	gretit1	Parus major	Great Tit	1
3768	64628	3196	gretit1	Parus major	Great Tit	1
3769	65061	3197	shttre1	Certhia brachydactyla	Short-toed Treecreeper	1
3770	64946	3200	comcuc	Cuculus canorus	Common Cuckoo	1
3771	64946	3200	eurbla	Turdus merula	Eurasian Blackbird	1
3772	64946	3200	shttre1	Certhia brachydactyla	Short-toed Treecreeper	1
3773	64946	3200	gretit1	Parus major	Great Tit	1
3774	64137	3202	eurrob1	Erithacus rubecula	European Robin	1
3775	65950	3203	winwre4	Troglodytes troglodytes	Eurasian Wren	1
3776	66788	3205	eurrob1	Erithacus rubecula	European Robin	1
3777	65668	3206	eurnut2	Sitta europaea	Eurasian Nuthatch	1
3778	65668	3206	gretit1	Parus major	Great Tit	1
3779	66487	3209	eurrob1	Erithacus rubecula	European Robin	1
3780	67065	3210	eurbla	Turdus merula	Eurasian Blackbird	1
3781	65908	3211	eurbla	Turdus merula	Eurasian Blackbird	1
3782	65908	3211	gretit1	Parus major	Great Tit	1
3783	65908	3211	winwre4	Troglodytes troglodytes	Eurasian Wren	2
3784	66348	3212	eurmag1	Pica pica	Eurasian Magpie	1
3785	66348	3212	winwre4	Troglodytes troglodytes	Eurasian Wren	1
3786	66348	3212	eurrob1	Erithacus rubecula	European Robin	2
3787	66753	3215	eurrob1	Erithacus rubecula	European Robin	1
3788	30138	3216	eubeat1	Merops apiaster	European Bee-eater	1
3789	30138	3216	darwar1	Sylvia undata	Dartford Warbler	1
3790	30074	3217	darwar1	Sylvia undata	Dartford Warbler	2
3791	29029	3218	gretit1	Parus major	Great Tit	1
3792	29029	3218	thelar1	Galerida theklae	Thekla's Lark	1
3793	29785	3219	eurnig1	Caprimulgus europaeus	Eurasian Nightjar	1
3794	30715	3220	gretit1	Parus major	Great Tit	1
3795	30715	3220	darwar1	Sylvia undata	Dartford Warbler	2
3796	30715	3220	eurgre1	Chloris chloris	European Greenfinch	1
3797	30567	3221	thelar1	Galerida theklae	Thekla's Lark	1
3798	29003	3222	stonec4	Saxicola rubicola	European Stonechat	1
3799	29003	3222	darwar1	Sylvia undata	Dartford Warbler	2
3800	29194	3223	callar1	Melanocorypha calandra	Calandra Lark	2
3801	30595	3226	thelar1	Galerida theklae	Thekla's Lark	1
3802	29059	3228	thelar1	Galerida theklae	Thekla's Lark	1
3803	30155	3229	azwmag3	Cyanopica cooki	Iberian Magpie	1
3804	29977	3231	azwmag3	Cyanopica cooki	Iberian Magpie	1
3805	28973	3233	sarwar1	Sylvia melanocephala	Sardinian Warbler	1
3806	28973	3233	eurbla	Turdus merula	Eurasian Blackbird	2
3807	30501	3234	azwmag3	Cyanopica cooki	Iberian Magpie	1
3808	30464	3235	eubeat1	Merops apiaster	European Bee-eater	1
3809	29534	3236	eurbla	Turdus merula	Eurasian Blackbird	2
3810	29534	3236	thelar1	Galerida theklae	Thekla's Lark	1
3811	29528	3237	rennig1	Caprimulgus ruficollis	Red-necked Nightjar	2
3812	29670	3238	sarwar1	Sylvia melanocephala	Sardinian Warbler	2
3813	29670	3238	azwmag3	Cyanopica cooki	Iberian Magpie	2
3814	29620	3240	eubeat1	Merops apiaster	European Bee-eater	1
3815	29620	3240	thelar1	Galerida theklae	Thekla's Lark	1
3816	28950	3241	eubeat1	Merops apiaster	European Bee-eater	1
3817	28950	3241	darwar1	Sylvia undata	Dartford Warbler	1
3818	28950	3241	eurbla	Turdus merula	Eurasian Blackbird	1
3819	30092	3242	thelar1	Galerida theklae	Thekla's Lark	1
3820	30110	3243	cretit2	Lophophanes cristatus	Crested Tit	1
3821	30110	3243	eurbla	Turdus merula	Eurasian Blackbird	2
3822	29961	3246	comqua1	Coturnix coturnix	Common Quail	1
3823	29481	3247	stonec4	Saxicola rubicola	European Stonechat	1
3824	30888	3248	azwmag3	Cyanopica cooki	Iberian Magpie	2
3825	29778	3250	eurbla	Turdus merula	Eurasian Blackbird	1
3826	30097	3252	eubeat1	Merops apiaster	European Bee-eater	1
3827	29782	3254	thelar1	Galerida theklae	Thekla's Lark	1
3828	29905	3255	eurbla	Turdus merula	Eurasian Blackbird	1
3829	29905	3255	darwar1	Sylvia undata	Dartford Warbler	1
3830	28966	3256	stonec4	Saxicola rubicola	European Stonechat	1
3831	29603	3257	darwar1	Sylvia undata	Dartford Warbler	1
3832	30837	3258	sarwar1	Sylvia melanocephala	Sardinian Warbler	2
3833	30045	3259	eurbla	Turdus merula	Eurasian Blackbird	1
3834	30045	3259	darwar1	Sylvia undata	Dartford Warbler	1
3835	30045	3259	stonec4	Saxicola rubicola	European Stonechat	1
3836	30851	3260	darwar1	Sylvia undata	Dartford Warbler	2
3837	30939	3261	eubeat1	Merops apiaster	European Bee-eater	1
3838	30939	3261	palswi3	Apus pallidus	Pallid Swift	2
3839	30313	3262	crelar2	Galerida cristata	Crested Lark	2
3840	30840	3264	sarwar1	Sylvia melanocephala	Sardinian Warbler	2
3841	29053	3265	sarwar1	Sylvia melanocephala	Sardinian Warbler	1
3842	29883	3267	stonec4	Saxicola rubicola	European Stonechat	1
3847	30120	3275	rennig1	Caprimulgus ruficollis	Red-necked Nightjar	1
3844	30118	3269	grefla3	Phoenicopterus roseus	Greater Flamingo	1
3845	30526	3270	grefla3	Phoenicopterus roseus	Greater Flamingo	1
3846	28990	3272	darwar1	Sylvia undata	Dartford Warbler	1
3848	30578	3276	stonec4	Saxicola rubicola	European Stonechat	1
3849	29135	3277	eubeat1	Merops apiaster	European Bee-eater	1
3850	29135	3277	azwmag3	Cyanopica cooki	Iberian Magpie	2
3851	30180	3278	eubeat1	Merops apiaster	European Bee-eater	1
3852	29358	3280	azwmag3	Cyanopica cooki	Iberian Magpie	1
3853	30067	3282	stonec4	Saxicola rubicola	European Stonechat	1
3854	30016	3283	eurgol	Carduelis carduelis	European Goldfinch	2
3855	30016	3283	gretit1	Parus major	Great Tit	2
3856	29010	3284	thelar1	Galerida theklae	Thekla's Lark	1
3857	29501	3285	darwar1	Sylvia undata	Dartford Warbler	1
3858	29501	3285	eubeat1	Merops apiaster	European Bee-eater	1
3859	29684	3287	crelar2	Galerida cristata	Crested Lark	2
3860	29579	3288	eubeat1	Merops apiaster	European Bee-eater	1
3861	29579	3288	spaeag1	Aquila adalberti	Spanish Eagle	2
3862	30713	3289	sarwar1	Sylvia melanocephala	Sardinian Warbler	1
3863	29581	3290	thelar1	Galerida theklae	Thekla's Lark	1
3864	30080	3291	eurser1	Serinus serinus	European Serin	1
3865	30080	3291	eubeat1	Merops apiaster	European Bee-eater	2
3866	30354	3292	stonec4	Saxicola rubicola	European Stonechat	1
3867	29983	3294	azwmag3	Cyanopica cooki	Iberian Magpie	1
3868	30466	3295	darwar1	Sylvia undata	Dartford Warbler	1
3869	29138	3296	azwmag3	Cyanopica cooki	Iberian Magpie	1
3870	29215	3297	darwar1	Sylvia undata	Dartford Warbler	1
3871	30433	3298	azwmag3	Cyanopica cooki	Iberian Magpie	1
3872	29376	3299	eubeat1	Merops apiaster	European Bee-eater	1
3873	30304	3300	thelar1	Galerida theklae	Thekla's Lark	1
3874	30304	3300	eurlin1	Linaria cannabina	Eurasian Linnet	2
3875	28994	3301	eurgre1	Chloris chloris	European Greenfinch	1
3876	29366	3302	darwar1	Sylvia undata	Dartford Warbler	1
3877	29366	3302	thelar1	Galerida theklae	Thekla's Lark	1
3878	29366	3302	eurmag1	Pica pica	Eurasian Magpie	1
3879	30781	3303	darwar1	Sylvia undata	Dartford Warbler	1
3880	30846	3306	eurgre1	Chloris chloris	European Greenfinch	1
3881	30973	3307	barswa	Hirundo rustica	Barn Swallow	1
3882	30670	3309	azwmag3	Cyanopica cooki	Iberian Magpie	2
3883	30903	3312	eubeat1	Merops apiaster	European Bee-eater	1
3884	29807	3313	rennig1	Caprimulgus ruficollis	Red-necked Nightjar	1
3885	29921	3315	stonec4	Saxicola rubicola	European Stonechat	1
3886	29173	3316	eurmag1	Pica pica	Eurasian Magpie	2
3887	30497	3317	azwmag3	Cyanopica cooki	Iberian Magpie	1
3888	30328	3318	hoopoe	Upupa epops	Eurasian Hoopoe	1
3889	30328	3318	thelar1	Galerida theklae	Thekla's Lark	2
3890	30986	3320	sarwar1	Sylvia melanocephala	Sardinian Warbler	1
3891	30986	3320	eurser1	Serinus serinus	European Serin	2
3892	29887	3321	darwar1	Sylvia undata	Dartford Warbler	1
3893	29887	3321	eubeat1	Merops apiaster	European Bee-eater	1
3894	28936	3322	gretit1	Parus major	Great Tit	1
3895	29513	3325	gretit1	Parus major	Great Tit	1
3896	28977	3326	azwmag3	Cyanopica cooki	Iberian Magpie	1
3897	28977	3326	sarwar1	Sylvia melanocephala	Sardinian Warbler	2
3902	30095	3332	sarwar1	Sylvia melanocephala	Sardinian Warbler	2
3899	30883	3327	eubeat1	Merops apiaster	European Bee-eater	1
3900	30153	3330	eubeat1	Merops apiaster	European Bee-eater	1
3901	30095	3332	stonec4	Saxicola rubicola	European Stonechat	1
3903	29563	3334	rennig1	Caprimulgus ruficollis	Red-necked Nightjar	1
3904	57293	3335	redjun	Gallus gallus	Red Junglefowl	1
3905	57877	3336	houspa	Passer domesticus	House Sparrow	1
3906	58169	3337	eurrob1	Erithacus rubecula	European Robin	1
3907	57578	3338	eurbla	Turdus merula	Eurasian Blackbird	1
3908	57578	3338	blutit	Cyanistes caeruleus	Eurasian Blue Tit	1
3909	56841	3339	azwmag3	Cyanopica cooki	Iberian Magpie	1
3910	57774	3340	cretit2	Lophophanes cristatus	Crested Tit	1
3911	58485	3341	eurser1	Serinus serinus	European Serin	1
3912	58373	3343	blackc1	Sylvia atricapilla	Eurasian Blackcap	1
3913	57873	3346	eurrob1	Erithacus rubecula	European Robin	1
3914	56801	3348	eurser1	Serinus serinus	European Serin	1
3915	56801	3348	azwmag3	Cyanopica cooki	Iberian Magpie	1
3916	56801	3348	eurgre1	Chloris chloris	European Greenfinch	2
3917	56801	3348	grswoo	Dendrocopos major	Great Spotted Woodpecker	1
3918	58371	3349	grswoo	Dendrocopos major	Great Spotted Woodpecker	1
3919	56591	3351	eurlin1	Linaria cannabina	Eurasian Linnet	1
3920	57238	3353	houspa	Passer domesticus	House Sparrow	1
3921	57238	3353	sarwar1	Sylvia melanocephala	Sardinian Warbler	2
3922	57238	3353	eurrob1	Erithacus rubecula	European Robin	2
3923	56742	3354	comchi1	Phylloscopus collybita	Common Chiffchaff	1
3924	58200	3355	blutit	Cyanistes caeruleus	Eurasian Blue Tit	2
3925	74670	3358	eurser1	Serinus serinus	European Serin	1
3926	74670	3358	eurrob1	Erithacus rubecula	European Robin	1
3927	74670	3358	comcha	Fringilla coelebs	Common Chaffinch	1
3928	74670	3358	gretit1	Parus major	Great Tit	1
3929	73689	3359	eurrob1	Erithacus rubecula	European Robin	1
3930	74498	3360	eurrob1	Erithacus rubecula	European Robin	1
3931	74498	3360	grnwoo3	Picus sharpei	Iberian Green Woodpecker	2
3932	74498	3360	azwmag3	Cyanopica cooki	Iberian Magpie	2
3933	74126	3364	mallar3	Anas platyrhynchos	Mallard	2
3934	74744	3365	eurrob1	Erithacus rubecula	European Robin	1
3935	73921	3366	eurrob1	Erithacus rubecula	European Robin	1
3936	73921	3366	comcha	Fringilla coelebs	Common Chaffinch	2
3937	74593	3368	yelgul1	Larus michahellis	Yellow-legged Gull	2
3938	74593	3368	lbbgul	Larus fuscus	Lesser Black-backed Gull	2
3939	74980	3369	comchi1	Phylloscopus collybita	Common Chiffchaff	1
3940	74980	3369	litgre1	Tachybaptus ruficollis	Little Grebe	1
3941	74369	3370	firecr1	Regulus ignicapilla	Common Firecrest	2
3942	74726	3371	shttre1	Certhia brachydactyla	Short-toed Treecreeper	1
3943	74317	3372	eurrob1	Erithacus rubecula	European Robin	1
3944	74317	3372	comchi1	Phylloscopus collybita	Common Chiffchaff	1
3945	75129	3374	shttre1	Certhia brachydactyla	Short-toed Treecreeper	1
3946	75129	3374	firecr1	Regulus ignicapilla	Common Firecrest	2
3947	74127	3375	mallar3	Anas platyrhynchos	Mallard	2
3948	73540	3378	eurrob1	Erithacus rubecula	European Robin	1
3949	73540	3378	comchi1	Phylloscopus collybita	Common Chiffchaff	1
3950	75161	3379	eurrob1	Erithacus rubecula	European Robin	1
3951	73897	3380	eurrob1	Erithacus rubecula	European Robin	1
3952	73897	3380	comchi1	Phylloscopus collybita	Common Chiffchaff	1
3953	74979	3382	eurrob1	Erithacus rubecula	European Robin	1
3954	74979	3382	comchi1	Phylloscopus collybita	Common Chiffchaff	1
3955	74979	3382	mallar3	Anas platyrhynchos	Mallard	2
3956	74979	3382	litgre1	Tachybaptus ruficollis	Little Grebe	2
3957	74553	3383	eurrob1	Erithacus rubecula	European Robin	1
3958	74553	3383	gretit1	Parus major	Great Tit	2
3959	75082	3384	gretit1	Parus major	Great Tit	1
3960	74389	3386	lottit1	Aegithalos caudatus	Long-tailed Tit	1
3961	74825	3387	eurrob1	Erithacus rubecula	European Robin	1
3962	74825	3387	eurbla	Turdus merula	Eurasian Blackbird	1
3963	74825	3387	gretit1	Parus major	Great Tit	2
3964	74852	3388	eurrob1	Erithacus rubecula	European Robin	2
3965	74852	3388	gretit1	Parus major	Great Tit	2
3966	62019	3392	blackc1	Sylvia atricapilla	Eurasian Blackcap	1
3967	62019	3392	eurrob1	Erithacus rubecula	European Robin	2
3968	63384	3395	comcha	Fringilla coelebs	Common Chaffinch	1
3969	63384	3395	blackc1	Sylvia atricapilla	Eurasian Blackcap	1
3970	63384	3395	hoocro1	Corvus cornix	Hooded Crow	1
3971	63435	3396	eurser1	Serinus serinus	European Serin	1
3972	63435	3396	eursta	Sturnus vulgaris	European Starling	2
3973	61758	3397	hoocro1	Corvus cornix	Hooded Crow	1
3974	61758	3397	eurbla	Turdus merula	Eurasian Blackbird	1
3975	63117	3400	alpswi1	Apus melba	Alpine Swift	1
3976	61677	3401	eursta	Sturnus vulgaris	European Starling	1
3977	62792	3403	eurbla	Turdus merula	Eurasian Blackbird	1
3978	62564	3410	firecr1	Regulus ignicapilla	Common Firecrest	1
3979	61430	3418	blackc1	Sylvia atricapilla	Eurasian Blackcap	1
3980	61430	3418	hoocro1	Corvus cornix	Hooded Crow	1
3981	61430	3418	comcha	Fringilla coelebs	Common Chaffinch	1
3982	22534	3420	gretit1	Parus major	Great Tit	2
3983	22203	3422	eursis	Spinus spinus	Eurasian Siskin	1
3984	22091	3426	coatit2	Periparus ater	Coal Tit	1
3985	22436	3427	eurnut2	Sitta europaea	Eurasian Nuthatch	1
3986	22436	3427	blutit	Cyanistes caeruleus	Eurasian Blue Tit	2
3987	22594	3435	cowpig1	Columba palumbus	Common Wood-Pigeon	1
3988	78654	3437	gretit1	Parus major	Great Tit	1
3989	78654	3437	blutit	Cyanistes caeruleus	Eurasian Blue Tit	1
3990	78654	3437	cowpig1	Columba palumbus	Common Wood-Pigeon	2
3991	79585	3440	hoocro1	Corvus cornix	Hooded Crow	1
3992	78392	3441	cowpig1	Columba palumbus	Common Wood-Pigeon	1
3993	78964	3444	cowpig1	Columba palumbus	Common Wood-Pigeon	1
3994	78964	3444	comcha	Fringilla coelebs	Common Chaffinch	1
3995	79441	3446	hoocro1	Corvus cornix	Hooded Crow	1
3996	79441	3446	gretit1	Parus major	Great Tit	1
3997	78265	3448	blackc1	Sylvia atricapilla	Eurasian Blackcap	1
3998	79142	3454	eurgol	Carduelis carduelis	European Goldfinch	1
3999	79142	3454	firecr1	Regulus ignicapilla	Common Firecrest	1
4000	79222	3455	eurbla	Turdus merula	Eurasian Blackbird	2
4001	78774	3456	blackc1	Sylvia atricapilla	Eurasian Blackcap	1
4002	78968	3458	gretit1	Parus major	Great Tit	1
4003	37634	3462	comnig1	Luscinia megarhynchos	Common Nightingale	1
4004	38844	3465	cirbun1	Emberiza cirlus	Cirl Bunting	1
4005	38844	3465	comcha	Fringilla coelebs	Common Chaffinch	2
4006	38844	3465	shttre1	Certhia brachydactyla	Short-toed Treecreeper	2
4007	38834	3466	loeowl	Asio otus	Long-eared Owl	2
4008	37769	3471	comnig1	Luscinia megarhynchos	Common Nightingale	1
4009	58137	3472	eurbla	Turdus merula	Eurasian Blackbird	1
4010	58137	3472	eurrob1	Erithacus rubecula	European Robin	1
4011	58344	3474	eurrob1	Erithacus rubecula	European Robin	1
4012	58344	3474	eurbla	Turdus merula	Eurasian Blackbird	1
4013	58344	3474	comchi1	Phylloscopus collybita	Common Chiffchaff	1
4014	57609	3476	lottit1	Aegithalos caudatus	Long-tailed Tit	1
4015	57609	3476	eurrob1	Erithacus rubecula	European Robin	1
4016	57849	3480	blackc1	Sylvia atricapilla	Eurasian Blackcap	1
4017	58596	3481	eurrob1	Erithacus rubecula	European Robin	1
4018	58596	3481	blackc1	Sylvia atricapilla	Eurasian Blackcap	1
4019	58596	3481	comcha	Fringilla coelebs	Common Chaffinch	1
4020	58596	3481	eurser1	Serinus serinus	European Serin	1
4021	58596	3481	comchi1	Phylloscopus collybita	Common Chiffchaff	1
4022	57536	3482	comcha	Fringilla coelebs	Common Chaffinch	1
4023	58025	3483	eurser1	Serinus serinus	European Serin	1
4024	58025	3483	eurgre1	Chloris chloris	European Greenfinch	1
4085	64122	3540	comchi1	Phylloscopus collybita	Common Chiffchaff	1
4086	64122	3540	eursta	Sturnus vulgaris	European Starling	1
4087	64122	3540	gretit1	Parus major	Great Tit	1
4088	64122	3540	blackc1	Sylvia atricapilla	Eurasian Blackcap	1
4089	64616	3542	comchi1	Phylloscopus collybita	Common Chiffchaff	1
4090	64616	3542	eurrob1	Erithacus rubecula	European Robin	2
4091	64945	3544	eursta	Sturnus vulgaris	European Starling	1
4092	64650	3545	eugwoo2	Picus viridis	Eurasian Green Woodpecker	1
4093	64650	3545	winwre4	Troglodytes troglodytes	Eurasian Wren	2
4094	64650	3545	blackc1	Sylvia atricapilla	Eurasian Blackcap	2
4095	63946	3548	eurrob1	Erithacus rubecula	European Robin	1
4096	63946	3548	eurmag1	Pica pica	Eurasian Magpie	1
4097	64689	3549	rocpig	Columba livia	Rock Pigeon	2
4098	64292	3550	carcro1	Corvus corone	Carrion Crow	1
4099	64292	3550	comcha	Fringilla coelebs	Common Chaffinch	1
4100	64163	3552	eursta	Sturnus vulgaris	European Starling	1
4101	64163	3552	shttre1	Certhia brachydactyla	Short-toed Treecreeper	1
4102	64232	3553	comchi1	Phylloscopus collybita	Common Chiffchaff	1
4103	64232	3553	comcha	Fringilla coelebs	Common Chaffinch	1
4104	64232	3553	gretit1	Parus major	Great Tit	1
4105	64050	3554	winwre4	Troglodytes troglodytes	Eurasian Wren	1
4106	29702	3557	comswi	Apus apus	Common Swift	1
4107	29038	3560	rerswa1	Cecropis daurica	Red-rumped Swallow	2
4108	30557	3562	eubeat1	Merops apiaster	European Bee-eater	1
4109	29857	3564	darwar1	Sylvia undata	Dartford Warbler	2
4110	30239	3565	darwar1	Sylvia undata	Dartford Warbler	2
4111	30761	3566	darwar1	Sylvia undata	Dartford Warbler	1
4112	30761	3566	azwmag3	Cyanopica cooki	Iberian Magpie	1
4113	30808	3570	sarwar1	Sylvia melanocephala	Sardinian Warbler	2
4120	65550	3579	cowpig1	Columba palumbus	Common Wood-Pigeon	1
4121	65550	3579	eurrob1	Erithacus rubecula	European Robin	1
4122	65409	3580	eurrob1	Erithacus rubecula	European Robin	1
4123	65811	3582	firecr1	Regulus ignicapilla	Common Firecrest	1
4124	65732	3583	eurmag1	Pica pica	Eurasian Magpie	1
4125	66773	3585	eurrob1	Erithacus rubecula	European Robin	1
4126	66773	3585	winwre4	Troglodytes troglodytes	Eurasian Wren	1
4127	65546	3586	eurbla	Turdus merula	Eurasian Blackbird	1
4128	65546	3586	eurrob1	Erithacus rubecula	European Robin	2
4129	66836	3588	eurrob1	Erithacus rubecula	European Robin	1
4130	67106	3591	eurmag1	Pica pica	Eurasian Magpie	1
4131	65726	3592	eurrob1	Erithacus rubecula	European Robin	1
4132	30721	3602	eurbla	Turdus merula	Eurasian Blackbird	1
4133	30998	3603	sarwar1	Sylvia melanocephala	Sardinian Warbler	1
4134	29658	3604	azwmag3	Cyanopica cooki	Iberian Magpie	1
4135	29658	3604	darwar1	Sylvia undata	Dartford Warbler	1
4136	29888	3607	darwar1	Sylvia undata	Dartford Warbler	1
4137	29888	3607	eubeat1	Merops apiaster	European Bee-eater	1
4138	30730	3610	sarwar1	Sylvia melanocephala	Sardinian Warbler	2
4139	30826	3613	gretit1	Parus major	Great Tit	1
4140	31011	3617	azwmag3	Cyanopica cooki	Iberian Magpie	1
4141	28932	3618	thelar1	Galerida theklae	Thekla's Lark	2
4142	30880	3619	sarwar1	Sylvia melanocephala	Sardinian Warbler	1
4143	29318	3622	thelar1	Galerida theklae	Thekla's Lark	2
4144	29341	3625	azwmag3	Cyanopica cooki	Iberian Magpie	1
4257	28426	3814	eurjac	Corvus monedula	Eurasian Jackdaw	1
4258	28879	3819	eucdov	Streptopelia decaocto	Eurasian Collared-Dove	2
4259	27789	3820	eurmag1	Pica pica	Eurasian Magpie	2
5711	73465	7705	litowl1	Athene noctua	Little Owl	1
5726	74928	7715	eurrob1	Erithacus rubecula	European Robin	1
5727	74928	7715	comchi1	Phylloscopus collybita	Common Chiffchaff	1
5686	68929	7672	houspa	Passer domesticus	House Sparrow	1
5687	68929	7672	eucdov	Streptopelia decaocto	Eurasian Collared-Dove	2
5688	68696	7675	eurrob1	Erithacus rubecula	European Robin	1
5689	68714	7677	eucdov	Streptopelia decaocto	Eurasian Collared-Dove	1
5690	68714	7677	eursta	Sturnus vulgaris	European Starling	2
5697	68680	7686	eurgol	Carduelis carduelis	European Goldfinch	1
5700	68608	7694	comchi1	Phylloscopus collybita	Common Chiffchaff	2
5703	64889	7700	eurrob1	Erithacus rubecula	European Robin	1
5712	73807	7706	eueowl1	Bubo bubo	Eurasian Eagle-Owl	2
5704	64370	7701	eurrob1	Erithacus rubecula	European Robin	1
5692	68958	7679	eurjac	Corvus monedula	Eurasian Jackdaw	1
5693	68728	7682	eurgol	Carduelis carduelis	European Goldfinch	1
5705	64370	7701	eugwoo2	Picus viridis	Eurasian Green Woodpecker	1
5706	64370	7701	gretit1	Parus major	Great Tit	1
5707	64002	7704	eurrob1	Erithacus rubecula	European Robin	1
5708	64002	7704	gretit1	Parus major	Great Tit	1
5709	64002	7704	comcuc	Cuculus canorus	Common Cuckoo	2
5710	64002	7704	shttre1	Certhia brachydactyla	Short-toed Treecreeper	2
5713	74024	7707	eurrob1	Erithacus rubecula	European Robin	1
5714	74024	7707	comchi1	Phylloscopus collybita	Common Chiffchaff	2
5715	74640	7709	eurrob1	Erithacus rubecula	European Robin	1
5716	74491	7711	eucdov	Streptopelia decaocto	Eurasian Collared-Dove	2
5717	74598	7712	comcha	Fringilla coelebs	Common Chaffinch	1
5718	74598	7712	eurser1	Serinus serinus	European Serin	1
5719	74598	7712	eurbla	Turdus merula	Eurasian Blackbird	1
5720	74598	7712	eurrob1	Erithacus rubecula	European Robin	1
5721	74598	7712	winwre4	Troglodytes troglodytes	Eurasian Wren	2
5691	68646	7678	eucdov	Streptopelia decaocto	Eurasian Collared-Dove	1
5694	68811	7683	eurgol	Carduelis carduelis	European Goldfinch	1
5695	68811	7683	cetwar1	Cettia cetti	Cetti's Warbler	1
5696	68811	7683	eurser1	Serinus serinus	European Serin	2
5698	68606	7687	eucdov	Streptopelia decaocto	Eurasian Collared-Dove	1
5699	68853	7689	gretit1	Parus major	Great Tit	1
5701	68923	7696	eurmag1	Pica pica	Eurasian Magpie	1
5702	68923	7696	eurgol	Carduelis carduelis	European Goldfinch	2
5722	75107	7713	gretit1	Parus major	Great Tit	1
5723	74689	7714	winwre4	Troglodytes troglodytes	Eurasian Wren	1
5724	74689	7714	eurrob1	Erithacus rubecula	European Robin	1
5725	74689	7714	gretit1	Parus major	Great Tit	1
9905	12025	11311	norcar	Cardinalis cardinalis	Northern Cardinal	1
9909	11586	11316	rebwoo	Melanerpes carolinus	Red-bellied Woodpecker	2
9914	11551	11326	pilwoo	Dryocopus pileatus	Pileated Woodpecker	1
9915	11786	11327	snogoo	Anser caerulescens	Snow Goose	1
9916	127300	11335	eawpew	Contopus virens	Eastern Wood-Pewee	1
9917	128445	11336	norcar	Cardinalis cardinalis	Northern Cardinal	2
9918	128125	11343	indbun	Passerina cyanea	Indigo Bunting	1
9919	128770	11344	bkbwar	Setophaga fusca	Blackburnian Warbler	2
9920	128770	11344	bnhcow	Molothrus ater	Brown-headed Cowbird	1
9921	127227	11345	wiltur	Meleagris gallopavo	Wild Turkey	1
9922	128739	11348	yebcuc	Coccyzus americanus	Yellow-billed Cuckoo	2
9923	128739	11348	norcar	Cardinalis cardinalis	Northern Cardinal	2
9925	127665	11353	eawpew	Contopus virens	Eastern Wood-Pewee	1
9927	11695	11360	gockin	Regulus satrapa	Golden-crowned Kinglet	1
9928	11896	11363	whtspa	Zonotrichia albicollis	White-throated Sparrow	2
9929	11900	11366	carchi	Poecile carolinensis	Carolina Chickadee	2
9930	12295	11368	pilwoo	Dryocopus pileatus	Pileated Woodpecker	1
9931	12079	11371	blujay	Cyanocitta cristata	Blue Jay	1
9932	12079	11371	whbnut	Sitta carolinensis	White-breasted Nuthatch	1
9933	29265	11375	eurbla	Turdus merula	Eurasian Blackbird	1
9934	29265	11375	houspa	Passer domesticus	House Sparrow	2
9935	30527	11377	grefla3	Phoenicopterus roseus	Greater Flamingo	1
9936	30527	11377	houspa	Passer domesticus	House Sparrow	2
9937	30471	11385	palswi3	Apus pallidus	Pallid Swift	1
9938	30471	11385	eurgre1	Chloris chloris	European Greenfinch	2
9939	29745	11388	eurbla	Turdus merula	Eurasian Blackbird	1
9940	30924	11389	eubeat1	Merops apiaster	European Bee-eater	1
9941	29329	11391	sarwar1	Sylvia melanocephala	Sardinian Warbler	1
9944	81397	11409	blutit	Cyanistes caeruleus	Eurasian Blue Tit	1
9945	81824	11414	hoocro1	Corvus cornix	Hooded Crow	1
9946	120731	11416	satpig1	Columba malherbii	Sao Tome Pigeon	1
9947	6875	11421	amecro	Corvus brachyrhynchos	American Crow	1
9948	6794	11426	brdowl	Strix varia	Barred Owl	2
9949	7000	11435	blujay	Cyanocitta cristata	Blue Jay	2
9913	127514	11325	brdowl	Strix varia	Barred Owl	2
9924	128187	11351	amerob	Turdus migratorius	American Robin	1
9926	127296	11354	grcfly	Myiarchus crinitus	Great Crested Flycatcher	2
9942	31030	11392	azwmag3	Cyanopica cooki	Iberian Magpie	1
9943	127614	11395	norcar	Cardinalis cardinalis	Northern Cardinal	1
10410	128380	11639	reevir1	Vireo olivaceus	Red-eyed Vireo	2
10411	128380	11639	norcar	Cardinalis cardinalis	Northern Cardinal	1
10409	128380	11639	magwar	Setophaga magnolia	Magnolia Warbler	1
10413	127423	11643	norcar	Cardinalis cardinalis	Northern Cardinal	1
10414	127423	11643	buggna	Polioptila caerulea	Blue-gray Gnatcatcher	2
20124	75114	23609	comchi1	Phylloscopus collybita	Common Chiffchaff	1
20125	75114	23609	eurrob1	Erithacus rubecula	European Robin	1
20139	30485	23628	azwmag3	Cyanopica cooki	Iberian Magpie	1
20148	64719	23640	eurrob1	Erithacus rubecula	European Robin	1
20149	64719	23640	cowpig1	Columba palumbus	Common Wood-Pigeon	1
20155	63972	23647	eurnut2	Sitta europaea	Eurasian Nuthatch	1
20132	73813	23618	comchi1	Phylloscopus collybita	Common Chiffchaff	1
20137	29831	23623	darwar1	Sylvia undata	Dartford Warbler	1
20138	29831	23623	eubeat1	Merops apiaster	European Bee-eater	1
20140	65375	23629	blackc1	Sylvia atricapilla	Eurasian Blackcap	1
20144	64728	23632	lottit1	Aegithalos caudatus	Long-tailed Tit	1
20146	65068	23636	eurrob1	Erithacus rubecula	European Robin	1
20147	65260	23639	eurnut2	Sitta europaea	Eurasian Nuthatch	2
20150	63736	23642	winwre4	Troglodytes troglodytes	Eurasian Wren	1
20151	63736	23642	eurjac	Corvus monedula	Eurasian Jackdaw	1
20126	74061	23610	eurrob1	Erithacus rubecula	European Robin	1
20127	73987	23612	winwre4	Troglodytes troglodytes	Eurasian Wren	1
20128	73987	23612	eurrob1	Erithacus rubecula	European Robin	1
20129	75188	23614	eurrob1	Erithacus rubecula	European Robin	1
20130	74185	23616	firecr1	Regulus ignicapilla	Common Firecrest	1
20131	74185	23616	gretit1	Parus major	Great Tit	1
20133	74110	23619	eurrob1	Erithacus rubecula	European Robin	1
20134	74110	23619	sarwar1	Sylvia melanocephala	Sardinian Warbler	1
20135	74088	23621	eurrob1	Erithacus rubecula	European Robin	1
20136	74088	23621	comchi1	Phylloscopus collybita	Common Chiffchaff	1
20141	63922	23630	eurrob1	Erithacus rubecula	European Robin	1
20142	65318	23631	winwre4	Troglodytes troglodytes	Eurasian Wren	1
20143	65318	23631	blackc1	Sylvia atricapilla	Eurasian Blackcap	1
20145	63731	23633	carcro1	Corvus corone	Carrion Crow	1
20152	64657	23645	blutit	Cyanistes caeruleus	Eurasian Blue Tit	1
20153	64981	23646	gretit1	Parus major	Great Tit	1
20154	64981	23646	carcro1	Corvus corone	Carrion Crow	1
23760	37761	25157	comnig1	Luscinia megarhynchos	Common Nightingale	1
23761	73701	25160	eurrob1	Erithacus rubecula	European Robin	1
23762	73701	25160	gretit1	Parus major	Great Tit	1
23763	75081	25161	gretit1	Parus major	Great Tit	1
23764	75136	25162	eurrob1	Erithacus rubecula	European Robin	1
23765	75136	25162	comchi1	Phylloscopus collybita	Common Chiffchaff	2
23766	37891	25163	comnig1	Luscinia megarhynchos	Common Nightingale	1
23767	37891	25163	tawowl1	Strix aluco	Tawny Owl	1
23768	37891	25163	eurbla	Turdus merula	Eurasian Blackbird	1
23769	38213	25167	winwre4	Troglodytes troglodytes	Eurasian Wren	1
23770	37170	25171	comnig1	Luscinia megarhynchos	Common Nightingale	1
23771	73510	25172	eurrob1	Erithacus rubecula	European Robin	1
23772	73510	25172	blutit	Cyanistes caeruleus	Eurasian Blue Tit	1
23773	36608	25175	corbun1	Emberiza calandra	Corn Bunting	1
23774	36608	25175	comcha	Fringilla coelebs	Common Chaffinch	1
23775	36608	25175	carcro1	Corvus corone	Carrion Crow	1
23776	75216	25180	eurrob1	Erithacus rubecula	European Robin	1
23777	75216	25180	gretit1	Parus major	Great Tit	1
23778	36983	25181	woolar1	Lullula arborea	Wood Lark	1
23779	61864	25185	eurrob1	Erithacus rubecula	European Robin	1
23782	61747	25188	whiwag	Motacilla alba	White Wagtail	1
23783	63003	25191	blackc1	Sylvia atricapilla	Eurasian Blackcap	1
24265	65922	25540	cowpig1	Columba palumbus	Common Wood-Pigeon	1
24266	65922	25540	gretit1	Parus major	Great Tit	1
24267	65922	25540	blutit	Cyanistes caeruleus	Eurasian Blue Tit	1
24269	66877	25543	bkhgul	Chroicocephalus ridibundus	Black-headed Gull	1
24270	66877	25543	blutit	Cyanistes caeruleus	Eurasian Blue Tit	2
24271	66877	25543	eucdov	Streptopelia decaocto	Eurasian Collared-Dove	2
24273	67126	25548	eurmag1	Pica pica	Eurasian Magpie	2
24274	67126	25548	blackc1	Sylvia atricapilla	Eurasian Blackcap	2
24275	65424	25549	eurrob1	Erithacus rubecula	European Robin	1
24276	66169	25550	eurjay1	Garrulus glandarius	Eurasian Jay	1
24277	66169	25550	eurbla	Turdus merula	Eurasian Blackbird	1
24278	66169	25550	eurrob1	Erithacus rubecula	European Robin	1
24279	65419	25551	cowpig1	Columba palumbus	Common Wood-Pigeon	1
24280	65419	25551	carcro1	Corvus corone	Carrion Crow	1
24281	65419	25551	blutit	Cyanistes caeruleus	Eurasian Blue Tit	2
24282	65419	25551	eurrob1	Erithacus rubecula	European Robin	2
24283	66770	25552	eurrob1	Erithacus rubecula	European Robin	1
24284	66770	25552	eurjay1	Garrulus glandarius	Eurasian Jay	1
24285	66770	25552	eurgre1	Chloris chloris	European Greenfinch	1
24286	66770	25552	cowpig1	Columba palumbus	Common Wood-Pigeon	2
24287	65567	25554	blutit	Cyanistes caeruleus	Eurasian Blue Tit	1
24288	65567	25554	grswoo	Dendrocopos major	Great Spotted Woodpecker	1
24398	66477	25621	gretit1	Parus major	Great Tit	1
24399	66477	25621	lottit1	Aegithalos caudatus	Long-tailed Tit	1
24400	66840	25622	eurrob1	Erithacus rubecula	European Robin	1
24401	66840	25622	winwre4	Troglodytes troglodytes	Eurasian Wren	1
24402	66840	25622	eurbla	Turdus merula	Eurasian Blackbird	2
24403	66818	25623	eurrob1	Erithacus rubecula	European Robin	1
24404	66818	25623	eurnut2	Sitta europaea	Eurasian Nuthatch	1
24405	66818	25623	gretit1	Parus major	Great Tit	1
24406	65474	25625	blutit	Cyanistes caeruleus	Eurasian Blue Tit	1
24407	65474	25625	eurmag1	Pica pica	Eurasian Magpie	1
24408	65511	25628	cowpig1	Columba palumbus	Common Wood-Pigeon	1
24409	65511	25628	eurmag1	Pica pica	Eurasian Magpie	1
24410	65511	25628	gretit1	Parus major	Great Tit	1
24411	65511	25628	eurrob1	Erithacus rubecula	European Robin	1
24412	65692	25632	eurrob1	Erithacus rubecula	European Robin	1
24413	65692	25632	eursta	Sturnus vulgaris	European Starling	1
24414	65692	25632	whiwag	Motacilla alba	White Wagtail	1
24415	65692	25632	gretit1	Parus major	Great Tit	1
24416	66667	25633	eurrob1	Erithacus rubecula	European Robin	1
24263	67206	25539	gretit1	Parus major	Great Tit	1
24264	67206	25539	carcro1	Corvus corone	Carrion Crow	1
24272	66517	25544	blutit	Cyanistes caeruleus	Eurasian Blue Tit	1
24417	66422	25635	eursta	Sturnus vulgaris	European Starling	1
24418	66422	25635	eurmag1	Pica pica	Eurasian Magpie	1
24420	65606	25639	eurrob1	Erithacus rubecula	European Robin	1
24268	65501	25542	eurrob1	Erithacus rubecula	European Robin	1
24419	65462	25638	eurrob1	Erithacus rubecula	European Robin	1
24421	66553	25640	eurrob1	Erithacus rubecula	European Robin	1
49198	79831	45185	bkcchi	Poecile atricapillus	Black-capped Chickadee	1
49200	80591	45191	reevir1	Vireo olivaceus	Red-eyed Vireo	1
49201	80591	45191	dowwoo	Dryobates pubescens	Downy Woodpecker	1
49207	80635	45203	amecro	Corvus brachyrhynchos	American Crow	1
49208	46693	45206	whbnut	Sitta carolinensis	White-breasted Nuthatch	1
49189	80178	45176	cangoo	Branta canadensis	Canada Goose	1
49195	80891	45184	balori	Icterus galbula	Baltimore Oriole	1
49196	80891	45184	norcar	Cardinalis cardinalis	Northern Cardinal	1
49197	80891	45184	reevir1	Vireo olivaceus	Red-eyed Vireo	1
49199	80674	45188	norcar	Cardinalis cardinalis	Northern Cardinal	1
49203	80456	45197	norcar	Cardinalis cardinalis	Northern Cardinal	1
49204	80456	45197	indbun	Passerina cyanea	Indigo Bunting	1
49205	80643	45200	amecro	Corvus brachyrhynchos	American Crow	1
49190	79714	45177	grcfly	Myiarchus crinitus	Great Crested Flycatcher	1
49191	47065	45179	amecro	Corvus brachyrhynchos	American Crow	1
49192	79820	45183	norcar	Cardinalis cardinalis	Northern Cardinal	1
49193	79820	45183	wiltur	Meleagris gallopavo	Wild Turkey	1
49194	79820	45183	naswar	Leiothlypis ruficapilla	Nashville Warbler	2
49202	46681	45195	rebwoo	Melanerpes carolinus	Red-bellied Woodpecker	1
49206	79976	45201	amegfi	Spinus tristis	American Goldfinch	1
