species_annotation_id	recording_id	annotation_id	species_code	scientific_name	common_name	occurrence
4508	43278	4259	whiwre1	Pheugopedius mystacalis	Whiskered Wren	1
4509	43728	4261	goftyr1	Zimmerius chrysops	Golden-faced Tyrannulet	1
4510	44982	4264	souemt1	Aulacorhynchus albivitta	Southern Emerald-Toucanet	1
4511	44982	4264	goftyr1	Zimmerius chrysops	Golden-faced Tyrannulet	1
4512	44700	4265	gbwwre1	Henicorhina leucophrys	Gray-breasted Wood-Wren	1
4513	44078	4266	azaspi1	Synallaxis azarae	Azara's Spinetail	1
4514	44078	4266	sltred	Myioborus miniatus	Slate-throated Redstart	1
4515	43380	4267	yebori1	Icterus chrysater	Yellow-backed Oriole	1
4516	44058	4270	fabtan1	Pipraeidea melanonota	Fawn-breasted Tanager	2
4517	45443	4271	rucspa1	Zonotrichia capensis	Rufous-collared Sparrow	2
4518	44352	4275	bawnig1	Systellura longirostris	Band-winged Nightjar	1
4519	43648	4276	azaspi1	Synallaxis azarae	Azara's Spinetail	1
4520	44482	4277	andsol1	Myadestes ralloides	Andean Solitaire	1
4521	44582	4284	gbwwre1	Henicorhina leucophrys	Gray-breasted Wood-Wren	1
5745	44872	7745	goftyr1	Zimmerius chrysops	Golden-faced Tyrannulet	1
5748	43829	7750	yebori1	Icterus chrysater	Yellow-backed Oriole	1
5749	45168	7752	yebori1	Icterus chrysater	Yellow-backed Oriole	1
5753	44315	7756	rucspa1	Zonotrichia capensis	Rufous-collared Sparrow	1
5756	8314	7761	carwre	Thryothorus ludovicianus	Carolina Wren	1
5741	44032	7743	brcvir1	Vireo leucophrys	Brown-capped Vireo	1
5742	44032	7743	azaspi1	Synallaxis azarae	Azara's Spinetail	1
5743	44032	7743	yebori1	Icterus chrysater	Yellow-backed Oriole	1
5746	43986	7748	azaspi1	Synallaxis azarae	Azara's Spinetail	1
5747	44286	7749	azaspi1	Synallaxis azarae	Azara's Spinetail	1
5754	44214	7759	yebori1	Icterus chrysater	Yellow-backed Oriole	1
5755	44214	7759	colcha1	Ortalis columbiana	Colombian Chachalaca	1
5744	45072	7744	yebori1	Icterus chrysater	Yellow-backed Oriole	1
5757	53054	7767	blujay	Cyanocitta cristata	Blue Jay	1
5750	44204	7753	goftyr1	Zimmerius chrysops	Golden-faced Tyrannulet	1
5751	43937	7755	mobfin1	Atlapetes albofrenatus	Moustached Brushfinch	1
5752	43937	7755	brcvir1	Vireo leucophrys	Brown-capped Vireo	1
56687	52452	7769	norcar	Cardinalis cardinalis	Northern Cardinal	1
56688	52452	7769	carchi	Poecile carolinensis	Carolina Chickadee	1
56689	52452	7769	blujay	Cyanocitta cristata	Blue Jay	1
