species_annotation_id	recording_id	annotation_id	species_code	scientific_name	common_name	occurrence
5598	21810	7443	gragoo	Anser anser	Graylag Goose	1
5604	20902	7449	gragoo	Anser anser	Graylag Goose	1
5605	21727	7450	eurbla	Turdus merula	Eurasian Blackbird	1
5606	21727	7450	eurrob1	Erithacus rubecula	European Robin	1
5608	21840	7453	eurnut2	Sitta europaea	Eurasian Nuthatch	1
5609	21840	7453	comrav	Corvus corax	Common Raven	1
5610	21227	7454	eurnut2	Sitta europaea	Eurasian Nuthatch	1
5611	21227	7454	blutit	Cyanistes caeruleus	Eurasian Blue Tit	1
5623	21116	7478	blutit	Cyanistes caeruleus	Eurasian Blue Tit	1
5624	21063	7479	gretit1	Parus major	Great Tit	1
5765	59424	7809	rinphe	Phasianus colchicus	Ring-necked Pheasant	1
5766	59424	7809	marwar3	Acrocephalus palustris	Marsh Warbler	1
5767	61102	7810	comchi1	Phylloscopus collybita	Common Chiffchaff	1
5772	59073	7823	comchi1	Phylloscopus collybita	Common Chiffchaff	1
5773	59073	7823	eurser1	Serinus serinus	European Serin	1
5774	59073	7823	blutit	Cyanistes caeruleus	Eurasian Blue Tit	1
5776	61239	7827	comcha	Fringilla coelebs	Common Chaffinch	1
5778	59740	7834	gretit1	Parus major	Great Tit	1
5779	59740	7834	blutit	Cyanistes caeruleus	Eurasian Blue Tit	1
5783	59846	7839	eurbla	Turdus merula	Eurasian Blackbird	1
5784	59846	7839	skylar	Alauda arvensis	Eurasian Skylark	1
5816	60234	7866	comchi1	Phylloscopus collybita	Common Chiffchaff	2
5813	60808	7862	blackc1	Sylvia atricapilla	Eurasian Blackcap	1
5817	60234	7866	wlwwar	Phylloscopus trochilus	Willow Warbler	2
5846	59845	7886	eursta	Sturnus vulgaris	European Starling	1
5848	59745	7890	gretit1	Parus major	Great Tit	1
5849	59745	7890	eurmag1	Pica pica	Eurasian Magpie	1
5867	60857	7905	barswa	Hirundo rustica	Barn Swallow	1
5872	60198	7915	cowpig1	Columba palumbus	Common Wood-Pigeon	1
5875	60263	7919	eurbla	Turdus merula	Eurasian Blackbird	1
5880	60480	7923	grewhi1	Sylvia communis	Greater Whitethroat	1
5881	61116	7924	eurbla	Turdus merula	Eurasian Blackbird	1
5882	61116	7924	eurjac	Corvus monedula	Eurasian Jackdaw	1
5886	60354	7927	houspa	Passer domesticus	House Sparrow	2
5887	60354	7927	eutspa	Passer montanus	Eurasian Tree Sparrow	2
5888	60551	7928	barswa	Hirundo rustica	Barn Swallow	1
5889	60413	7931	eurrob1	Erithacus rubecula	European Robin	1
5893	60419	7934	eutspa	Passer montanus	Eurasian Tree Sparrow	2
5894	60419	7934	houspa	Passer domesticus	House Sparrow	2
5902	58881	7943	blared1	Phoenicurus ochruros	Black Redstart	1
5903	58881	7943	eurbla	Turdus merula	Eurasian Blackbird	1
5904	58881	7943	comchi1	Phylloscopus collybita	Common Chiffchaff	1
5905	58881	7943	blutit	Cyanistes caeruleus	Eurasian Blue Tit	1
5914	61345	7950	cohmar1	Delichon urbicum	Common House-Martin	1
5915	61345	7950	grswoo	Dendrocopos major	Great Spotted Woodpecker	2
5916	61345	7950	miswoo1	Dendrocoptes medius	Middle Spotted Woodpecker	2
5925	60576	7956	eurjay1	Garrulus glandarius	Eurasian Jay	1
5926	60576	7956	comchi1	Phylloscopus collybita	Common Chiffchaff	2
5927	60576	7956	wlwwar	Phylloscopus trochilus	Willow Warbler	2
5928	20728	7958	eurmag1	Pica pica	Eurasian Magpie	1
5953	58786	7990	eurbla	Turdus merula	Eurasian Blackbird	1
5963	59934	8001	houspa	Passer domesticus	House Sparrow	2
5964	59934	8001	eutspa	Passer montanus	Eurasian Tree Sparrow	2
5965	59934	8001	rook1	Corvus frugilegus	Rook	1
5966	59934	8001	blackc1	Sylvia atricapilla	Eurasian Blackcap	2
5975	59371	8011	blutit	Cyanistes caeruleus	Eurasian Blue Tit	1
5987	61057	8021	blared1	Phoenicurus ochruros	Black Redstart	1
5988	21896	8022	gragoo	Anser anser	Graylag Goose	1
5989	20332	8023	gretit1	Parus major	Great Tit	1
6004	60620	8041	eutspa	Passer montanus	Eurasian Tree Sparrow	2
6005	60620	8041	houspa	Passer domesticus	House Sparrow	2
6070	61103	8114	comchi1	Phylloscopus collybita	Common Chiffchaff	1
6071	61103	8114	blared1	Phoenicurus ochruros	Black Redstart	1
6074	59418	8117	yellow2	Emberiza citrinella	Yellowhammer	1
6075	59418	8117	eurlin1	Linaria cannabina	Eurasian Linnet	1
6079	21541	8126	blutit	Cyanistes caeruleus	Eurasian Blue Tit	1
6084	20512	8132	blutit	Cyanistes caeruleus	Eurasian Blue Tit	1
6085	20512	8132	gretit1	Parus major	Great Tit	1
6086	20512	8132	eugwoo2	Picus viridis	Eurasian Green Woodpecker	1
6093	61267	8139	comcha	Fringilla coelebs	Common Chaffinch	1
6107	60799	8154	comswi	Apus apus	Common Swift	1
6110	21604	8156	gretit1	Parus major	Great Tit	1
6112	20684	8158	comrav	Corvus corax	Common Raven	1
6115	20424	8163	eurnut2	Sitta europaea	Eurasian Nuthatch	1
6116	20913	8164	blutit	Cyanistes caeruleus	Eurasian Blue Tit	1
6117	20913	8164	gretit1	Parus major	Great Tit	1
6118	59884	8165	houspa	Passer domesticus	House Sparrow	2
6119	59884	8165	eutspa	Passer montanus	Eurasian Tree Sparrow	2
6124	20944	8174	gretit1	Parus major	Great Tit	1
6133	21266	8182	eurnut2	Sitta europaea	Eurasian Nuthatch	1
6134	21266	8182	winwre4	Troglodytes troglodytes	Eurasian Wren	1
6139	20522	8188	eurjay1	Garrulus glandarius	Eurasian Jay	1
6140	20522	8188	eurnut2	Sitta europaea	Eurasian Nuthatch	1
6141	20522	8188	blutit	Cyanistes caeruleus	Eurasian Blue Tit	1
6142	20522	8188	eurbla	Turdus merula	Eurasian Blackbird	1
6143	21585	8191	blutit	Cyanistes caeruleus	Eurasian Blue Tit	1
6146	21537	8195	blutit	Cyanistes caeruleus	Eurasian Blue Tit	1
6161	20864	8209	gretit1	Parus major	Great Tit	1
6162	60418	8210	eutspa	Passer montanus	Eurasian Tree Sparrow	2
6163	60418	8210	houspa	Passer domesticus	House Sparrow	2
6164	20481	8211	eurbla	Turdus merula	Eurasian Blackbird	1
6165	20481	8211	martit2	Poecile palustris	Marsh Tit	1
6166	20481	8211	blutit	Cyanistes caeruleus	Eurasian Blue Tit	1
6174	20939	8218	gragoo	Anser anser	Graylag Goose	1
6179	60471	8221	eutspa	Passer montanus	Eurasian Tree Sparrow	2
6180	60471	8221	houspa	Passer domesticus	House Sparrow	2
6185	20448	8227	eurnut2	Sitta europaea	Eurasian Nuthatch	1
6186	20404	8228	eurmag1	Pica pica	Eurasian Magpie	1
6188	21376	8230	gragoo	Anser anser	Graylag Goose	1
6189	61331	8232	blared1	Phoenicurus ochruros	Black Redstart	1
6190	61331	8232	houspa	Passer domesticus	House Sparrow	2
6191	61331	8232	eutspa	Passer montanus	Eurasian Tree Sparrow	2
6201	59476	8248	comchi1	Phylloscopus collybita	Common Chiffchaff	1
6208	59776	8260	eugwoo2	Picus viridis	Eurasian Green Woodpecker	1
6209	59776	8260	blutit	Cyanistes caeruleus	Eurasian Blue Tit	1
6210	20909	8261	eurbla	Turdus merula	Eurasian Blackbird	1
6213	59771	8264	cowpig1	Columba palumbus	Common Wood-Pigeon	1
6214	59392	8265	rinphe	Phasianus colchicus	Ring-necked Pheasant	1
6215	59392	8265	houspa	Passer domesticus	House Sparrow	2
6216	59392	8265	eutspa	Passer montanus	Eurasian Tree Sparrow	2
6217	60714	8266	fieldf	Turdus pilaris	Fieldfare	1
6218	60714	8266	eutspa	Passer montanus	Eurasian Tree Sparrow	2
6219	60714	8266	houspa	Passer domesticus	House Sparrow	2
6223	59120	8269	eurlin1	Linaria cannabina	Eurasian Linnet	1
6224	59120	8269	bkhgul	Chroicocephalus ridibundus	Black-headed Gull	1
6229	61335	8273	barswa	Hirundo rustica	Barn Swallow	1
6236	59891	8283	grewhi1	Sylvia communis	Greater Whitethroat	1
6237	60020	8284	grswoo	Dendrocopos major	Great Spotted Woodpecker	2
6238	60020	8284	miswoo1	Dendrocoptes medius	Middle Spotted Woodpecker	2
6239	20371	8286	gragoo	Anser anser	Graylag Goose	1
6240	60447	8287	eurbla	Turdus merula	Eurasian Blackbird	1
6241	60447	8287	eurmag1	Pica pica	Eurasian Magpie	1
6242	59663	8288	houspa	Passer domesticus	House Sparrow	2
6243	59663	8288	eutspa	Passer montanus	Eurasian Tree Sparrow	2
6244	21972	8290	eurnut2	Sitta europaea	Eurasian Nuthatch	1
6245	60988	8291	eurbla	Turdus merula	Eurasian Blackbird	1
6246	60988	8291	comchi1	Phylloscopus collybita	Common Chiffchaff	2
4779	58929	5026	cowpig1	Columba palumbus	Common Wood-Pigeon	1
5807	58962	7860	fieldf	Turdus pilaris	Fieldfare	1
5828	59217	7871	comchi1	Phylloscopus collybita	Common Chiffchaff	1
5829	59217	7871	blackc1	Sylvia atricapilla	Eurasian Blackcap	1
5830	58801	7872	comchi1	Phylloscopus collybita	Common Chiffchaff	1
5831	58801	7872	eurbla	Turdus merula	Eurasian Blackbird	1
5832	58801	7872	blared1	Phoenicurus ochruros	Black Redstart	1
5834	59229	7874	eurbla	Turdus merula	Eurasian Blackbird	1
5840	60261	7883	eurrob1	Erithacus rubecula	European Robin	1
5841	60261	7883	blutit	Cyanistes caeruleus	Eurasian Blue Tit	1
5842	60940	7884	skylar	Alauda arvensis	Eurasian Skylark	1
5843	59513	7885	eurgre1	Chloris chloris	European Greenfinch	1
5844	59513	7885	rinphe	Phasianus colchicus	Ring-necked Pheasant	1
5845	59513	7885	eurbla	Turdus merula	Eurasian Blackbird	1
5847	59134	7888	sonthr1	Turdus philomelos	Song Thrush	1
5864	60730	7903	eurrob1	Erithacus rubecula	European Robin	1
5865	60730	7903	fieldf	Turdus pilaris	Fieldfare	1
5869	60920	7912	eutspa	Passer montanus	Eurasian Tree Sparrow	2
5870	60920	7912	houspa	Passer domesticus	House Sparrow	2
5871	60920	7912	comcha	Fringilla coelebs	Common Chaffinch	1
5874	60977	7917	comchi1	Phylloscopus collybita	Common Chiffchaff	1
5885	58988	7926	bkhgul	Chroicocephalus ridibundus	Black-headed Gull	1
5892	60484	7933	grewhi1	Sylvia communis	Greater Whitethroat	1
5907	59805	7946	rook1	Corvus frugilegus	Rook	1
5908	59805	7946	eurjac	Corvus monedula	Eurasian Jackdaw	1
5909	59805	7946	eutspa	Passer montanus	Eurasian Tree Sparrow	2
5910	59805	7946	houspa	Passer domesticus	House Sparrow	1
5935	59175	7968	eurjac	Corvus monedula	Eurasian Jackdaw	1
5936	59175	7968	eutspa	Passer montanus	Eurasian Tree Sparrow	2
5937	59175	7968	houspa	Passer domesticus	House Sparrow	2
5938	59175	7968	blutit	Cyanistes caeruleus	Eurasian Blue Tit	1
5942	21763	7975	blutit	Cyanistes caeruleus	Eurasian Blue Tit	1
5943	59521	7978	eurbla	Turdus merula	Eurasian Blackbird	1
5944	59521	7978	fieldf	Turdus pilaris	Fieldfare	1
5945	60226	7979	blared1	Phoenicurus ochruros	Black Redstart	1
5946	59824	7983	grswoo	Dendrocopos major	Great Spotted Woodpecker	2
5947	59824	7983	miswoo1	Dendrocoptes medius	Middle Spotted Woodpecker	2
5948	59824	7983	comcha	Fringilla coelebs	Common Chaffinch	1
5949	59824	7983	blutit	Cyanistes caeruleus	Eurasian Blue Tit	1
5954	20327	7992	gretit1	Parus major	Great Tit	1
5955	20327	7992	eugwoo2	Picus viridis	Eurasian Green Woodpecker	1
5956	21267	7994	winwre4	Troglodytes troglodytes	Eurasian Wren	1
5957	21267	7994	blutit	Cyanistes caeruleus	Eurasian Blue Tit	1
5968	20358	8003	gretit1	Parus major	Great Tit	1
5973	21290	8008	gretit1	Parus major	Great Tit	1
5974	21290	8008	eugwoo2	Picus viridis	Eurasian Green Woodpecker	1
5977	60312	8013	eurbla	Turdus merula	Eurasian Blackbird	1
5978	21719	8014	gretit1	Parus major	Great Tit	1
5981	59968	8016	brambl	Fringilla montifringilla	Brambling	1
5985	60123	8019	eurbla	Turdus merula	Eurasian Blackbird	1
5991	60052	8026	eutspa	Passer montanus	Eurasian Tree Sparrow	2
5992	60052	8026	houspa	Passer domesticus	House Sparrow	2
5993	60052	8026	eurmag1	Pica pica	Eurasian Magpie	1
5994	60625	8028	barswa	Hirundo rustica	Barn Swallow	1
5997	21702	8031	gretit1	Parus major	Great Tit	1
6008	21223	8046	rinphe	Phasianus colchicus	Ring-necked Pheasant	1
6013	21534	8050	blutit	Cyanistes caeruleus	Eurasian Blue Tit	1
6021	58909	8053	eurjay1	Garrulus glandarius	Eurasian Jay	1
6022	58909	8053	blutit	Cyanistes caeruleus	Eurasian Blue Tit	1
6023	58909	8053	eutspa	Passer montanus	Eurasian Tree Sparrow	2
6024	58909	8053	houspa	Passer domesticus	House Sparrow	2
6029	20599	8056	gretit1	Parus major	Great Tit	1
6030	21713	8057	eurjay1	Garrulus glandarius	Eurasian Jay	1
6031	21713	8057	martit2	Poecile palustris	Marsh Tit	1
6032	20420	8063	shttre1	Certhia brachydactyla	Short-toed Treecreeper	1
6034	59097	8065	whiwag	Motacilla alba	White Wagtail	1
6037	60048	8067	cohmar1	Delichon urbicum	Common House-Martin	1
6039	60892	8069	comswi	Apus apus	Common Swift	1
6068	60150	8111	houspa	Passer domesticus	House Sparrow	2
6069	60150	8111	eutspa	Passer montanus	Eurasian Tree Sparrow	2
6076	20613	8118	blutit	Cyanistes caeruleus	Eurasian Blue Tit	1
6077	58925	8124	blutit	Cyanistes caeruleus	Eurasian Blue Tit	1
6082	59628	8129	comswi	Apus apus	Common Swift	1
6083	59628	8129	rook1	Corvus frugilegus	Rook	1
6094	20386	8140	gretit1	Parus major	Great Tit	1
6095	20386	8140	eurnut2	Sitta europaea	Eurasian Nuthatch	1
6096	20386	8140	blutit	Cyanistes caeruleus	Eurasian Blue Tit	1
6097	21715	8143	gretit1	Parus major	Great Tit	1
6098	20646	8144	gretit1	Parus major	Great Tit	1
6099	21951	8145	eurbla	Turdus merula	Eurasian Blackbird	1
6104	21238	8152	eurnut2	Sitta europaea	Eurasian Nuthatch	1
6105	21238	8152	blutit	Cyanistes caeruleus	Eurasian Blue Tit	1
6113	21773	8159	winwre4	Troglodytes troglodytes	Eurasian Wren	1
6125	60393	8176	blutit	Cyanistes caeruleus	Eurasian Blue Tit	1
6126	21975	8178	blutit	Cyanistes caeruleus	Eurasian Blue Tit	1
6127	59139	8180	sonthr1	Turdus philomelos	Song Thrush	1
6128	59139	8180	blutit	Cyanistes caeruleus	Eurasian Blue Tit	1
6129	59139	8180	eutspa	Passer montanus	Eurasian Tree Sparrow	2
6130	59139	8180	houspa	Passer domesticus	House Sparrow	2
6131	59821	8181	grswoo	Dendrocopos major	Great Spotted Woodpecker	2
6132	59821	8181	miswoo1	Dendrocoptes medius	Middle Spotted Woodpecker	2
6136	59929	8186	houspa	Passer domesticus	House Sparrow	2
6137	59929	8186	eutspa	Passer montanus	Eurasian Tree Sparrow	2
6138	59929	8186	rook1	Corvus frugilegus	Rook	1
6144	60270	8192	bkhgul	Chroicocephalus ridibundus	Black-headed Gull	1
6147	60726	8196	eurgre1	Chloris chloris	European Greenfinch	2
6150	59472	8202	rinphe	Phasianus colchicus	Ring-necked Pheasant	1
6151	61131	8203	eutspa	Passer montanus	Eurasian Tree Sparrow	2
6152	61131	8203	houspa	Passer domesticus	House Sparrow	2
6153	61131	8203	eurbla	Turdus merula	Eurasian Blackbird	1
6170	60615	8214	eutspa	Passer montanus	Eurasian Tree Sparrow	2
6171	60615	8214	houspa	Passer domesticus	House Sparrow	2
6173	20554	8217	eugwoo2	Picus viridis	Eurasian Green Woodpecker	1
6181	59454	8222	blutit	Cyanistes caeruleus	Eurasian Blue Tit	1
6182	21521	8223	martit2	Poecile palustris	Marsh Tit	1
6183	21521	8223	gragoo	Anser anser	Graylag Goose	1
6197	58882	8246	comchi1	Phylloscopus collybita	Common Chiffchaff	1
6198	58882	8246	eurgol	Carduelis carduelis	European Goldfinch	1
6199	58882	8246	eurbla	Turdus merula	Eurasian Blackbird	1
6200	21966	8247	tawowl1	Strix aluco	Tawny Owl	1
6207	59055	8258	eurmag1	Pica pica	Eurasian Magpie	1
6212	60421	8263	blutit	Cyanistes caeruleus	Eurasian Blue Tit	1
6225	21852	8272	eurnut2	Sitta europaea	Eurasian Nuthatch	1
6226	21852	8272	blutit	Cyanistes caeruleus	Eurasian Blue Tit	1
6227	21852	8272	grswoo	Dendrocopos major	Great Spotted Woodpecker	2
6228	21852	8272	miswoo1	Dendrocoptes medius	Middle Spotted Woodpecker	2
6230	61245	8275	eurrob1	Erithacus rubecula	European Robin	1
6231	61245	8275	houspa	Passer domesticus	House Sparrow	2
6232	61245	8275	eutspa	Passer montanus	Eurasian Tree Sparrow	2
6234	61085	8280	eutspa	Passer montanus	Eurasian Tree Sparrow	2
6235	61085	8280	houspa	Passer domesticus	House Sparrow	2
6247	60988	8291	wlwwar	Phylloscopus trochilus	Willow Warbler	2
6248	20948	8292	martit2	Poecile palustris	Marsh Tit	1
6249	58892	8295	rinphe	Phasianus colchicus	Ring-necked Pheasant	1
6251	60037	8297	houspa	Passer domesticus	House Sparrow	2
6252	60037	8297	eutspa	Passer montanus	Eurasian Tree Sparrow	2
6253	60037	8297	eurgre1	Chloris chloris	European Greenfinch	1
6254	20400	8298	graher1	Ardea cinerea	Gray Heron	1
6255	20400	8298	blutit	Cyanistes caeruleus	Eurasian Blue Tit	1
6256	20400	8298	gretit1	Parus major	Great Tit	1
6257	60823	8300	eurbla	Turdus merula	Eurasian Blackbird	1
6258	60823	8300	blared1	Phoenicurus ochruros	Black Redstart	1
6260	21766	8302	winwre4	Troglodytes troglodytes	Eurasian Wren	1
6261	21766	8302	gragoo	Anser anser	Graylag Goose	1
6262	21766	8302	eurbla	Turdus merula	Eurasian Blackbird	1
6263	60154	8303	blutit	Cyanistes caeruleus	Eurasian Blue Tit	1
6264	59746	8305	eurbla	Turdus merula	Eurasian Blackbird	1
6269	61189	8310	grewhi1	Sylvia communis	Greater Whitethroat	1
6270	61195	8311	eurrob1	Erithacus rubecula	European Robin	1
6271	61195	8311	eurbla	Turdus merula	Eurasian Blackbird	1
6272	61195	8311	comcha	Fringilla coelebs	Common Chaffinch	1
6282	60412	8318	eurrob1	Erithacus rubecula	European Robin	1
6283	61233	8319	eurbla	Turdus merula	Eurasian Blackbird	1
6287	20960	8321	tawowl1	Strix aluco	Tawny Owl	1
6288	59728	8322	eurmag1	Pica pica	Eurasian Magpie	1
6289	20619	8325	gretit1	Parus major	Great Tit	1
6291	60686	8327	eurrob1	Erithacus rubecula	European Robin	1
6296	20444	8336	blutit	Cyanistes caeruleus	Eurasian Blue Tit	1
6297	20352	8339	gragoo	Anser anser	Graylag Goose	1
6298	60967	8340	eurjay1	Garrulus glandarius	Eurasian Jay	1
6299	61069	8342	eurbla	Turdus merula	Eurasian Blackbird	1
6301	21579	8344	gragoo	Anser anser	Graylag Goose	1
6302	21579	8344	eurnut2	Sitta europaea	Eurasian Nuthatch	1
6304	61217	8346	comcha	Fringilla coelebs	Common Chaffinch	1
6306	21831	8351	blutit	Cyanistes caeruleus	Eurasian Blue Tit	1
6308	60350	8355	barswa	Hirundo rustica	Barn Swallow	1
6309	21401	8362	martit2	Poecile palustris	Marsh Tit	1
6311	20899	8366	gretit1	Parus major	Great Tit	1
6318	20601	8376	grswoo	Dendrocopos major	Great Spotted Woodpecker	2
6319	20601	8376	miswoo1	Dendrocoptes medius	Middle Spotted Woodpecker	2
6324	60255	8382	blared1	Phoenicurus ochruros	Black Redstart	1
6328	61236	8388	houspa	Passer domesticus	House Sparrow	2
6329	61236	8388	eutspa	Passer montanus	Eurasian Tree Sparrow	2
6330	61236	8388	eurgol	Carduelis carduelis	European Goldfinch	1
6338	61096	8395	gretit1	Parus major	Great Tit	1
6339	58862	8396	fieldf	Turdus pilaris	Fieldfare	1
6340	59038	8398	blutit	Cyanistes caeruleus	Eurasian Blue Tit	1
6349	59994	8409	rinphe	Phasianus colchicus	Ring-necked Pheasant	1
6352	21427	8419	gragoo	Anser anser	Graylag Goose	1
6354	59557	8421	fieldf	Turdus pilaris	Fieldfare	1
6355	59557	8421	houspa	Passer domesticus	House Sparrow	2
6356	59557	8421	eutspa	Passer montanus	Eurasian Tree Sparrow	2
6368	59438	8433	rook1	Corvus frugilegus	Rook	1
6369	21169	8436	gnwtea	Anas crecca	Green-winged Teal	2
6386	59672	8504	houspa	Passer domesticus	House Sparrow	2
6387	59672	8504	eutspa	Passer montanus	Eurasian Tree Sparrow	2
6396	60746	8509	eurjac	Corvus monedula	Eurasian Jackdaw	1
6397	60746	8509	houspa	Passer domesticus	House Sparrow	2
6398	60746	8509	eutspa	Passer montanus	Eurasian Tree Sparrow	2
6399	60746	8509	rook1	Corvus frugilegus	Rook	1
6402	59858	8512	skylar	Alauda arvensis	Eurasian Skylark	1
6403	60180	8514	whiwag	Motacilla alba	White Wagtail	1
6407	59991	8521	eurbla	Turdus merula	Eurasian Blackbird	1
6408	21099	8522	eurnut2	Sitta europaea	Eurasian Nuthatch	1
6410	20433	8525	eurbla	Turdus merula	Eurasian Blackbird	1
6413	59435	8528	eurgol	Carduelis carduelis	European Goldfinch	1
6414	59435	8528	blackc1	Sylvia atricapilla	Eurasian Blackcap	1
6415	59303	8529	eurmag1	Pica pica	Eurasian Magpie	1
6416	59303	8529	rook1	Corvus frugilegus	Rook	2
6417	59303	8529	carcro1	Corvus corone	Carrion Crow	2
6421	59673	8538	eurmag1	Pica pica	Eurasian Magpie	1
6422	20884	8541	lottit1	Aegithalos caudatus	Long-tailed Tit	1
6423	59514	8543	eurbla	Turdus merula	Eurasian Blackbird	1
6424	59514	8543	comred2	Phoenicurus phoenicurus	Common Redstart	1
6426	59110	8545	skylar	Alauda arvensis	Eurasian Skylark	1
6427	58828	8547	eurgol	Carduelis carduelis	European Goldfinch	1
6428	58828	8547	eurbla	Turdus merula	Eurasian Blackbird	1
6429	21131	8549	tawowl1	Strix aluco	Tawny Owl	1
6434	58894	8555	eurbla	Turdus merula	Eurasian Blackbird	1
5607	20731	7451	blutit	Cyanistes caeruleus	Eurasian Blue Tit	1
5601	21339	7446	martit2	Poecile palustris	Marsh Tit	1
5618	21318	7465	blutit	Cyanistes caeruleus	Eurasian Blue Tit	1
5626	21399	7483	gragoo	Anser anser	Graylag Goose	1
5627	20662	7484	comrav	Corvus corax	Common Raven	1
5771	59918	7822	comswi	Apus apus	Common Swift	1
5787	59962	7842	eurbul	Pyrrhula pyrrhula	Eurasian Bullfinch	1
5788	59854	7843	eursta	Sturnus vulgaris	European Starling	1
5806	60334	7858	eurbla	Turdus merula	Eurasian Blackbird	1
5808	60939	7861	cowpig1	Columba palumbus	Common Wood-Pigeon	1
5809	60939	7861	cogwar1	Locustella naevia	Common Grasshopper-Warbler	1
5810	60939	7861	blackc1	Sylvia atricapilla	Eurasian Blackcap	1
5811	60939	7861	rook1	Corvus frugilegus	Rook	1
5812	60939	7861	cohmar1	Delichon urbicum	Common House-Martin	1
5814	61098	7864	blared1	Phoenicurus ochruros	Black Redstart	1
5835	60818	7877	blackc1	Sylvia atricapilla	Eurasian Blackcap	1
5836	60818	7877	eurbla	Turdus merula	Eurasian Blackbird	1
5837	60227	7878	comchi1	Phylloscopus collybita	Common Chiffchaff	1
5838	60227	7878	blutit	Cyanistes caeruleus	Eurasian Blue Tit	1
5850	60870	7891	eurbla	Turdus merula	Eurasian Blackbird	1
5851	58978	7892	skylar	Alauda arvensis	Eurasian Skylark	1
5854	60738	7897	blutit	Cyanistes caeruleus	Eurasian Blue Tit	1
5855	60738	7897	rook1	Corvus frugilegus	Rook	1
5856	60738	7897	houspa	Passer domesticus	House Sparrow	2
5857	60738	7897	eutspa	Passer montanus	Eurasian Tree Sparrow	2
5858	60304	7898	cowpig1	Columba palumbus	Common Wood-Pigeon	1
5859	60304	7898	comchi1	Phylloscopus collybita	Common Chiffchaff	1
5860	60868	7899	eurjac	Corvus monedula	Eurasian Jackdaw	1
5861	60103	7900	eurjac	Corvus monedula	Eurasian Jackdaw	2
5862	58868	7902	comchi1	Phylloscopus collybita	Common Chiffchaff	1
5863	58868	7902	blutit	Cyanistes caeruleus	Eurasian Blue Tit	1
5866	60199	7904	eurser1	Serinus serinus	European Serin	1
5868	59317	7907	blared1	Phoenicurus ochruros	Black Redstart	1
5873	60172	7916	blared1	Phoenicurus ochruros	Black Redstart	1
5878	61104	7922	blared1	Phoenicurus ochruros	Black Redstart	1
5879	61104	7922	eurlin1	Linaria cannabina	Eurasian Linnet	1
5883	59736	7925	eurgol	Carduelis carduelis	European Goldfinch	1
5884	59736	7925	cohmar1	Delichon urbicum	Common House-Martin	1
5890	59115	7932	eugwoo2	Picus viridis	Eurasian Green Woodpecker	1
5891	59115	7932	comchi1	Phylloscopus collybita	Common Chiffchaff	1
5923	60961	7955	comchi1	Phylloscopus collybita	Common Chiffchaff	2
5924	60961	7955	wlwwar	Phylloscopus trochilus	Willow Warbler	2
5929	59869	7959	blared1	Phoenicurus ochruros	Black Redstart	1
5930	59869	7959	rinphe	Phasianus colchicus	Ring-necked Pheasant	1
5931	59869	7959	rook1	Corvus frugilegus	Rook	1
5932	59869	7959	houspa	Passer domesticus	House Sparrow	2
5933	59869	7959	eutspa	Passer montanus	Eurasian Tree Sparrow	2
5934	21497	7961	blutit	Cyanistes caeruleus	Eurasian Blue Tit	1
5950	20445	7988	gretit1	Parus major	Great Tit	1
5951	20445	7988	eurnut2	Sitta europaea	Eurasian Nuthatch	1
5952	20756	7989	eugwoo2	Picus viridis	Eurasian Green Woodpecker	1
5961	21912	7998	martit2	Poecile palustris	Marsh Tit	1
5962	21912	7998	eurjay1	Garrulus glandarius	Eurasian Jay	1
5967	59220	8002	rook1	Corvus frugilegus	Rook	1
5971	60302	8007	comchi1	Phylloscopus collybita	Common Chiffchaff	1
5972	60302	8007	blackc1	Sylvia atricapilla	Eurasian Blackcap	1
5995	21122	8029	grswoo	Dendrocopos major	Great Spotted Woodpecker	2
5996	21122	8029	miswoo1	Dendrocoptes medius	Middle Spotted Woodpecker	1
6003	59405	8040	rook1	Corvus frugilegus	Rook	1
6009	21194	8047	eurrob1	Erithacus rubecula	European Robin	1
6010	21194	8047	blutit	Cyanistes caeruleus	Eurasian Blue Tit	1
6011	21194	8047	gretit1	Parus major	Great Tit	1
6014	20604	8051	eurbla	Turdus merula	Eurasian Blackbird	1
6015	20604	8051	gretit1	Parus major	Great Tit	1
6016	20604	8051	blutit	Cyanistes caeruleus	Eurasian Blue Tit	1
6017	58742	8052	houspa	Passer domesticus	House Sparrow	2
6018	58742	8052	eutspa	Passer montanus	Eurasian Tree Sparrow	2
6019	58742	8052	eurbla	Turdus merula	Eurasian Blackbird	1
6020	58742	8052	eurgol	Carduelis carduelis	European Goldfinch	1
6033	59225	8064	bkhgul	Chroicocephalus ridibundus	Black-headed Gull	1
6038	21253	8068	eurnut2	Sitta europaea	Eurasian Nuthatch	1
6078	59390	8125	eucdov	Streptopelia decaocto	Eurasian Collared-Dove	1
6087	20808	8136	eugwoo2	Picus viridis	Eurasian Green Woodpecker	1
6088	20808	8136	gretit1	Parus major	Great Tit	1
6089	20808	8136	martit2	Poecile palustris	Marsh Tit	1
6100	60562	8147	skylar	Alauda arvensis	Eurasian Skylark	1
6101	60562	8147	yellow2	Emberiza citrinella	Yellowhammer	1
6102	59083	8150	blared1	Phoenicurus ochruros	Black Redstart	1
6103	59083	8150	comnig1	Luscinia megarhynchos	Common Nightingale	2
6111	20978	8157	gretit1	Parus major	Great Tit	1
6114	20857	8161	lottit1	Aegithalos caudatus	Long-tailed Tit	1
6120	21868	8167	winwre4	Troglodytes troglodytes	Eurasian Wren	1
6121	21868	8167	gretit1	Parus major	Great Tit	1
6122	21868	8167	eurtre1	Certhia familiaris	Eurasian Treecreeper	1
6123	60590	8170	eurjac	Corvus monedula	Eurasian Jackdaw	1
6135	21125	8183	gragoo	Anser anser	Graylag Goose	1
6145	20774	8193	comrav	Corvus corax	Common Raven	1
6148	58976	8197	comchi1	Phylloscopus collybita	Common Chiffchaff	1
6149	61079	8199	comswi	Apus apus	Common Swift	1
6154	21058	8204	gragoo	Anser anser	Graylag Goose	1
6155	21313	8206	gwfgoo	Anser albifrons	Greater White-fronted Goose	2
6156	21313	8206	taibeg1	Anser fabalis	Taiga Bean-Goose	2
6157	21313	8206	tunbeg1	Anser serrirostris	Tundra Bean-Goose	2
6158	21088	8207	gretit1	Parus major	Great Tit	1
6159	21088	8207	blutit	Cyanistes caeruleus	Eurasian Blue Tit	1
6160	21900	8208	blutit	Cyanistes caeruleus	Eurasian Blue Tit	1
6167	21528	8213	blutit	Cyanistes caeruleus	Eurasian Blue Tit	1
6168	21528	8213	gretit1	Parus major	Great Tit	1
6169	21528	8213	eurnut2	Sitta europaea	Eurasian Nuthatch	1
6172	21394	8215	eurmag1	Pica pica	Eurasian Magpie	1
6175	20965	8219	eurnut2	Sitta europaea	Eurasian Nuthatch	1
6176	20965	8219	winwre4	Troglodytes troglodytes	Eurasian Wren	1
6177	20965	8219	blutit	Cyanistes caeruleus	Eurasian Blue Tit	1
6178	21301	8220	gretit1	Parus major	Great Tit	1
6184	59505	8225	eurlin1	Linaria cannabina	Eurasian Linnet	1
6187	59905	8229	eurjay1	Garrulus glandarius	Eurasian Jay	1
6192	60066	8234	skylar	Alauda arvensis	Eurasian Skylark	1
6193	59191	8236	fieldf	Turdus pilaris	Fieldfare	1
6194	59191	8236	blutit	Cyanistes caeruleus	Eurasian Blue Tit	1
6195	59191	8236	comchi1	Phylloscopus collybita	Common Chiffchaff	1
6196	61356	8240	eurbla	Turdus merula	Eurasian Blackbird	1
6202	59781	8251	barswa	Hirundo rustica	Barn Swallow	1
6203	59429	8252	blackc1	Sylvia atricapilla	Eurasian Blackcap	1
6204	20836	8253	gretit1	Parus major	Great Tit	1
6205	20836	8253	grswoo	Dendrocopos major	Great Spotted Woodpecker	2
6206	20836	8253	miswoo1	Dendrocoptes medius	Middle Spotted Woodpecker	2
6211	21735	8262	eurjay1	Garrulus glandarius	Eurasian Jay	1
6220	20589	8267	gretit1	Parus major	Great Tit	1
6221	20589	8267	blutit	Cyanistes caeruleus	Eurasian Blue Tit	1
6222	20589	8267	eurnut2	Sitta europaea	Eurasian Nuthatch	1
6233	61068	8276	eursta	Sturnus vulgaris	European Starling	1
6278	20966	8314	graher1	Ardea cinerea	Gray Heron	1
6279	20966	8314	blutit	Cyanistes caeruleus	Eurasian Blue Tit	1
6292	20483	8329	gragoo	Anser anser	Graylag Goose	1
6295	59837	8334	blackc1	Sylvia atricapilla	Eurasian Blackcap	1
6303	59659	8345	whiwag	Motacilla alba	White Wagtail	1
6305	21338	8349	martit2	Poecile palustris	Marsh Tit	1
6315	59538	8370	blutit	Cyanistes caeruleus	Eurasian Blue Tit	1
6317	61150	8372	blutit	Cyanistes caeruleus	Eurasian Blue Tit	1
6331	20608	8389	eurnut2	Sitta europaea	Eurasian Nuthatch	1
6332	20608	8389	blutit	Cyanistes caeruleus	Eurasian Blue Tit	1
6333	20608	8389	gretit1	Parus major	Great Tit	1
6342	21328	8400	martit2	Poecile palustris	Marsh Tit	1
6343	21328	8400	blutit	Cyanistes caeruleus	Eurasian Blue Tit	1
6344	20968	8402	winwre4	Troglodytes troglodytes	Eurasian Wren	1
6345	20968	8402	gretit1	Parus major	Great Tit	1
6346	60008	8404	eurser1	Serinus serinus	European Serin	1
6350	59947	8414	eurser1	Serinus serinus	European Serin	1
6357	60660	8422	rook1	Corvus frugilegus	Rook	1
6358	60660	8422	eutspa	Passer montanus	Eurasian Tree Sparrow	2
6359	60660	8422	houspa	Passer domesticus	House Sparrow	2
6360	59883	8423	grewhi1	Sylvia communis	Greater Whitethroat	1
6362	21027	8426	eurbla	Turdus merula	Eurasian Blackbird	1
6393	59847	8507	rook1	Corvus frugilegus	Rook	2
6394	59847	8507	carcro1	Corvus corone	Carrion Crow	2
6395	60405	8508	eurbla	Turdus merula	Eurasian Blackbird	1
6404	59147	8516	eurjac	Corvus monedula	Eurasian Jackdaw	1
6406	20455	8518	gragoo	Anser anser	Graylag Goose	1
6418	21656	8530	eurmag1	Pica pica	Eurasian Magpie	1
6420	60889	8533	eurgol	Carduelis carduelis	European Goldfinch	1
6430	21213	8550	gragoo	Anser anser	Graylag Goose	1
6432	58908	8554	houspa	Passer domesticus	House Sparrow	2
6433	58908	8554	eutspa	Passer montanus	Eurasian Tree Sparrow	2
5599	20959	7444	gretit1	Parus major	Great Tit	1
5600	20959	7444	winwre4	Troglodytes troglodytes	Eurasian Wren	1
5614	20618	7457	gretit1	Parus major	Great Tit	1
5615	21674	7459	eursis	Spinus spinus	Eurasian Siskin	1
5625	20366	7480	gragoo	Anser anser	Graylag Goose	1
5769	60221	7817	comchi1	Phylloscopus collybita	Common Chiffchaff	2
5770	60221	7817	wlwwar	Phylloscopus trochilus	Willow Warbler	2
5777	58825	7831	comchi1	Phylloscopus collybita	Common Chiffchaff	1
5780	59951	7835	blutit	Cyanistes caeruleus	Eurasian Blue Tit	1
5786	60158	7841	eurlin1	Linaria cannabina	Eurasian Linnet	1
6250	21921	8296	blutit	Cyanistes caeruleus	Eurasian Blue Tit	1
6259	21252	8301	winwre4	Troglodytes troglodytes	Eurasian Wren	1
6267	59534	8309	comred2	Phoenicurus phoenicurus	Common Redstart	1
6268	59534	8309	eurbla	Turdus merula	Eurasian Blackbird	1
6293	60062	8330	houspa	Passer domesticus	House Sparrow	2
6294	60062	8330	eutspa	Passer montanus	Eurasian Tree Sparrow	2
6300	20850	8343	eugwoo2	Picus viridis	Eurasian Green Woodpecker	1
6276	58869	8313	rinphe	Phasianus colchicus	Ring-necked Pheasant	1
6277	58869	8313	comchi1	Phylloscopus collybita	Common Chiffchaff	1
6280	60937	8316	cogwar1	Locustella naevia	Common Grasshopper-Warbler	1
6281	60090	8317	sonthr1	Turdus philomelos	Song Thrush	1
6290	59921	8326	eurlin1	Linaria cannabina	Eurasian Linnet	1
6307	59069	8352	fieldf	Turdus pilaris	Fieldfare	1
6310	61080	8365	whiwag	Motacilla alba	White Wagtail	1
6312	59028	8369	fieldf	Turdus pilaris	Fieldfare	1
6313	59028	8369	eutspa	Passer montanus	Eurasian Tree Sparrow	2
6314	59028	8369	houspa	Passer domesticus	House Sparrow	2
6316	21143	8371	gragoo	Anser anser	Graylag Goose	1
6320	59517	8378	comchi1	Phylloscopus collybita	Common Chiffchaff	1
6321	59517	8378	eutspa	Passer montanus	Eurasian Tree Sparrow	2
6322	59517	8378	houspa	Passer domesticus	House Sparrow	2
6323	59517	8378	gretit1	Parus major	Great Tit	1
6325	59478	8384	comchi1	Phylloscopus collybita	Common Chiffchaff	1
6326	59478	8384	rinphe	Phasianus colchicus	Ring-necked Pheasant	1
6327	59971	8385	sonthr1	Turdus philomelos	Song Thrush	1
6334	20643	8390	eursis	Spinus spinus	Eurasian Siskin	1
6335	20471	8391	eurbla	Turdus merula	Eurasian Blackbird	1
6336	20815	8393	eurnut2	Sitta europaea	Eurasian Nuthatch	1
6337	20815	8393	gretit1	Parus major	Great Tit	1
6341	21166	8399	gretit1	Parus major	Great Tit	1
6347	21344	8406	gragoo	Anser anser	Graylag Goose	1
6348	20411	8408	gragoo	Anser anser	Graylag Goose	1
6351	20340	8415	gragoo	Anser anser	Graylag Goose	1
6353	21255	8420	eugwoo2	Picus viridis	Eurasian Green Woodpecker	1
6361	20324	8424	gragoo	Anser anser	Graylag Goose	1
6363	58883	8427	eurbla	Turdus merula	Eurasian Blackbird	1
6364	58883	8427	rinphe	Phasianus colchicus	Ring-necked Pheasant	1
6365	21387	8429	eugwoo2	Picus viridis	Eurasian Green Woodpecker	1
6366	59614	8431	eursta	Sturnus vulgaris	European Starling	1
6367	59382	8432	eurbla	Turdus merula	Eurasian Blackbird	1
6382	59906	8502	eurjay1	Garrulus glandarius	Eurasian Jay	1
6383	59906	8502	comcha	Fringilla coelebs	Common Chaffinch	1
6384	59906	8502	eutspa	Passer montanus	Eurasian Tree Sparrow	2
6385	59906	8502	houspa	Passer domesticus	House Sparrow	2
6388	58966	8505	comcuc	Cuculus canorus	Common Cuckoo	1
6389	58966	8505	eutspa	Passer montanus	Eurasian Tree Sparrow	2
6390	58966	8505	houspa	Passer domesticus	House Sparrow	2
6391	58888	8506	houspa	Passer domesticus	House Sparrow	2
6392	58888	8506	eutspa	Passer montanus	Eurasian Tree Sparrow	2
6400	21879	8511	winwre4	Troglodytes troglodytes	Eurasian Wren	1
6401	21879	8511	gretit1	Parus major	Great Tit	1
6405	20822	8517	blutit	Cyanistes caeruleus	Eurasian Blue Tit	1
6409	20974	8524	eurbla	Turdus merula	Eurasian Blackbird	1
6411	20802	8526	eurmag1	Pica pica	Eurasian Magpie	1
6412	20369	8527	gragoo	Anser anser	Graylag Goose	1
6425	59893	8544	grewhi1	Sylvia communis	Greater Whitethroat	1
6431	60809	8552	blackc1	Sylvia atricapilla	Eurasian Blackcap	1
6435	61205	8556	blutit	Cyanistes caeruleus	Eurasian Blue Tit	1
6436	61205	8556	rinphe	Phasianus colchicus	Ring-necked Pheasant	1
5612	20451	7455	shttre1	Certhia brachydactyla	Short-toed Treecreeper	1
5613	21455	7456	winwre4	Troglodytes troglodytes	Eurasian Wren	1
5602	20395	7447	gragoo	Anser anser	Graylag Goose	1
5603	21757	7448	eurbla	Turdus merula	Eurasian Blackbird	1
5616	21203	7463	blutit	Cyanistes caeruleus	Eurasian Blue Tit	1
5617	21880	7464	eurtre1	Certhia familiaris	Eurasian Treecreeper	1
5619	20414	7475	blutit	Cyanistes caeruleus	Eurasian Blue Tit	1
5620	20414	7475	gretit1	Parus major	Great Tit	1
5621	20414	7475	eurbla	Turdus merula	Eurasian Blackbird	1
5622	20414	7475	eurnut2	Sitta europaea	Eurasian Nuthatch	1
5768	60613	7812	blutit	Cyanistes caeruleus	Eurasian Blue Tit	1
5775	59848	7824	eursta	Sturnus vulgaris	European Starling	1
5781	60335	7836	blutit	Cyanistes caeruleus	Eurasian Blue Tit	1
5782	60335	7836	eurkes	Falco tinnunculus	Eurasian Kestrel	1
5785	61173	7840	fieldf	Turdus pilaris	Fieldfare	1
5803	59515	7857	blackc1	Sylvia atricapilla	Eurasian Blackcap	1
5804	59515	7857	grswoo	Dendrocopos major	Great Spotted Woodpecker	2
5805	59515	7857	miswoo1	Dendrocoptes medius	Middle Spotted Woodpecker	2
5815	59649	7865	eurjac	Corvus monedula	Eurasian Jackdaw	1
5818	59034	7868	eurbla	Turdus merula	Eurasian Blackbird	1
5819	59034	7868	blared1	Phoenicurus ochruros	Black Redstart	1
5820	59034	7868	rinphe	Phasianus colchicus	Ring-necked Pheasant	1
5821	59034	7868	blutit	Cyanistes caeruleus	Eurasian Blue Tit	1
5822	58798	7869	cogwar1	Locustella naevia	Common Grasshopper-Warbler	1
5823	58798	7869	rook1	Corvus frugilegus	Rook	1
5824	58798	7869	eursta	Sturnus vulgaris	European Starling	1
5825	61207	7870	gretit1	Parus major	Great Tit	1
5826	61207	7870	eutspa	Passer montanus	Eurasian Tree Sparrow	2
5827	61207	7870	houspa	Passer domesticus	House Sparrow	2
5833	60369	7873	blutit	Cyanistes caeruleus	Eurasian Blue Tit	1
5839	59255	7882	comcha	Fringilla coelebs	Common Chaffinch	1
5852	60872	7894	skylar	Alauda arvensis	Eurasian Skylark	1
5853	60872	7894	eurser1	Serinus serinus	European Serin	1
5876	59141	7920	eurrob1	Erithacus rubecula	European Robin	1
5877	59222	7921	eurbla	Turdus merula	Eurasian Blackbird	1
5895	59954	7937	eurkes	Falco tinnunculus	Eurasian Kestrel	1
5896	61133	7938	comchi1	Phylloscopus collybita	Common Chiffchaff	1
5897	61133	7938	hawfin	Coccothraustes coccothraustes	Hawfinch	1
5898	61133	7938	eutspa	Passer montanus	Eurasian Tree Sparrow	2
5899	61133	7938	houspa	Passer domesticus	House Sparrow	2
5900	59123	7942	whiwag	Motacilla alba	White Wagtail	1
5901	59123	7942	grewhi1	Sylvia communis	Greater Whitethroat	1
5906	58775	7944	skylar	Alauda arvensis	Eurasian Skylark	1
5911	61252	7948	eurmag1	Pica pica	Eurasian Magpie	1
5912	59919	7949	eurbla	Turdus merula	Eurasian Blackbird	1
5913	59919	7949	blared1	Phoenicurus ochruros	Black Redstart	1
5917	60732	7951	gretit1	Parus major	Great Tit	1
5918	60732	7951	comcha	Fringilla coelebs	Common Chaffinch	1
5919	61011	7952	eurbla	Turdus merula	Eurasian Blackbird	1
5920	61011	7952	comchi1	Phylloscopus collybita	Common Chiffchaff	1
5921	61049	7953	eurmag1	Pica pica	Eurasian Magpie	1
5922	61049	7953	blutit	Cyanistes caeruleus	Eurasian Blue Tit	1
5939	60649	7970	eutspa	Passer montanus	Eurasian Tree Sparrow	2
5940	60649	7970	houspa	Passer domesticus	House Sparrow	2
5941	59983	7974	blutit	Cyanistes caeruleus	Eurasian Blue Tit	1
5958	20520	7995	eurnut2	Sitta europaea	Eurasian Nuthatch	1
5959	20520	7995	gretit1	Parus major	Great Tit	1
5960	20520	7995	blutit	Cyanistes caeruleus	Eurasian Blue Tit	1
5969	21031	8006	gretit1	Parus major	Great Tit	1
5970	21031	8006	lottit1	Aegithalos caudatus	Long-tailed Tit	1
5976	21834	8012	gragoo	Anser anser	Graylag Goose	1
5979	21941	8015	gretit1	Parus major	Great Tit	1
5980	21941	8015	blutit	Cyanistes caeruleus	Eurasian Blue Tit	1
5982	60975	8018	blared1	Phoenicurus ochruros	Black Redstart	1
5983	60975	8018	houspa	Passer domesticus	House Sparrow	2
5984	60975	8018	eutspa	Passer montanus	Eurasian Tree Sparrow	2
5986	20773	8020	blutit	Cyanistes caeruleus	Eurasian Blue Tit	1
5990	59841	8025	eursta	Sturnus vulgaris	European Starling	1
5998	21418	8034	eurbla	Turdus merula	Eurasian Blackbird	1
5999	60987	8035	eurbla	Turdus merula	Eurasian Blackbird	1
6000	21716	8036	eurnut2	Sitta europaea	Eurasian Nuthatch	1
6001	21551	8038	gragoo	Anser anser	Graylag Goose	1
6002	58777	8039	skylar	Alauda arvensis	Eurasian Skylark	1
6006	61081	8043	eurjac	Corvus monedula	Eurasian Jackdaw	1
6007	61081	8043	cowpig1	Columba palumbus	Common Wood-Pigeon	1
6012	20695	8048	comrav	Corvus corax	Common Raven	1
6025	20418	8055	eurnut2	Sitta europaea	Eurasian Nuthatch	1
6026	20418	8055	gretit1	Parus major	Great Tit	1
6027	20418	8055	martit2	Poecile palustris	Marsh Tit	1
6028	20418	8055	shttre1	Certhia brachydactyla	Short-toed Treecreeper	1
6035	59530	8066	blackc1	Sylvia atricapilla	Eurasian Blackcap	1
6036	59530	8066	bkhgul	Chroicocephalus ridibundus	Black-headed Gull	1
6040	60724	8070	gretit1	Parus major	Great Tit	1
6041	20632	8071	blutit	Cyanistes caeruleus	Eurasian Blue Tit	1
6042	20632	8071	eurnut2	Sitta europaea	Eurasian Nuthatch	1
6043	20632	8071	martit2	Poecile palustris	Marsh Tit	1
6044	59140	8074	houspa	Passer domesticus	House Sparrow	2
6045	59140	8074	eutspa	Passer montanus	Eurasian Tree Sparrow	2
6046	59511	8077	blutit	Cyanistes caeruleus	Eurasian Blue Tit	1
6047	21885	8078	gretit1	Parus major	Great Tit	1
6066	59095	8108	skylar	Alauda arvensis	Eurasian Skylark	1
6067	59095	8108	whiwag	Motacilla alba	White Wagtail	1
6072	60616	8115	houspa	Passer domesticus	House Sparrow	2
6073	60616	8115	eutspa	Passer montanus	Eurasian Tree Sparrow	2
6080	60863	8128	eurjay1	Garrulus glandarius	Eurasian Jay	1
6081	60863	8128	fieldf	Turdus pilaris	Fieldfare	1
6090	21759	8138	eurnut2	Sitta europaea	Eurasian Nuthatch	1
6091	21759	8138	blutit	Cyanistes caeruleus	Eurasian Blue Tit	1
6092	21759	8138	gretit1	Parus major	Great Tit	1
6106	59754	8153	blutit	Cyanistes caeruleus	Eurasian Blue Tit	1
6108	60568	8155	comchi1	Phylloscopus collybita	Common Chiffchaff	2
6109	60568	8155	wlwwar	Phylloscopus trochilus	Willow Warbler	2
