species_annotation_id	recording_id	annotation_id	species_code	scientific_name	common_name	occurrence
921	75546	929	ausmag2	Gymnorhina tibicen	Australian Magpie	1
922	76158	930	railor5	Trichoglossus moluccanus	Rainbow Lorikeet	1
930	75662	943	polpar1	Barnardius zonarius	Australian Ringneck	1
915	75436	920	slbblc1	Calyptorhynchus latirostris	Carnaby's Black-Cockatoo	1
919	75435	928	ausrav1	Corvus coronoides	Australian Raven	1
920	75435	928	ausmag2	Gymnorhina tibicen	Australian Magpie	1
928	75980	938	polpar1	Barnardius zonarius	Australian Ringneck	1
929	75323	942	ausrav1	Corvus coronoides	Australian Raven	1
931	76350	948	laukoo1	Dacelo novaeguineae	Laughing Kookaburra	1
761	42797	791	manduc1	Chenonetta jubata	Maned Duck	1
916	75793	922	ausrav1	Corvus coronoides	Australian Raven	1
918	75474	927	ausmag2	Gymnorhina tibicen	Australian Magpie	1
917	75574	924	redwat1	Anthochaera carunculata	Red Wattlebird	1
923	75855	933	redwat1	Anthochaera carunculata	Red Wattlebird	1
926	75573	937	slbblc1	Calyptorhynchus latirostris	Carnaby's Black-Cockatoo	1
927	75573	937	railor5	Trichoglossus moluccanus	Rainbow Lorikeet	1
933	75595	950	sinhon1	Gavicalis virescens	Singing Honeyeater	1
8554	41738	10666	brohon1	Lichmera indistincta	Brown Honeyeater	1
8559	42725	10670	brohon1	Lichmera indistincta	Brown Honeyeater	1
8546	75510	10660	ausrav1	Corvus coronoides	Australian Raven	1
8553	41738	10666	splfai1	Malurus splendens	Splendid Fairywren	1
8562	41815	10672	splfai1	Malurus splendens	Splendid Fairywren	1
8563	41815	10672	brohon1	Lichmera indistincta	Brown Honeyeater	1
8572	42608	10679	brohon1	Lichmera indistincta	Brown Honeyeater	1
8586	42121	10698	grybut1	Cracticus torquatus	Gray Butcherbird	1
8587	42121	10698	fatcuc1	Cacomantis flabelliformis	Fan-tailed Cuckoo	1
8589	41839	10703	gryfan1	Rhipidura albiscapa	Gray Fantail	1
8590	41839	10703	brohon1	Lichmera indistincta	Brown Honeyeater	1
8591	42429	10705	slbblc1	Calyptorhynchus latirostris	Carnaby's Black-Cockatoo	1
8595	42922	10718	redwat1	Anthochaera carunculata	Red Wattlebird	1
8596	42922	10718	nehhon2	Phylidonyris novaehollandiae	New Holland Honeyeater	1
8597	42922	10718	polpar1	Barnardius zonarius	Australian Ringneck	1
8604	42852	10726	golwhi1	Pachycephala pectoralis	Golden Whistler	1
8612	42809	10734	weebil1	Smicrornis brevirostris	Weebill	1
8613	42809	10734	brohon1	Lichmera indistincta	Brown Honeyeater	1
8616	41792	10741	polpar1	Barnardius zonarius	Australian Ringneck	1
8617	41792	10741	brohon1	Lichmera indistincta	Brown Honeyeater	1
8631	42341	10759	golwhi1	Pachycephala pectoralis	Golden Whistler	1
8632	42341	10759	brohon1	Lichmera indistincta	Brown Honeyeater	1
8959	75491	10909	ausrav1	Corvus coronoides	Australian Raven	1
8375	75875	10543	redwat1	Anthochaera carunculata	Red Wattlebird	1
8376	75302	10562	rtbcoc1	Calyptorhynchus banksii	Red-tailed Black-Cockatoo	1
8542	75994	10658	laukoo1	Dacelo novaeguineae	Laughing Kookaburra	1
8543	75994	10658	railor5	Trichoglossus moluccanus	Rainbow Lorikeet	1
8544	75572	10659	railor5	Trichoglossus moluccanus	Rainbow Lorikeet	1
8545	75572	10659	ausmag2	Gymnorhina tibicen	Australian Magpie	1
8548	75401	10662	ausrav1	Corvus coronoides	Australian Raven	1
8549	76208	10663	nehhon2	Phylidonyris novaehollandiae	New Holland Honeyeater	1
8555	42671	10667	brohon1	Lichmera indistincta	Brown Honeyeater	1
8556	42861	10668	golwhi1	Pachycephala pectoralis	Golden Whistler	1
8557	42861	10668	brohon1	Lichmera indistincta	Brown Honeyeater	1
8560	41951	10671	ausmag2	Gymnorhina tibicen	Australian Magpie	1
8561	41951	10671	ausrav1	Corvus coronoides	Australian Raven	1
8564	41493	10673	ausrav1	Corvus coronoides	Australian Raven	1
8565	41512	10674	brohon1	Lichmera indistincta	Brown Honeyeater	1
8566	41466	10675	railor5	Trichoglossus moluccanus	Rainbow Lorikeet	1
8567	41466	10675	ausrav1	Corvus coronoides	Australian Raven	1
8568	41607	10676	fatcuc1	Cacomantis flabelliformis	Fan-tailed Cuckoo	1
8569	41607	10676	brohon1	Lichmera indistincta	Brown Honeyeater	1
8573	41698	10680	brohon1	Lichmera indistincta	Brown Honeyeater	1
8574	42021	10681	ausmag2	Gymnorhina tibicen	Australian Magpie	1
8575	42021	10681	silver3	Zosterops lateralis	Silvereye	1
8576	42021	10681	brohon1	Lichmera indistincta	Brown Honeyeater	1
8577	42532	10682	brohon1	Lichmera indistincta	Brown Honeyeater	1
8578	41771	10684	wesger1	Gerygone fusca	Western Gerygone	1
8579	42199	10685	golwhi1	Pachycephala pectoralis	Golden Whistler	1
8580	42199	10685	brohon1	Lichmera indistincta	Brown Honeyeater	1
8581	42280	10687	brohon1	Lichmera indistincta	Brown Honeyeater	1
8582	42103	10689	rtbcoc1	Calyptorhynchus banksii	Red-tailed Black-Cockatoo	1
8583	42858	10691	splfai1	Malurus splendens	Splendid Fairywren	1
8584	41469	10694	slbblc1	Calyptorhynchus latirostris	Carnaby's Black-Cockatoo	1
8593	41462	10709	nehhon2	Phylidonyris novaehollandiae	New Holland Honeyeater	1
8594	41462	10709	bruwat1	Anthochaera chrysoptera	Little Wattlebird	1
8598	41551	10721	golwhi1	Pachycephala pectoralis	Golden Whistler	1
8599	41551	10721	brohon1	Lichmera indistincta	Brown Honeyeater	1
8605	41904	10727	splfai1	Malurus splendens	Splendid Fairywren	1
8608	41524	10729	golwhi1	Pachycephala pectoralis	Golden Whistler	1
8609	41524	10729	brohon1	Lichmera indistincta	Brown Honeyeater	1
8610	42183	10731	souboo8	Ninox boobook	Southern Boobook	1
8611	42045	10733	laukoo1	Dacelo novaeguineae	Laughing Kookaburra	1
8614	42398	10737	nehhon2	Phylidonyris novaehollandiae	New Holland Honeyeater	1
8615	42398	10737	railor5	Trichoglossus moluccanus	Rainbow Lorikeet	1
8623	42790	10745	polpar1	Barnardius zonarius	Australian Ringneck	1
8624	42790	10745	brohon1	Lichmera indistincta	Brown Honeyeater	1
8625	42153	10747	rufwhi1	Pachycephala rufiventris	Rufous Whistler	1
8627	42568	10750	wesger1	Gerygone fusca	Western Gerygone	1
8628	42568	10750	brohon1	Lichmera indistincta	Brown Honeyeater	1
8630	41935	10758	rtbcoc1	Calyptorhynchus banksii	Red-tailed Black-Cockatoo	1
8633	42226	10761	splfai1	Malurus splendens	Splendid Fairywren	1
8951	76150	10895	railor5	Trichoglossus moluccanus	Rainbow Lorikeet	1
8952	75461	10896	brohon1	Lichmera indistincta	Brown Honeyeater	1
8953	75461	10896	rtbcoc1	Calyptorhynchus banksii	Red-tailed Black-Cockatoo	1
8954	76311	10899	rtbcoc1	Calyptorhynchus banksii	Red-tailed Black-Cockatoo	1
8955	76141	10903	railor5	Trichoglossus moluccanus	Rainbow Lorikeet	1
8956	76141	10903	ausmag2	Gymnorhina tibicen	Australian Magpie	1
8957	76141	10903	brohon1	Lichmera indistincta	Brown Honeyeater	1
8960	76321	10910	brohon1	Lichmera indistincta	Brown Honeyeater	1
8961	75660	10912	laukoo1	Dacelo novaeguineae	Laughing Kookaburra	1
8962	75312	10914	ausrav1	Corvus coronoides	Australian Raven	1
8963	75312	10914	redwat1	Anthochaera carunculata	Red Wattlebird	1
8964	75523	10915	slbblc1	Calyptorhynchus latirostris	Carnaby's Black-Cockatoo	1
8965	76036	10917	redwat1	Anthochaera carunculata	Red Wattlebird	1
8967	76033	10924	ausrav1	Corvus coronoides	Australian Raven	1
8070	75968	10219	whchon2	Phylidonyris niger	White-cheeked Honeyeater	1
8075	75674	10231	railor5	Trichoglossus moluccanus	Rainbow Lorikeet	1
8081	75645	10246	redwat1	Anthochaera carunculata	Red Wattlebird	1
8082	76020	10254	railor5	Trichoglossus moluccanus	Rainbow Lorikeet	1
8086	75568	10262	redwat1	Anthochaera carunculata	Red Wattlebird	1
8098	75425	10322	sinhon1	Gavicalis virescens	Singing Honeyeater	1
8105	75495	10337	ausmag2	Gymnorhina tibicen	Australian Magpie	1
8071	75663	10222	ausmag2	Gymnorhina tibicen	Australian Magpie	1
8068	41942	10215	ausmag2	Gymnorhina tibicen	Australian Magpie	1
8069	41623	10216	polpar1	Barnardius zonarius	Australian Ringneck	1
8073	75923	10225	slbblc1	Calyptorhynchus latirostris	Carnaby's Black-Cockatoo	1
8080	75838	10243	polpar1	Barnardius zonarius	Australian Ringneck	1
8083	76397	10258	rtbcoc1	Calyptorhynchus banksii	Red-tailed Black-Cockatoo	1
8084	76427	10259	ausrav1	Corvus coronoides	Australian Raven	1
8087	75993	10267	laukoo1	Dacelo novaeguineae	Laughing Kookaburra	1
8088	75657	10269	maglar1	Grallina cyanoleuca	Magpie-lark	1
8089	75657	10269	laukoo1	Dacelo novaeguineae	Laughing Kookaburra	1
8547	75267	10661	sinhon1	Gavicalis virescens	Singing Honeyeater	1
8550	76180	10664	ausrav1	Corvus coronoides	Australian Raven	1
8551	76348	10665	redwat1	Anthochaera carunculata	Red Wattlebird	1
8552	76348	10665	railor5	Trichoglossus moluccanus	Rainbow Lorikeet	1
8558	42829	10669	brohon1	Lichmera indistincta	Brown Honeyeater	1
8570	42728	10677	brohon1	Lichmera indistincta	Brown Honeyeater	1
8571	42380	10678	ausrav1	Corvus coronoides	Australian Raven	1
8585	42992	10695	whbscr1	Sericornis frontalis	White-browed Scrubwren	1
8588	42269	10701	ausrav1	Corvus coronoides	Australian Raven	1
8592	41669	10708	polpar1	Barnardius zonarius	Australian Ringneck	1
8601	42511	10725	weebil1	Smicrornis brevirostris	Weebill	1
8602	42511	10725	ausrav1	Corvus coronoides	Australian Raven	1
8603	42511	10725	ausmag2	Gymnorhina tibicen	Australian Magpie	1
8606	42784	10728	grybut1	Cracticus torquatus	Gray Butcherbird	1
8607	42784	10728	weebil1	Smicrornis brevirostris	Weebill	1
8618	41537	10742	weebil1	Smicrornis brevirostris	Weebill	1
8619	41537	10742	brohon1	Lichmera indistincta	Brown Honeyeater	1
8620	41616	10744	polpar1	Barnardius zonarius	Australian Ringneck	1
8621	41616	10744	ausrav1	Corvus coronoides	Australian Raven	1
8622	41616	10744	brohon1	Lichmera indistincta	Brown Honeyeater	1
8626	42402	10748	wesger1	Gerygone fusca	Western Gerygone	1
8629	41569	10754	wesspi1	Acanthorhynchus superciliosus	Western Spinebill	1
8958	75308	10904	rufwhi1	Pachycephala rufiventris	Rufous Whistler	1
8966	75556	10923	ausmag2	Gymnorhina tibicen	Australian Magpie	1
8074	75679	10230	laukoo1	Dacelo novaeguineae	Laughing Kookaburra	1
8067	76267	10214	slbblc1	Calyptorhynchus latirostris	Carnaby's Black-Cockatoo	1
8072	75582	10224	polpar1	Barnardius zonarius	Australian Ringneck	1
8076	75831	10233	slbblc1	Calyptorhynchus latirostris	Carnaby's Black-Cockatoo	1
8077	75470	10235	ausmag2	Gymnorhina tibicen	Australian Magpie	1
8078	75963	10236	polpar1	Barnardius zonarius	Australian Ringneck	1
8079	76113	10238	ausrav1	Corvus coronoides	Australian Raven	1
8085	75512	10260	slbblc1	Calyptorhynchus latirostris	Carnaby's Black-Cockatoo	1
8097	75671	10320	wesspi1	Acanthorhynchus superciliosus	Western Spinebill	1
8099	75331	10323	polpar1	Barnardius zonarius	Australian Ringneck	1
8100	76073	10326	rtbcoc1	Calyptorhynchus banksii	Red-tailed Black-Cockatoo	1
8101	75934	10328	laukoo1	Dacelo novaeguineae	Laughing Kookaburra	1
8102	75326	10330	sinhon1	Gavicalis virescens	Singing Honeyeater	1
8103	76070	10331	silver3	Zosterops lateralis	Silvereye	1
8104	75387	10334	silver3	Zosterops lateralis	Silvereye	1
10503	76240	11833	sinhon1	Gavicalis virescens	Singing Honeyeater	1
10505	75328	11838	souboo8	Ninox boobook	Southern Boobook	1
10504	75761	11834	ausrav1	Corvus coronoides	Australian Raven	1
13536	76334	15375	slbblc1	Calyptorhynchus latirostris	Carnaby's Black-Cockatoo	1
13535	75410	15374	rtbcoc1	Calyptorhynchus banksii	Red-tailed Black-Cockatoo	1
13532	42158	15369	galah	Eolophus roseicapilla	Galah	1
13533	42158	15369	polpar1	Barnardius zonarius	Australian Ringneck	1
13537	75593	15376	rtbcoc1	Calyptorhynchus banksii	Red-tailed Black-Cockatoo	1
13538	76167	15378	ausrav1	Corvus coronoides	Australian Raven	1
13539	76167	15378	redwat1	Anthochaera carunculata	Red Wattlebird	1
13540	75970	15380	slbblc1	Calyptorhynchus latirostris	Carnaby's Black-Cockatoo	1
13541	76016	15382	polpar1	Barnardius zonarius	Australian Ringneck	1
15932	76123	20769	railor5	Trichoglossus moluccanus	Rainbow Lorikeet	1
15936	76241	20782	slbblc1	Calyptorhynchus latirostris	Carnaby's Black-Cockatoo	1
15937	41778	20783	redwat1	Anthochaera carunculata	Red Wattlebird	1
15939	42967	20789	sinhon1	Gavicalis virescens	Singing Honeyeater	1
15940	42967	20789	brohon1	Lichmera indistincta	Brown Honeyeater	1
15941	41603	20790	ausrav1	Corvus coronoides	Australian Raven	1
15942	41603	20790	redwat1	Anthochaera carunculata	Red Wattlebird	1
15943	41603	20790	brohon1	Lichmera indistincta	Brown Honeyeater	1
15944	41597	20791	polpar1	Barnardius zonarius	Australian Ringneck	1
15945	41597	20791	brohon1	Lichmera indistincta	Brown Honeyeater	1
16114	76109	21055	railor5	Trichoglossus moluccanus	Rainbow Lorikeet	1
16115	42781	21056	ausrav1	Corvus coronoides	Australian Raven	1
16117	42668	21063	brohon1	Lichmera indistincta	Brown Honeyeater	1
16118	42767	21065	brohon1	Lichmera indistincta	Brown Honeyeater	1
16120	42553	21068	ausrav1	Corvus coronoides	Australian Raven	1
16180	41788	21128	brohon1	Lichmera indistincta	Brown Honeyeater	1
16182	42482	21133	brohon1	Lichmera indistincta	Brown Honeyeater	1
15933	75668	20770	sinhon1	Gavicalis virescens	Singing Honeyeater	1
15946	42600	20794	sinhon1	Gavicalis virescens	Singing Honeyeater	1
16113	75557	21053	golwhi1	Pachycephala pectoralis	Golden Whistler	1
16119	42643	21067	splfai1	Malurus splendens	Splendid Fairywren	1
16177	42717	21125	brohon1	Lichmera indistincta	Brown Honeyeater	1
15934	75892	20771	slbblc1	Calyptorhynchus latirostris	Carnaby's Black-Cockatoo	1
15935	76060	20777	galah	Eolophus roseicapilla	Galah	1
16116	41610	21058	nehhon2	Phylidonyris novaehollandiae	New Holland Honeyeater	1
16173	42894	21120	brohon1	Lichmera indistincta	Brown Honeyeater	1
16174	42894	21120	ausrav1	Corvus coronoides	Australian Raven	1
35853	75278	35758	laukoo1	Dacelo novaeguineae	Laughing Kookaburra	1
35854	75278	35758	ausrav1	Corvus coronoides	Australian Raven	1
35857	75795	35762	ausrav1	Corvus coronoides	Australian Raven	1
35858	75396	35763	redwat1	Anthochaera carunculata	Red Wattlebird	1
35869	75336	35808	souboo8	Ninox boobook	Southern Boobook	1
35873	75352	35815	polpar1	Barnardius zonarius	Australian Ringneck	1
35882	75437	35832	sinhon1	Gavicalis virescens	Singing Honeyeater	1
35887	76091	35856	galah	Eolophus roseicapilla	Galah	1
35889	76116	35861	rufwhi1	Pachycephala rufiventris	Rufous Whistler	1
36025	41889	36071	laukoo1	Dacelo novaeguineae	Laughing Kookaburra	1
36024	42441	36070	polpar1	Barnardius zonarius	Australian Ringneck	1
36026	41889	36071	yertho1	Acanthiza chrysorrhoa	Yellow-rumped Thornbill	1
35836	41856	35718	polpar1	Barnardius zonarius	Australian Ringneck	1
35837	42272	35719	brohon1	Lichmera indistincta	Brown Honeyeater	1
35840	76115	35728	rufwhi1	Pachycephala rufiventris	Rufous Whistler	1
35841	76157	35729	railor5	Trichoglossus moluccanus	Rainbow Lorikeet	1
35845	75521	35736	laukoo1	Dacelo novaeguineae	Laughing Kookaburra	1
35849	41596	35742	galah	Eolophus roseicapilla	Galah	1
35850	42247	35743	laukoo1	Dacelo novaeguineae	Laughing Kookaburra	1
35851	41622	35745	ausrav1	Corvus coronoides	Australian Raven	1
35852	42029	35746	ausmag2	Gymnorhina tibicen	Australian Magpie	1
35872	75772	35813	ausrav1	Corvus coronoides	Australian Raven	1
35870	75317	35809	polpar1	Barnardius zonarius	Australian Ringneck	1
35871	75664	35812	ausrav1	Corvus coronoides	Australian Raven	1
35874	76009	35816	fatcuc1	Cacomantis flabelliformis	Fan-tailed Cuckoo	1
35883	76425	35838	ausrav1	Corvus coronoides	Australian Raven	1
35834	76130	35716	ausrav1	Corvus coronoides	Australian Raven	1
35835	42970	35717	splfai1	Malurus splendens	Splendid Fairywren	1
35838	42881	35724	brohon1	Lichmera indistincta	Brown Honeyeater	1
35839	42506	35727	souboo8	Ninox boobook	Southern Boobook	1
35842	41813	35730	brohon1	Lichmera indistincta	Brown Honeyeater	1
35843	41936	35735	litwat1	Anthochaera lunulata	Western Wattlebird	1
35856	76181	35761	ausrav1	Corvus coronoides	Australian Raven	1
35846	41581	35737	combro1	Phaps chalcoptera	Common Bronzewing	1
35847	41581	35737	ausrav1	Corvus coronoides	Australian Raven	1
35848	41581	35737	brohon1	Lichmera indistincta	Brown Honeyeater	1
35855	75504	35760	rtbcoc1	Calyptorhynchus banksii	Red-tailed Black-Cockatoo	1
35859	75462	35790	rtbcoc1	Calyptorhynchus banksii	Red-tailed Black-Cockatoo	1
35860	76156	35793	polpar1	Barnardius zonarius	Australian Ringneck	1
35861	75928	35794	souboo8	Ninox boobook	Southern Boobook	1
35863	75973	35802	railor5	Trichoglossus moluccanus	Rainbow Lorikeet	1
35884	75727	35839	silver3	Zosterops lateralis	Silvereye	1
35879	76028	35826	rtbcoc1	Calyptorhynchus banksii	Red-tailed Black-Cockatoo	1
35866	76131	35804	redwat1	Anthochaera carunculata	Red Wattlebird	1
35867	76131	35804	rtbcoc1	Calyptorhynchus banksii	Red-tailed Black-Cockatoo	1
35868	76131	35804	sinhon1	Gavicalis virescens	Singing Honeyeater	1
35875	76025	35823	rtbcoc1	Calyptorhynchus banksii	Red-tailed Black-Cockatoo	1
35876	76025	35823	redwat1	Anthochaera carunculata	Red Wattlebird	1
35877	76270	35824	slbblc1	Calyptorhynchus latirostris	Carnaby's Black-Cockatoo	1
35880	75384	35827	ausrav1	Corvus coronoides	Australian Raven	1
35881	75760	35828	polpar1	Barnardius zonarius	Australian Ringneck	1
35885	75407	35845	fatcuc1	Cacomantis flabelliformis	Fan-tailed Cuckoo	1
35886	75927	35847	souboo8	Ninox boobook	Southern Boobook	1
35888	76305	35857	sinhon1	Gavicalis virescens	Singing Honeyeater	1
35890	75856	35871	nehhon2	Phylidonyris novaehollandiae	New Holland Honeyeater	1
36027	42358	36073	ausrav1	Corvus coronoides	Australian Raven	1
