species_annotation_id	recording_id	annotation_id	species_code	scientific_name	common_name	occurrence
12177	111889	13250	puteup1	Euphonia chlorotica	Purple-throated Euphonia	1
12178	112605	13252	rufnig1	Antrostomus rufus	Rufous Nightjar	1
12183	111099	13278	puteup1	Euphonia chlorotica	Purple-throated Euphonia	1
12194	112108	13340	trsowl	Megascops choliba	Tropical Screech-Owl	1
12196	113216	13343	trsowl	Megascops choliba	Tropical Screech-Owl	1
12179	113115	13260	rufnig1	Antrostomus rufus	Rufous Nightjar	1
12180	113154	13261	blbman1	Chiroxiphia pareola	Blue-backed Manakin	1
12181	111968	13263	compau	Nyctidromus albicollis	Common Pauraque	1
12182	111570	13266	puteup1	Euphonia chlorotica	Purple-throated Euphonia	1
12184	110070	13287	yebfly1	Tolmomyias flaviventris	Yellow-breasted Flycatcher	1
12185	110723	13290	blctro1	Trogon curucui	Blue-crowned Trogon	1
12186	110694	13302	blbman1	Chiroxiphia pareola	Blue-backed Manakin	1
12187	110844	13306	puteup1	Euphonia chlorotica	Purple-throated Euphonia	1
12188	113062	13309	soucar1	Caracara plancus	Southern Caracara	1
12189	111951	13315	compau	Nyctidromus albicollis	Common Pauraque	1
12190	112791	13322	compot1	Nyctibius griseus	Common Potoo	1
12191	111775	13331	yebfly1	Tolmomyias flaviventris	Yellow-breasted Flycatcher	1
12192	110275	13333	rufnig1	Antrostomus rufus	Rufous Nightjar	1
12193	111211	13336	yebfly1	Tolmomyias flaviventris	Yellow-breasted Flycatcher	1
12195	111545	13341	yebfly1	Tolmomyias flaviventris	Yellow-breasted Flycatcher	1
12197	110591	13345	puteup1	Euphonia chlorotica	Purple-throated Euphonia	1
12198	112890	13361	grekis	Pitangus sulphuratus	Great Kiskadee	1
12199	111706	13377	puteup1	Euphonia chlorotica	Purple-throated Euphonia	1
34121	112961	32388	yebfly1	Tolmomyias flaviventris	Yellow-breasted Flycatcher	1
34119	111050	32377	trsowl	Megascops choliba	Tropical Screech-Owl	1
34122	112961	32388	puteup1	Euphonia chlorotica	Purple-throated Euphonia	1
34151	112756	32491	chivir1	Vireo chivi	Chivi Vireo	1
34148	112635	32482	rufnig1	Antrostomus rufus	Rufous Nightjar	1
34149	111049	32484	trsowl	Megascops choliba	Tropical Screech-Owl	1
34154	112763	32495	compau	Nyctidromus albicollis	Common Pauraque	1
34156	110144	32509	yebfly1	Tolmomyias flaviventris	Yellow-breasted Flycatcher	1
34158	110406	32514	yebfly1	Tolmomyias flaviventris	Yellow-breasted Flycatcher	1
34161	110637	32522	sofspi1	Synallaxis frontalis	Sooty-fronted Spinetail	1
34164	112249	32527	ochpic1	Picumnus limae	Ochraceous Piculet	1
34167	110171	32533	puteup1	Euphonia chlorotica	Purple-throated Euphonia	1
34172	111301	32549	yebfly1	Tolmomyias flaviventris	Yellow-breasted Flycatcher	1
34173	111108	32555	puteup1	Euphonia chlorotica	Purple-throated Euphonia	1
34174	113084	32560	yebfly1	Tolmomyias flaviventris	Yellow-breasted Flycatcher	1
34177	111568	32571	rufnig1	Antrostomus rufus	Rufous Nightjar	1
34181	110226	32579	paltan1	Thraupis palmarum	Palm Tanager	1
34188	110716	32604	blbman1	Chiroxiphia pareola	Blue-backed Manakin	1
34192	111209	32614	yebfly1	Tolmomyias flaviventris	Yellow-breasted Flycatcher	1
34199	110009	32644	blbman1	Chiroxiphia pareola	Blue-backed Manakin	1
34205	112519	32670	yebfly1	Tolmomyias flaviventris	Yellow-breasted Flycatcher	1
34206	112859	32671	trsowl	Megascops choliba	Tropical Screech-Owl	1
34130	111817	32409	puteup1	Euphonia chlorotica	Purple-throated Euphonia	1
34126	112020	32403	trsowl	Megascops choliba	Tropical Screech-Owl	1
34127	111830	32406	yebfly1	Tolmomyias flaviventris	Yellow-breasted Flycatcher	1
34137	110840	32427	banana	Coereba flaveola	Bananaquit	1
34139	112675	32452	puteup1	Euphonia chlorotica	Purple-throated Euphonia	1
34141	112252	32462	paltan1	Thraupis palmarum	Palm Tanager	1
34143	109948	32464	chivir1	Vireo chivi	Chivi Vireo	1
34147	111151	32480	yebfly1	Tolmomyias flaviventris	Yellow-breasted Flycatcher	1
34150	112585	32490	banana	Coereba flaveola	Bananaquit	1
34153	110590	32494	puteup1	Euphonia chlorotica	Purple-throated Euphonia	1
34157	111845	32510	sofspi1	Synallaxis frontalis	Sooty-fronted Spinetail	1
34168	109857	32534	yebfly1	Tolmomyias flaviventris	Yellow-breasted Flycatcher	1
34169	112784	32536	compot1	Nyctibius griseus	Common Potoo	1
34170	112444	32541	compot1	Nyctibius griseus	Common Potoo	1
34176	109904	32564	yebfly1	Tolmomyias flaviventris	Yellow-breasted Flycatcher	1
34185	113093	32589	chivir1	Vireo chivi	Chivi Vireo	1
34195	112344	32622	blbman1	Chiroxiphia pareola	Blue-backed Manakin	1
34200	111876	32647	puteup1	Euphonia chlorotica	Purple-throated Euphonia	1
34201	111166	32649	blbman1	Chiroxiphia pareola	Blue-backed Manakin	1
34203	111017	32664	yeofly1	Tolmomyias sulphurescens	Yellow-olive Flycatcher	1
34209	112844	32680	blbman1	Chiroxiphia pareola	Blue-backed Manakin	1
34118	112959	32372	puteup1	Euphonia chlorotica	Purple-throated Euphonia	1
34131	113086	32410	rufnig1	Antrostomus rufus	Rufous Nightjar	1
34135	111719	32422	trsowl	Megascops choliba	Tropical Screech-Owl	1
34133	109851	32414	trsowl	Megascops choliba	Tropical Screech-Owl	1
34136	110448	32425	yebfly1	Tolmomyias flaviventris	Yellow-breasted Flycatcher	1
34138	112710	32434	chivir1	Vireo chivi	Chivi Vireo	1
34145	113000	32468	compot1	Nyctibius griseus	Common Potoo	1
34146	110289	32475	yebfly1	Tolmomyias flaviventris	Yellow-breasted Flycatcher	1
34152	113228	32493	yebfly1	Tolmomyias flaviventris	Yellow-breasted Flycatcher	1
34155	112594	32501	sofspi1	Synallaxis frontalis	Sooty-fronted Spinetail	1
34159	112576	32518	paltan1	Thraupis palmarum	Palm Tanager	1
34163	111806	32526	trsowl	Megascops choliba	Tropical Screech-Owl	1
34171	111741	32546	trsowl	Megascops choliba	Tropical Screech-Owl	1
34175	111580	32563	yebfly1	Tolmomyias flaviventris	Yellow-breasted Flycatcher	1
34178	110216	32573	yebfly1	Tolmomyias flaviventris	Yellow-breasted Flycatcher	1
34182	111046	32580	compau	Nyctidromus albicollis	Common Pauraque	1
34184	111270	32588	yebfly1	Tolmomyias flaviventris	Yellow-breasted Flycatcher	1
34186	111592	32591	puteup1	Euphonia chlorotica	Purple-throated Euphonia	1
34187	113027	32601	puteup1	Euphonia chlorotica	Purple-throated Euphonia	1
34189	111832	32605	yebfly1	Tolmomyias flaviventris	Yellow-breasted Flycatcher	1
34190	113235	32609	blctro1	Trogon curucui	Blue-crowned Trogon	1
34191	110227	32612	puteup1	Euphonia chlorotica	Purple-throated Euphonia	1
34207	111070	32673	chivir1	Vireo chivi	Chivi Vireo	1
34208	112680	32677	blbman1	Chiroxiphia pareola	Blue-backed Manakin	1
34210	112304	32681	compot1	Nyctibius griseus	Common Potoo	1
34125	111088	32394	trsowl	Megascops choliba	Tropical Screech-Owl	1
34129	110639	32408	sofspi1	Synallaxis frontalis	Sooty-fronted Spinetail	1
34132	111331	32411	puteup1	Euphonia chlorotica	Purple-throated Euphonia	1
34134	112227	32417	compot1	Nyctibius griseus	Common Potoo	1
34140	111436	32457	puteup1	Euphonia chlorotica	Purple-throated Euphonia	1
34142	113196	32463	blbman1	Chiroxiphia pareola	Blue-backed Manakin	1
34144	113067	32467	blbman1	Chiroxiphia pareola	Blue-backed Manakin	1
34160	113190	32519	puteup1	Euphonia chlorotica	Purple-throated Euphonia	1
34162	111236	32523	yebfly1	Tolmomyias flaviventris	Yellow-breasted Flycatcher	1
34165	110039	32530	socfly1	Myiozetetes similis	Social Flycatcher	1
34166	110654	32532	puteup1	Euphonia chlorotica	Purple-throated Euphonia	1
34179	112179	32574	rufnig1	Antrostomus rufus	Rufous Nightjar	1
34180	109901	32576	puteup1	Euphonia chlorotica	Purple-throated Euphonia	1
34183	113090	32584	chivir1	Vireo chivi	Chivi Vireo	1
34193	110897	32620	chivir1	Vireo chivi	Chivi Vireo	1
34194	113040	32621	chivir1	Vireo chivi	Chivi Vireo	1
34196	110228	32629	rufnig1	Antrostomus rufus	Rufous Nightjar	1
34197	112134	32640	ochpic1	Picumnus limae	Ochraceous Piculet	1
34198	111435	32642	yebfly1	Tolmomyias flaviventris	Yellow-breasted Flycatcher	1
34202	111250	32656	ochpic1	Picumnus limae	Ochraceous Piculet	1
34204	113232	32669	blbman1	Chiroxiphia pareola	Blue-backed Manakin	1
35536	112545	34775	yebfly1	Tolmomyias flaviventris	Yellow-breasted Flycatcher	1
35543	111816	34782	puteup1	Euphonia chlorotica	Purple-throated Euphonia	1
35545	111274	34791	ochpic1	Picumnus limae	Ochraceous Piculet	1
35550	112511	34809	yebfly1	Tolmomyias flaviventris	Yellow-breasted Flycatcher	1
35551	110430	34817	sofspi1	Synallaxis frontalis	Sooty-fronted Spinetail	1
35553	112319	34822	yebfly1	Tolmomyias flaviventris	Yellow-breasted Flycatcher	1
35559	110974	34835	blbman1	Chiroxiphia pareola	Blue-backed Manakin	1
35565	111555	34865	sobtyr1	Camptostoma obsoletum	Southern Beardless-Tyrannulet	1
35566	111555	34865	blbman1	Chiroxiphia pareola	Blue-backed Manakin	1
35567	111555	34865	banana	Coereba flaveola	Bananaquit	1
35571	112712	34883	puteup1	Euphonia chlorotica	Purple-throated Euphonia	1
35582	111628	34921	chivir1	Vireo chivi	Chivi Vireo	1
35583	111628	34921	sobcac1	Cacicus solitarius	Solitary Black Cacique	1
35588	111524	34932	blbman1	Chiroxiphia pareola	Blue-backed Manakin	1
35589	111849	34934	ochpic1	Picumnus limae	Ochraceous Piculet	1
35593	111811	34936	sobtyr1	Camptostoma obsoletum	Southern Beardless-Tyrannulet	1
35594	111811	34936	blbman1	Chiroxiphia pareola	Blue-backed Manakin	1
35595	109971	34939	trsowl	Megascops choliba	Tropical Screech-Owl	1
35598	110065	34949	blbman1	Chiroxiphia pareola	Blue-backed Manakin	1
35608	112076	34977	paltan1	Thraupis palmarum	Palm Tanager	1
35613	111187	34986	compau	Nyctidromus albicollis	Common Pauraque	1
35618	112542	34996	puteup1	Euphonia chlorotica	Purple-throated Euphonia	1
35619	112542	34996	yebfly1	Tolmomyias flaviventris	Yellow-breasted Flycatcher	1
35620	109932	35001	blbman1	Chiroxiphia pareola	Blue-backed Manakin	1
35621	109932	35001	sobtyr1	Camptostoma obsoletum	Southern Beardless-Tyrannulet	1
35622	109932	35001	yebfly1	Tolmomyias flaviventris	Yellow-breasted Flycatcher	1
35623	109932	35001	banana	Coereba flaveola	Bananaquit	1
35636	112487	35148	blbman1	Chiroxiphia pareola	Blue-backed Manakin	1
35637	112487	35148	banana	Coereba flaveola	Bananaquit	1
35639	110567	35164	puteup1	Euphonia chlorotica	Purple-throated Euphonia	1
35645	111367	35216	blbman1	Chiroxiphia pareola	Blue-backed Manakin	1
35647	113013	35230	chivir1	Vireo chivi	Chivi Vireo	1
35656	110399	35263	yebfly1	Tolmomyias flaviventris	Yellow-breasted Flycatcher	1
35668	110703	35310	blctro1	Trogon curucui	Blue-crowned Trogon	1
35714	109876	35418	puteup1	Euphonia chlorotica	Purple-throated Euphonia	1
35718	112681	35423	puteup1	Euphonia chlorotica	Purple-throated Euphonia	1
35727	112355	35462	trsowl	Megascops choliba	Tropical Screech-Owl	1
35730	111851	35482	banana	Coereba flaveola	Bananaquit	1
35745	113217	35541	trsowl	Megascops choliba	Tropical Screech-Owl	1
35738	111582	35514	yebfly1	Tolmomyias flaviventris	Yellow-breasted Flycatcher	1
35743	110461	35525	rufnig1	Antrostomus rufus	Rufous Nightjar	1
35750	112980	35556	yebela1	Elaenia flavogaster	Yellow-bellied Elaenia	1
35752	110257	35564	banana	Coereba flaveola	Bananaquit	1
35758	110240	35587	puteup1	Euphonia chlorotica	Purple-throated Euphonia	1
35759	110240	35587	yebfly1	Tolmomyias flaviventris	Yellow-breasted Flycatcher	1
35762	112486	35590	blbman1	Chiroxiphia pareola	Blue-backed Manakin	1
35766	111637	35602	sobtyr1	Camptostoma obsoletum	Southern Beardless-Tyrannulet	1
35767	111637	35602	yebfly1	Tolmomyias flaviventris	Yellow-breasted Flycatcher	1
35768	111637	35602	chivir1	Vireo chivi	Chivi Vireo	1
35771	111848	35607	banana	Coereba flaveola	Bananaquit	1
35772	111848	35607	sofspi1	Synallaxis frontalis	Sooty-fronted Spinetail	1
35782	111225	35633	blbman1	Chiroxiphia pareola	Blue-backed Manakin	1
35537	110915	34776	compot1	Nyctibius griseus	Common Potoo	1
35538	111907	34778	puteup1	Euphonia chlorotica	Purple-throated Euphonia	1
35539	111907	34778	sobtyr1	Camptostoma obsoletum	Southern Beardless-Tyrannulet	1
35540	111907	34778	blbman1	Chiroxiphia pareola	Blue-backed Manakin	1
35541	112953	34779	banana	Coereba flaveola	Bananaquit	1
35547	112278	34798	compot1	Nyctibius griseus	Common Potoo	1
35554	112546	34826	sofspi1	Synallaxis frontalis	Sooty-fronted Spinetail	1
35573	112476	34898	blbman1	Chiroxiphia pareola	Blue-backed Manakin	1
35577	110960	34912	blbman1	Chiroxiphia pareola	Blue-backed Manakin	1
35578	112582	34914	blbman1	Chiroxiphia pareola	Blue-backed Manakin	1
35579	112582	34914	yebfly1	Tolmomyias flaviventris	Yellow-breasted Flycatcher	1
35586	111350	34926	puteup1	Euphonia chlorotica	Purple-throated Euphonia	1
35596	112821	34945	paltan1	Thraupis palmarum	Palm Tanager	1
35597	110912	34947	sobtyr1	Camptostoma obsoletum	Southern Beardless-Tyrannulet	1
35599	112599	34950	puteup1	Euphonia chlorotica	Purple-throated Euphonia	1
35600	112599	34950	yebfly1	Tolmomyias flaviventris	Yellow-breasted Flycatcher	1
35603	110407	34955	yebfly1	Tolmomyias flaviventris	Yellow-breasted Flycatcher	1
35604	110010	34961	blbman1	Chiroxiphia pareola	Blue-backed Manakin	1
35607	110812	34973	sofspi1	Synallaxis frontalis	Sooty-fronted Spinetail	1
35612	112416	34985	compot1	Nyctibius griseus	Common Potoo	1
35641	112394	35188	yebfly1	Tolmomyias flaviventris	Yellow-breasted Flycatcher	1
35642	111536	35199	compau	Nyctidromus albicollis	Common Pauraque	1
35649	112324	35235	blbman1	Chiroxiphia pareola	Blue-backed Manakin	1
35652	111115	35252	sobtyr1	Camptostoma obsoletum	Southern Beardless-Tyrannulet	1
35653	111119	35255	sobcac1	Cacicus solitarius	Solitary Black Cacique	1
35654	111119	35255	puteup1	Euphonia chlorotica	Purple-throated Euphonia	1
35658	111009	35287	banana	Coereba flaveola	Bananaquit	1
35659	111009	35287	blbman1	Chiroxiphia pareola	Blue-backed Manakin	1
35661	111818	35292	yebfly1	Tolmomyias flaviventris	Yellow-breasted Flycatcher	1
35664	110851	35299	blbman1	Chiroxiphia pareola	Blue-backed Manakin	1
35669	112620	35313	yebfly1	Tolmomyias flaviventris	Yellow-breasted Flycatcher	1
35670	109874	35314	rufnig1	Antrostomus rufus	Rufous Nightjar	1
35676	110306	35337	sofspi1	Synallaxis frontalis	Sooty-fronted Spinetail	1
35678	111423	35339	yebfly1	Tolmomyias flaviventris	Yellow-breasted Flycatcher	1
35713	110667	35413	rufnig1	Antrostomus rufus	Rufous Nightjar	1
35715	110604	35419	banana	Coereba flaveola	Bananaquit	1
35716	110604	35419	paltan1	Thraupis palmarum	Palm Tanager	1
35723	111281	35435	yebfly1	Tolmomyias flaviventris	Yellow-breasted Flycatcher	1
35726	110256	35457	squcuc1	Piaya cayana	Squirrel Cuckoo	1
35731	109875	35487	rufnig1	Antrostomus rufus	Rufous Nightjar	1
35733	111219	35494	yebfly1	Tolmomyias flaviventris	Yellow-breasted Flycatcher	1
35744	111486	35538	compau	Nyctidromus albicollis	Common Pauraque	1
35739	112141	35518	yebfly1	Tolmomyias flaviventris	Yellow-breasted Flycatcher	1
35740	112141	35518	sobtyr1	Camptostoma obsoletum	Southern Beardless-Tyrannulet	1
35742	112760	35524	rufnig1	Antrostomus rufus	Rufous Nightjar	1
35746	110695	35547	blbman1	Chiroxiphia pareola	Blue-backed Manakin	1
35747	110695	35547	banana	Coereba flaveola	Bananaquit	1
35749	112554	35552	sofspi1	Synallaxis frontalis	Sooty-fronted Spinetail	1
35755	111608	35577	banana	Coereba flaveola	Bananaquit	1
35760	113111	35588	banana	Coereba flaveola	Bananaquit	1
35761	113111	35588	sobtyr1	Camptostoma obsoletum	Southern Beardless-Tyrannulet	1
35764	110982	35595	blbman1	Chiroxiphia pareola	Blue-backed Manakin	1
35765	112547	35598	sofspi1	Synallaxis frontalis	Sooty-fronted Spinetail	1
35769	112930	35605	sobtyr1	Camptostoma obsoletum	Southern Beardless-Tyrannulet	1
35770	112930	35605	banana	Coereba flaveola	Bananaquit	1
35778	112928	35624	trsowl	Megascops choliba	Tropical Screech-Owl	1
35781	110023	35632	trsowl	Megascops choliba	Tropical Screech-Owl	1
35534	112560	34773	sofspi1	Synallaxis frontalis	Sooty-fronted Spinetail	1
35535	112560	34773	banana	Coereba flaveola	Bananaquit	1
35542	110429	34781	puteup1	Euphonia chlorotica	Purple-throated Euphonia	1
35544	111871	34783	banana	Coereba flaveola	Bananaquit	1
35546	113113	34796	banana	Coereba flaveola	Bananaquit	1
35548	111304	34799	puteup1	Euphonia chlorotica	Purple-throated Euphonia	1
35549	111016	34800	rufnig1	Antrostomus rufus	Rufous Nightjar	1
35552	112990	34821	yebfly1	Tolmomyias flaviventris	Yellow-breasted Flycatcher	1
35555	110253	34827	puteup1	Euphonia chlorotica	Purple-throated Euphonia	1
35556	112411	34830	puteup1	Euphonia chlorotica	Purple-throated Euphonia	1
35557	113172	34832	blbman1	Chiroxiphia pareola	Blue-backed Manakin	1
35558	113172	34832	yebfly1	Tolmomyias flaviventris	Yellow-breasted Flycatcher	1
35560	112574	34836	blbman1	Chiroxiphia pareola	Blue-backed Manakin	1
35561	110700	34837	banana	Coereba flaveola	Bananaquit	1
35562	110136	34845	blbman1	Chiroxiphia pareola	Blue-backed Manakin	1
35563	110492	34847	specha2	Ortalis araucuan	East Brazilian Chachalaca	1
35564	110492	34847	yebfly1	Tolmomyias flaviventris	Yellow-breasted Flycatcher	1
35568	112847	34873	coffal1	Micrastur semitorquatus	Collared Forest-Falcon	1
35570	113200	34882	ochpic1	Picumnus limae	Ochraceous Piculet	1
35572	109886	34887	yebfly1	Tolmomyias flaviventris	Yellow-breasted Flycatcher	1
35575	111129	34903	sobtyr1	Camptostoma obsoletum	Southern Beardless-Tyrannulet	1
35576	111105	34905	ochpic1	Picumnus limae	Ochraceous Piculet	1
35580	111005	34915	blbman1	Chiroxiphia pareola	Blue-backed Manakin	1
35581	109911	34920	rufnig1	Antrostomus rufus	Rufous Nightjar	1
35584	109914	34922	blbman1	Chiroxiphia pareola	Blue-backed Manakin	1
35585	110301	34923	blbman1	Chiroxiphia pareola	Blue-backed Manakin	1
35587	110167	34927	yebfly1	Tolmomyias flaviventris	Yellow-breasted Flycatcher	1
35590	110781	34935	blbman1	Chiroxiphia pareola	Blue-backed Manakin	1
35591	110781	34935	chivir1	Vireo chivi	Chivi Vireo	1
35592	110781	34935	banana	Coereba flaveola	Bananaquit	1
35601	110225	34951	paltan1	Thraupis palmarum	Palm Tanager	1
35602	110337	34952	paltan1	Thraupis palmarum	Palm Tanager	1
35605	111425	34962	yebfly1	Tolmomyias flaviventris	Yellow-breasted Flycatcher	1
35606	111124	34963	puteup1	Euphonia chlorotica	Purple-throated Euphonia	1
35609	111723	34978	yebfly1	Tolmomyias flaviventris	Yellow-breasted Flycatcher	1
35610	110871	34981	banana	Coereba flaveola	Bananaquit	1
35611	111892	34983	sofspi1	Synallaxis frontalis	Sooty-fronted Spinetail	1
35614	110212	34988	blbman1	Chiroxiphia pareola	Blue-backed Manakin	1
35615	110212	34988	yebfly1	Tolmomyias flaviventris	Yellow-breasted Flycatcher	1
35616	112522	34993	blbman1	Chiroxiphia pareola	Blue-backed Manakin	1
35617	112522	34993	banana	Coereba flaveola	Bananaquit	1
35630	111181	35137	compot1	Nyctibius griseus	Common Potoo	1
35631	110514	35138	trsowl	Megascops choliba	Tropical Screech-Owl	1
35632	112270	35139	blbman1	Chiroxiphia pareola	Blue-backed Manakin	1
35633	113043	35141	yebfly1	Tolmomyias flaviventris	Yellow-breasted Flycatcher	1
35634	111660	35147	yebfly1	Tolmomyias flaviventris	Yellow-breasted Flycatcher	1
35635	111660	35147	blbman1	Chiroxiphia pareola	Blue-backed Manakin	1
35638	112323	35150	yebfly1	Tolmomyias flaviventris	Yellow-breasted Flycatcher	1
35640	112214	35179	blbman1	Chiroxiphia pareola	Blue-backed Manakin	1
35643	110653	35207	sofspi1	Synallaxis frontalis	Sooty-fronted Spinetail	1
35644	110653	35207	yebfly1	Tolmomyias flaviventris	Yellow-breasted Flycatcher	1
35646	111205	35219	rufnig1	Antrostomus rufus	Rufous Nightjar	1
35648	112348	35231	blbman1	Chiroxiphia pareola	Blue-backed Manakin	1
35650	111616	35241	blctro1	Trogon curucui	Blue-crowned Trogon	1
35651	111616	35241	puteup1	Euphonia chlorotica	Purple-throated Euphonia	1
35655	112916	35257	yebfly1	Tolmomyias flaviventris	Yellow-breasted Flycatcher	1
35657	110450	35286	paltan1	Thraupis palmarum	Palm Tanager	1
35660	111517	35291	yebfly1	Tolmomyias flaviventris	Yellow-breasted Flycatcher	1
35662	110937	35296	roahaw	Rupornis magnirostris	Roadside Hawk	1
35663	112671	35298	paltan1	Thraupis palmarum	Palm Tanager	1
35665	111528	35304	roahaw	Rupornis magnirostris	Roadside Hawk	1
35666	112593	35309	sofspi1	Synallaxis frontalis	Sooty-fronted Spinetail	1
35667	112593	35309	blbman1	Chiroxiphia pareola	Blue-backed Manakin	1
35671	111085	35316	sobtyr1	Camptostoma obsoletum	Southern Beardless-Tyrannulet	1
35672	111085	35316	puteup1	Euphonia chlorotica	Purple-throated Euphonia	1
35673	113191	35326	yebfly1	Tolmomyias flaviventris	Yellow-breasted Flycatcher	1
35674	111509	35330	yebfly1	Tolmomyias flaviventris	Yellow-breasted Flycatcher	1
35675	111509	35330	banana	Coereba flaveola	Bananaquit	1
35677	111914	35338	puteup1	Euphonia chlorotica	Purple-throated Euphonia	1
35679	111302	35342	banana	Coereba flaveola	Bananaquit	1
35680	111302	35342	yebfly1	Tolmomyias flaviventris	Yellow-breasted Flycatcher	1
35681	111302	35342	blbman1	Chiroxiphia pareola	Blue-backed Manakin	1
35682	111302	35342	sobtyr1	Camptostoma obsoletum	Southern Beardless-Tyrannulet	1
35711	110660	35348	trsowl	Megascops choliba	Tropical Screech-Owl	1
35712	111305	35408	puteup1	Euphonia chlorotica	Purple-throated Euphonia	1
35717	113173	35422	compot1	Nyctibius griseus	Common Potoo	1
35719	110855	35426	puteup1	Euphonia chlorotica	Purple-throated Euphonia	1
35720	110855	35426	banana	Coereba flaveola	Bananaquit	1
35721	111576	35427	yebfly1	Tolmomyias flaviventris	Yellow-breasted Flycatcher	1
35722	112180	35428	rufnig1	Antrostomus rufus	Rufous Nightjar	1
35724	112970	35447	blbman1	Chiroxiphia pareola	Blue-backed Manakin	1
35725	110803	35455	paltan1	Thraupis palmarum	Palm Tanager	1
35728	111569	35474	banana	Coereba flaveola	Bananaquit	1
35729	112330	35476	paltan1	Thraupis palmarum	Palm Tanager	1
35734	110959	35499	blbman1	Chiroxiphia pareola	Blue-backed Manakin	1
35736	113018	35501	sofspi1	Synallaxis frontalis	Sooty-fronted Spinetail	1
35737	112136	35506	compot1	Nyctibius griseus	Common Potoo	1
35741	109919	35523	squcuc1	Piaya cayana	Squirrel Cuckoo	1
35748	111073	35548	trsowl	Megascops choliba	Tropical Screech-Owl	1
35751	111544	35558	banana	Coereba flaveola	Bananaquit	1
35753	110105	35565	shthaw	Buteo brachyurus	Short-tailed Hawk	1
35754	111405	35573	blbman1	Chiroxiphia pareola	Blue-backed Manakin	1
35756	110764	35584	blbman1	Chiroxiphia pareola	Blue-backed Manakin	1
35757	110384	35586	yebfly1	Tolmomyias flaviventris	Yellow-breasted Flycatcher	1
35763	111955	35592	banana	Coereba flaveola	Bananaquit	1
35773	111864	35608	squcuc1	Piaya cayana	Squirrel Cuckoo	1
35774	113146	35612	blbman1	Chiroxiphia pareola	Blue-backed Manakin	1
35775	111220	35619	trsowl	Megascops choliba	Tropical Screech-Owl	1
35776	111320	35620	yebfly1	Tolmomyias flaviventris	Yellow-breasted Flycatcher	1
35777	110042	35621	yebfly1	Tolmomyias flaviventris	Yellow-breasted Flycatcher	1
35779	110861	35629	sofspi1	Synallaxis frontalis	Sooty-fronted Spinetail	1
35780	110861	35629	banana	Coereba flaveola	Bananaquit	1
35783	110825	35644	sofspi1	Synallaxis frontalis	Sooty-fronted Spinetail	1
