species_annotation_id	recording_id	annotation_id	species_code	scientific_name	common_name	occurrence
324	92333	360	comcha	Fringilla coelebs	Common Chaffinch	1
325	93016	361	norgos	Accipiter gentilis	Northern Goshawk	1
328	92451	365	redcro	Loxia curvirostra	Red Crossbill	1
330	92991	367	cretit2	Lophophanes cristatus	Crested Tit	1
331	92841	368	eurrob1	Erithacus rubecula	European Robin	1
334	92029	371	comcra	Grus grus	Common Crane	1
335	92313	372	redwin	Turdus iliacus	Redwing	1
339	84604	376	sonthr1	Turdus philomelos	Song Thrush	1
340	93080	377	comcha	Fringilla coelebs	Common Chaffinch	1
341	84327	378	eupfly1	Ficedula hypoleuca	European Pied Flycatcher	1
343	92791	381	wiltit1	Poecile montanus	Willow Tit	1
344	92866	383	wiltit1	Poecile montanus	Willow Tit	1
345	92419	384	hazgro1	Tetrastes bonasia	Hazel Grouse	1
350	82287	389	woowar	Phylloscopus sibilatrix	Wood Warbler	1
352	92497	391	eurtre1	Certhia familiaris	Eurasian Treecreeper	1
353	92665	392	hoocro1	Corvus cornix	Hooded Crow	1
355	84522	394	eurbla	Turdus merula	Eurasian Blackbird	1
400	84452	422	eurjay1	Garrulus glandarius	Eurasian Jay	1
402	84503	425	grswoo	Dendrocopos major	Great Spotted Woodpecker	1
403	84632	426	sonthr1	Turdus philomelos	Song Thrush	1
323	92524	359	redcro	Loxia curvirostra	Red Crossbill	1
326	85101	362	cohmar1	Delichon urbicum	Common House-Martin	1
327	92568	364	gretit1	Parus major	Great Tit	1
329	85210	366	cowpig1	Columba palumbus	Common Wood-Pigeon	1
332	84603	369	sonthr1	Turdus philomelos	Song Thrush	1
333	92689	370	grswoo	Dendrocopos major	Great Spotted Woodpecker	1
336	92592	373	combuz1	Buteo buteo	Common Buzzard	1
337	92566	374	eurtre1	Certhia familiaris	Eurasian Treecreeper	1
338	82359	375	trepip	Anthus trivialis	Tree Pipit	1
342	92378	379	redcro	Loxia curvirostra	Red Crossbill	1
346	92699	385	comcha	Fringilla coelebs	Common Chaffinch	1
347	92749	386	barswa	Hirundo rustica	Barn Swallow	1
348	93022	387	comcha	Fringilla coelebs	Common Chaffinch	1
349	92022	388	grswoo	Dendrocopos major	Great Spotted Woodpecker	1
351	93003	390	misthr1	Turdus viscivorus	Mistle Thrush	1
354	92245	393	grswoo	Dendrocopos major	Great Spotted Woodpecker	1
356	93135	395	coatit2	Periparus ater	Coal Tit	1
357	92581	396	gretit1	Parus major	Great Tit	1
358	84470	397	eurtre1	Certhia familiaris	Eurasian Treecreeper	1
401	84713	423	cretit2	Lophophanes cristatus	Crested Tit	1
