species_annotation_id	recording_id	annotation_id	species_code	scientific_name	common_name	occurrence
911	42977	917	brohon1	Lichmera indistincta	Brown Honeyeater	1
913	42778	918	brohon1	Lichmera indistincta	Brown Honeyeater	1
912	42778	918	polpar1	Barnardius zonarius	Australian Ringneck	1
1123	42275	1098	ausrav1	Corvus coronoides	Australian Raven	1
1124	42275	1098	brohon1	Lichmera indistincta	Brown Honeyeater	1
1125	41675	1099	brohon1	Lichmera indistincta	Brown Honeyeater	1
1132	41549	1104	brohon1	Lichmera indistincta	Brown Honeyeater	1
908	41973	915	brohon1	Lichmera indistincta	Brown Honeyeater	1
1117	42160	1093	brohon1	Lichmera indistincta	Brown Honeyeater	1
1118	42835	1094	brohon1	Lichmera indistincta	Brown Honeyeater	1
1126	41814	1100	redwat1	Anthochaera carunculata	Red Wattlebird	1
1127	41814	1100	brohon1	Lichmera indistincta	Brown Honeyeater	1
1129	42535	1102	splfai1	Malurus splendens	Splendid Fairywren	1
1130	42535	1102	brohon1	Lichmera indistincta	Brown Honeyeater	1
904	41954	913	souboo8	Ninox boobook	Southern Boobook	1
909	41518	916	brohon1	Lichmera indistincta	Brown Honeyeater	1
910	41518	916	galah	Eolophus roseicapilla	Galah	1
1119	42586	1095	bruwat1	Anthochaera chrysoptera	Little Wattlebird	1
1122	41510	1097	weebil1	Smicrornis brevirostris	Weebill	1
1128	42682	1101	brohon1	Lichmera indistincta	Brown Honeyeater	1
1133	42852	1105	golwhi1	Pachycephala pectoralis	Golden Whistler	1
4863	41595	5205	brohon1	Lichmera indistincta	Brown Honeyeater	1
12263	41974	13493	brohon1	Lichmera indistincta	Brown Honeyeater	1
12264	41974	13493	scarob2	Petroica boodang	Scarlet Robin	1
12258	41487	13487	brohon1	Lichmera indistincta	Brown Honeyeater	1
12259	42493	13488	souboo8	Ninox boobook	Southern Boobook	1
12267	42784	13496	grybut1	Cracticus torquatus	Gray Butcherbird	1
12268	42784	13496	weebil1	Smicrornis brevirostris	Weebill	1
12269	42124	13497	redwat1	Anthochaera carunculata	Red Wattlebird	1
12277	41463	13503	nehhon2	Phylidonyris novaehollandiae	New Holland Honeyeater	1
12278	42829	13504	brohon1	Lichmera indistincta	Brown Honeyeater	1
12284	42936	13507	brohon1	Lichmera indistincta	Brown Honeyeater	1
12512	41578	13734	brohon1	Lichmera indistincta	Brown Honeyeater	1
12507	42012	13730	shbcuc1	Chrysococcyx lucidus	Shining Bronze-Cuckoo	1
12508	42012	13730	brohon1	Lichmera indistincta	Brown Honeyeater	1
12510	42145	13732	weebil1	Smicrornis brevirostris	Weebill	1
12515	41457	13738	rufwhi1	Pachycephala rufiventris	Rufous Whistler	1
12516	41457	13738	ausrav1	Corvus coronoides	Australian Raven	1
12517	41457	13738	bruwat1	Anthochaera chrysoptera	Little Wattlebird	1
12519	42766	13740	brohon1	Lichmera indistincta	Brown Honeyeater	1
12520	42766	13740	ausrav1	Corvus coronoides	Australian Raven	1
12521	41980	13742	brohon1	Lichmera indistincta	Brown Honeyeater	1
12528	41999	13750	ausrav1	Corvus coronoides	Australian Raven	1
12529	42245	13751	brohon1	Lichmera indistincta	Brown Honeyeater	1
12524	42755	13746	brohon1	Lichmera indistincta	Brown Honeyeater	1
12525	42755	13746	wesspi1	Acanthorhynchus superciliosus	Western Spinebill	1
12526	42424	13747	ausrav1	Corvus coronoides	Australian Raven	1
12527	41447	13748	polpar1	Barnardius zonarius	Australian Ringneck	1
12530	42971	13752	brohon1	Lichmera indistincta	Brown Honeyeater	1
12531	42650	13753	brohon1	Lichmera indistincta	Brown Honeyeater	1
12532	41919	13754	weebil1	Smicrornis brevirostris	Weebill	1
12533	42027	13755	wesspi1	Acanthorhynchus superciliosus	Western Spinebill	1
12534	42027	13755	brohon1	Lichmera indistincta	Brown Honeyeater	1
12535	42495	13756	brohon1	Lichmera indistincta	Brown Honeyeater	1
12536	42199	13758	golwhi1	Pachycephala pectoralis	Golden Whistler	1
12537	42199	13758	brohon1	Lichmera indistincta	Brown Honeyeater	1
12538	41703	13759	brohon1	Lichmera indistincta	Brown Honeyeater	1
12539	42486	13760	brohon1	Lichmera indistincta	Brown Honeyeater	1
12553	42144	13771	whbscr1	Sericornis frontalis	White-browed Scrubwren	1
12554	42016	13772	brohon1	Lichmera indistincta	Brown Honeyeater	1
12555	42627	13774	brohon1	Lichmera indistincta	Brown Honeyeater	1
12556	42627	13774	ausrav1	Corvus coronoides	Australian Raven	1
12557	42894	13775	brohon1	Lichmera indistincta	Brown Honeyeater	1
12558	42894	13775	ausrav1	Corvus coronoides	Australian Raven	1
12559	42524	13776	weebil1	Smicrornis brevirostris	Weebill	1
12560	41892	13777	brohon1	Lichmera indistincta	Brown Honeyeater	1
12561	41892	13777	golwhi1	Pachycephala pectoralis	Golden Whistler	1
12562	41511	13778	brohon1	Lichmera indistincta	Brown Honeyeater	1
12563	41511	13778	ausrav1	Corvus coronoides	Australian Raven	1
12564	42885	13779	brohon1	Lichmera indistincta	Brown Honeyeater	1
12565	42266	13780	brohon1	Lichmera indistincta	Brown Honeyeater	1
12566	42266	13780	ausrav1	Corvus coronoides	Australian Raven	1
12250	41989	5206	brohon1	Lichmera indistincta	Brown Honeyeater	1
12251	76073	13482	rtbcoc1	Calyptorhynchus banksii	Red-tailed Black-Cockatoo	1
12252	76073	13482	redwat1	Anthochaera carunculata	Red Wattlebird	1
12253	75527	13483	ausmag2	Gymnorhina tibicen	Australian Magpie	1
12256	41922	13485	weebil1	Smicrornis brevirostris	Weebill	1
12257	41922	13485	brohon1	Lichmera indistincta	Brown Honeyeater	1
12260	41496	13490	ausrav1	Corvus coronoides	Australian Raven	1
12270	42064	13498	ausrav1	Corvus coronoides	Australian Raven	1
12262	41746	13491	weebil1	Smicrornis brevirostris	Weebill	1
12265	42541	13494	brohon1	Lichmera indistincta	Brown Honeyeater	1
12266	41886	13495	bruwat1	Anthochaera chrysoptera	Little Wattlebird	1
12271	42064	13498	brohon1	Lichmera indistincta	Brown Honeyeater	1
12272	42152	13500	splfai1	Malurus splendens	Splendid Fairywren	1
12273	42152	13500	brohon1	Lichmera indistincta	Brown Honeyeater	1
12274	42807	13501	weebil1	Smicrornis brevirostris	Weebill	1
12275	41739	13502	splfai1	Malurus splendens	Splendid Fairywren	1
12276	41739	13502	brohon1	Lichmera indistincta	Brown Honeyeater	1
12279	41753	13505	nehhon2	Phylidonyris novaehollandiae	New Holland Honeyeater	1
12287	41986	13509	brohon1	Lichmera indistincta	Brown Honeyeater	1
12282	42055	13506	grybut1	Cracticus torquatus	Gray Butcherbird	1
12283	42055	13506	brohon1	Lichmera indistincta	Brown Honeyeater	1
12285	42952	13508	polpar1	Barnardius zonarius	Australian Ringneck	1
12286	41986	13509	nehhon2	Phylidonyris novaehollandiae	New Holland Honeyeater	1
12570	42800	13783	ausmag2	Gymnorhina tibicen	Australian Magpie	1
12571	42800	13783	brohon1	Lichmera indistincta	Brown Honeyeater	1
12577	42925	13788	golwhi1	Pachycephala pectoralis	Golden Whistler	1
12592	41769	13798	scarob2	Petroica boodang	Scarlet Robin	1
12593	41769	13798	ausrav1	Corvus coronoides	Australian Raven	1
12594	41769	13798	brohon1	Lichmera indistincta	Brown Honeyeater	1
12595	42360	13800	brohon1	Lichmera indistincta	Brown Honeyeater	1
12596	42300	13801	brohon1	Lichmera indistincta	Brown Honeyeater	1
12601	42536	13804	silver3	Zosterops lateralis	Silvereye	1
12602	42536	13804	brohon1	Lichmera indistincta	Brown Honeyeater	1
12603	42580	13806	fatcuc1	Cacomantis flabelliformis	Fan-tailed Cuckoo	1
12608	42220	13810	brohon1	Lichmera indistincta	Brown Honeyeater	1
12609	42220	13810	ausrav1	Corvus coronoides	Australian Raven	1
12613	41693	13815	splfai1	Malurus splendens	Splendid Fairywren	1
12689	42149	13888	wesspi1	Acanthorhynchus superciliosus	Western Spinebill	1
12691	41900	13890	rufwhi1	Pachycephala rufiventris	Rufous Whistler	1
12692	41900	13890	brohon1	Lichmera indistincta	Brown Honeyeater	1
12569	41570	13782	wesspi1	Acanthorhynchus superciliosus	Western Spinebill	1
12572	42210	13784	souboo8	Ninox boobook	Southern Boobook	1
12573	41608	13785	golwhi1	Pachycephala pectoralis	Golden Whistler	1
12574	41608	13785	brohon1	Lichmera indistincta	Brown Honeyeater	1
12588	42501	13797	wesspi1	Acanthorhynchus superciliosus	Western Spinebill	1
12589	42501	13797	wesger1	Gerygone fusca	Western Gerygone	1
12590	42501	13797	gryfan1	Rhipidura albiscapa	Gray Fantail	1
12591	42501	13797	brohon1	Lichmera indistincta	Brown Honeyeater	1
12598	42550	13803	brohon1	Lichmera indistincta	Brown Honeyeater	1
12615	42961	13816	brohon1	Lichmera indistincta	Brown Honeyeater	1
12616	42922	13817	polpar1	Barnardius zonarius	Australian Ringneck	1
12610	42322	13811	brohon1	Lichmera indistincta	Brown Honeyeater	1
12614	42961	13816	redwat1	Anthochaera carunculata	Red Wattlebird	1
12617	42922	13817	whbscr1	Sericornis frontalis	White-browed Scrubwren	1
12619	42253	13819	golwhi1	Pachycephala pectoralis	Golden Whistler	1
12620	42253	13819	brohon1	Lichmera indistincta	Brown Honeyeater	1
12696	42724	13895	brohon1	Lichmera indistincta	Brown Honeyeater	1
12567	42259	13781	redwat1	Anthochaera carunculata	Red Wattlebird	1
12568	42259	13781	brohon1	Lichmera indistincta	Brown Honeyeater	1
12575	42256	13786	souboo8	Ninox boobook	Southern Boobook	1
12576	42708	13787	brohon1	Lichmera indistincta	Brown Honeyeater	1
12579	42432	13791	brohon1	Lichmera indistincta	Brown Honeyeater	1
12581	42619	13794	combro1	Phaps chalcoptera	Common Bronzewing	1
12582	42619	13794	brohon1	Lichmera indistincta	Brown Honeyeater	1
12605	42840	13807	brohon1	Lichmera indistincta	Brown Honeyeater	1
12606	42571	13808	brohon1	Lichmera indistincta	Brown Honeyeater	1
12611	42218	13812	brohon1	Lichmera indistincta	Brown Honeyeater	1
12618	42137	13818	brohon1	Lichmera indistincta	Brown Honeyeater	1
12597	41472	13802	brohon1	Lichmera indistincta	Brown Honeyeater	1
12604	42840	13807	ausrav1	Corvus coronoides	Australian Raven	1
12607	41645	13809	brohon1	Lichmera indistincta	Brown Honeyeater	1
12612	42054	13813	brohon1	Lichmera indistincta	Brown Honeyeater	1
12685	42359	13885	brohon1	Lichmera indistincta	Brown Honeyeater	1
12686	42359	13885	ausrav1	Corvus coronoides	Australian Raven	1
15693	75830	20272	ausrav1	Corvus coronoides	Australian Raven	1
15695	75980	20274	grybut1	Cracticus torquatus	Gray Butcherbird	1
15694	75430	20273	sinhon1	Gavicalis virescens	Singing Honeyeater	1
35245	75864	33938	redwat1	Anthochaera carunculata	Red Wattlebird	1
35246	75590	33939	ausmag2	Gymnorhina tibicen	Australian Magpie	1
35247	75324	33941	redwat1	Anthochaera carunculata	Red Wattlebird	1
35248	76139	33942	railor5	Trichoglossus moluccanus	Rainbow Lorikeet	1
35249	75907	33943	silver3	Zosterops lateralis	Silvereye	1
35250	75441	33944	litwat1	Anthochaera lunulata	Western Wattlebird	1
35251	76094	33945	railor5	Trichoglossus moluccanus	Rainbow Lorikeet	1
35252	76094	33945	laukoo1	Dacelo novaeguineae	Laughing Kookaburra	1
35253	75887	33948	weebil1	Smicrornis brevirostris	Weebill	1
35254	75944	33949	laukoo1	Dacelo novaeguineae	Laughing Kookaburra	1
