species_annotation_id	recording_id	annotation_id	species_code	scientific_name	common_name	occurrence
13320	74856	15027	yelgul1	Larus michahellis	Yellow-legged Gull	1
13321	74856	15027	blutit	Cyanistes caeruleus	Eurasian Blue Tit	1
13315	74098	15025	sarwar1	Sylvia melanocephala	Sardinian Warbler	1
13317	74503	15026	mallar3	Anas platyrhynchos	Mallard	1
13308	74022	15024	eurgre1	Chloris chloris	European Greenfinch	1
13309	74022	15024	mallar3	Anas platyrhynchos	Mallard	1
13310	74022	15024	comcha	Fringilla coelebs	Common Chaffinch	1
13311	74022	15024	sonthr1	Turdus philomelos	Song Thrush	1
13312	74022	15024	shttre1	Certhia brachydactyla	Short-toed Treecreeper	1
13313	74022	15024	eurrob1	Erithacus rubecula	European Robin	1
