species_annotation_id	recording_id	annotation_id	species_code	scientific_name	common_name	occurrence
12822	35183	14153	comrav	Corvus corax	Common Raven	1
12823	34796	14212	comrav	Corvus corax	Common Raven	1
12858	34972	14432	comrav	Corvus corax	Common Raven	1
12862	34940	14521	comrav	Corvus corax	Common Raven	1
13711	147224	15613	laplon	Calcarius lapponicus	Lapland Longspur	1
13713	147475	15616	yebloo	Gavia adamsii	Yellow-billed Loon	1
13714	147475	15616	laplon	Calcarius lapponicus	Lapland Longspur	1
13722	146269	15629	yebloo	Gavia adamsii	Yellow-billed Loon	1
13736	145997	15647	whcspa	Zonotrichia leucophrys	White-crowned Sparrow	1
13737	147015	15649	laplon	Calcarius lapponicus	Lapland Longspur	1
13746	147487	15661	wilsni1	Gallinago delicata	Wilson's Snipe	1
13748	147317	15665	comred	Acanthis flammea	Common Redpoll	1
13751	146430	15669	wilsni1	Gallinago delicata	Wilson's Snipe	1
14714	146007	17979	whcspa	Zonotrichia leucophrys	White-crowned Sparrow	1
14719	146139	17981	whcspa	Zonotrichia leucophrys	White-crowned Sparrow	1
12859	35093	14439	comrav	Corvus corax	Common Raven	1
12861	35038	14511	comrav	Corvus corax	Common Raven	1
13708	146654	15611	whcspa	Zonotrichia leucophrys	White-crowned Sparrow	1
13709	146654	15611	savspa	Passerculus sandwichensis	Savannah Sparrow	1
13710	146859	15612	laplon	Calcarius lapponicus	Lapland Longspur	1
13712	146515	15614	whcspa	Zonotrichia leucophrys	White-crowned Sparrow	1
13715	146067	15617	comred	Acanthis flammea	Common Redpoll	1
13717	146924	15622	gwfgoo	Anser albifrons	Greater White-fronted Goose	1
13723	145967	15631	cangoo	Branta canadensis	Canada Goose	1
13735	146801	15646	wilpta	Lagopus lagopus	Willow Ptarmigan	1
13741	146804	15654	laplon	Calcarius lapponicus	Lapland Longspur	1
13742	145796	15657	yebloo	Gavia adamsii	Yellow-billed Loon	1
13743	145796	15657	glagul	Larus hyperboreus	Glaucous Gull	1
13750	146406	15668	whcspa	Zonotrichia leucophrys	White-crowned Sparrow	1
13755	146731	15674	savspa	Passerculus sandwichensis	Savannah Sparrow	1
13756	146731	15674	amtspa	Spizelloides arborea	American Tree Sparrow	1
12825	35092	14299	comrav	Corvus corax	Common Raven	1
12830	34890	14356	comrav	Corvus corax	Common Raven	1
13721	146848	15628	whcspa	Zonotrichia leucophrys	White-crowned Sparrow	1
13726	146565	15638	laplon	Calcarius lapponicus	Lapland Longspur	1
13731	146318	15641	laplon	Calcarius lapponicus	Lapland Longspur	1
13734	146171	15645	whcspa	Zonotrichia leucophrys	White-crowned Sparrow	1
13739	147145	15651	wilpta	Lagopus lagopus	Willow Ptarmigan	1
12824	34939	14271	comrav	Corvus corax	Common Raven	1
12826	35001	14304	comrav	Corvus corax	Common Raven	1
12860	34794	14460	comrav	Corvus corax	Common Raven	1
13707	147010	15609	yebloo	Gavia adamsii	Yellow-billed Loon	1
13716	147485	15618	whcspa	Zonotrichia leucophrys	White-crowned Sparrow	1
13718	146005	15623	amtspa	Spizelloides arborea	American Tree Sparrow	1
13719	146005	15623	whcspa	Zonotrichia leucophrys	White-crowned Sparrow	1
13720	146252	15625	laplon	Calcarius lapponicus	Lapland Longspur	1
13724	145756	15633	lotjae	Stercorarius longicaudus	Long-tailed Jaeger	1
13725	145756	15633	whcspa	Zonotrichia leucophrys	White-crowned Sparrow	1
13727	147365	15639	whcspa	Zonotrichia leucophrys	White-crowned Sparrow	1
13728	147365	15639	amtspa	Spizelloides arborea	American Tree Sparrow	1
13729	146143	15640	laplon	Calcarius lapponicus	Lapland Longspur	1
13730	146143	15640	whcspa	Zonotrichia leucophrys	White-crowned Sparrow	1
13732	146316	15643	laplon	Calcarius lapponicus	Lapland Longspur	1
13733	145836	15644	yebloo	Gavia adamsii	Yellow-billed Loon	1
13738	146261	15650	laplon	Calcarius lapponicus	Lapland Longspur	1
13740	145817	15653	laplon	Calcarius lapponicus	Lapland Longspur	1
13744	145716	15659	amtspa	Spizelloides arborea	American Tree Sparrow	1
13745	145716	15659	whcspa	Zonotrichia leucophrys	White-crowned Sparrow	1
13747	145700	15662	amgplo	Pluvialis dominica	American Golden-Plover	1
13749	146551	15666	cangoo	Branta canadensis	Canada Goose	1
13752	147366	15670	whcspa	Zonotrichia leucophrys	White-crowned Sparrow	1
13753	147366	15670	amtspa	Spizelloides arborea	American Tree Sparrow	1
13754	146024	15673	whcspa	Zonotrichia leucophrys	White-crowned Sparrow	1
