species_annotation_id	recording_id	annotation_id	species_code	scientific_name	common_name	occurrence
6500	77512	8767	arcter	Sterna paradisaea	Arctic Tern	1
6501	76930	8769	redwin	Turdus iliacus	Redwing	1
6502	77012	8772	meapip1	Anthus pratensis	Meadow Pipit	1
6503	77012	8772	eugplo	Pluvialis apricaria	European Golden-Plover	1
6504	77012	8772	comred	Acanthis flammea	Common Redpoll	1
6505	76618	8773	redwin	Turdus iliacus	Redwing	1
6506	77831	8774	eugplo	Pluvialis apricaria	European Golden-Plover	1
6507	77831	8774	redwin	Turdus iliacus	Redwing	1
6509	76801	8777	whiwag	Motacilla alba	White Wagtail	1
6510	77344	8779	comred	Acanthis flammea	Common Redpoll	1
6511	76651	8780	comsni	Gallinago gallinago	Common Snipe	1
6512	77902	8781	comred	Acanthis flammea	Common Redpoll	1
6513	77902	8781	arcter	Sterna paradisaea	Arctic Tern	1
6517	77451	8785	comred	Acanthis flammea	Common Redpoll	1
6519	77956	8787	meapip1	Anthus pratensis	Meadow Pipit	1
6522	76708	8792	comred	Acanthis flammea	Common Redpoll	1
6523	77656	8793	arcter	Sterna paradisaea	Arctic Tern	1
6524	77656	8793	eugplo	Pluvialis apricaria	European Golden-Plover	1
6525	77656	8793	whimbr	Numenius phaeopus	Whimbrel	1
6526	77656	8793	comred	Acanthis flammea	Common Redpoll	1
6527	76744	8795	comrav	Corvus corax	Common Raven	1
6528	77400	8796	comred1	Tringa totanus	Common Redshank	1
6491	76714	8758	gragoo	Anser anser	Graylag Goose	1
6494	76935	8762	comsni	Gallinago gallinago	Common Snipe	1
6495	76935	8762	redwin	Turdus iliacus	Redwing	1
6496	77495	8764	whimbr	Numenius phaeopus	Whimbrel	1
6497	77067	8765	arcter	Sterna paradisaea	Arctic Tern	1
6514	76552	8782	comrav	Corvus corax	Common Raven	1
6515	76551	8783	meapip1	Anthus pratensis	Meadow Pipit	1
6516	76551	8783	redwin	Turdus iliacus	Redwing	1
6490	77045	8757	whiwag	Motacilla alba	White Wagtail	2
6492	77941	8759	meapip1	Anthus pratensis	Meadow Pipit	1
6493	76639	8761	redwin	Turdus iliacus	Redwing	1
6498	77970	8766	meapip1	Anthus pratensis	Meadow Pipit	1
6499	77970	8766	comsni	Gallinago gallinago	Common Snipe	1
6508	76673	8776	comsni	Gallinago gallinago	Common Snipe	1
6518	76717	8786	redwin	Turdus iliacus	Redwing	1
6520	77836	8789	comred	Acanthis flammea	Common Redpoll	1
6521	77836	8789	eurbla	Turdus merula	Eurasian Blackbird	1
