species_annotation_id	recording_id	annotation_id	species_code	scientific_name	common_name	occurrence
27018	187567	27575		Odontolakis virescens		1
27026	187594	27589		Neozvenella nsp		1
27020	187584	27583		Aethiomerus madagassus		1
27024	187565	27587		Ambylakis sp		1
27025	187593	27588		Neozvenella nsp		1
27021	187585	27584		Aethiomerus madagassus		1
27023	187587	27586		Aethiomerus madagassus		1
27561	187583	27818		Listroscelidinae ngen nsp		1
27564	187573	27821		Odontolakis virescens		1
27565	187574	27822		Odontolakis virescens		1
27576	187575	27833		Oecanthus brevicauda		1
27558	187580	27815		Listroscelidinae ngen nsp		1
27562	187571	27819		Odontolakis virescens		1
27567	187577	27824		Listroscelidinae ngen nsp		1
27569	187579	27826		Listroscelidinae ngen nsp		1
27575	187588	27832		Parasimodera nsp		1
27022	187586	27585		Aethiomerus madagassus		1
27560	187582	27817		Listroscelidinae ngen nsp		1
27563	187572	27820		Odontolakis virescens		1
27566	187576	27823		Listroscelidinae ngen nsp		1
27568	187578	27825		Listroscelidinae ngen nsp		1
27573	187592	27830		Odontolakis sp		1
27574	187595	27831		Neozvenella nsp		1
27559	187581	27816		Listroscelidinae ngen nsp		1
27570	187589	27827		Odontolakis sp		1
27571	187590	27828		Odontolakis sp		1
27572	187591	27829		Odontolakis sp		1
57619	259051	52604		Aethiomerus madagassus		1
57620	259052	52605		Aethiomerus madagassus		1
57622	259064	52607		Aethiomerus madagassus		1
57625	259062	52616		Listroscelidinae ngen nsp		1
57629	259053	52620		Neozvenella nsp		1
57631	259082	52622		Odontolakis sp		1
57633	259072	52625		Odontolakis virescens		1
57636	259075	52628		Odontolakis virescens		1
57637	259057	52629		Odontolakis virescens		1
57640	259078	52632		Odontolakis virescens		1
57642	259080	52634		Odontolakis virescens		1
57626	259070	52617		Neozvenella nsp		1
57635	259074	52627		Odontolakis virescens		1
57638	259076	52630		Odontolakis virescens		1
57645	259056	52637		Odontolakis virescens		1
57646	259060	52638		Oecanthus brevicauda		1
57647	259049	52639		Paragryllodes sp		1
57648	259049	52639		Aethiomerus madagassus		1
57653	259069	52643		Parasimodera nsp		1
57621	259063	52606		Aethiomerus madagassus		1
57624	259066	52609		Aethiomerus madagassus		1
57628	259054	52619		Neozvenella nsp		1
57630	259081	52621		Odontolakis sp		1
57632	259083	52623		Odontolakis sp		1
57639	259077	52631		Odontolakis virescens		1
57643	259059	52635		Odontolakis virescens		1
57649	259050	52640		Paragryllodes sp		1
57650	259050	52640		Aethiomerus madagassus		1
57651	259067	52641		Parasimodera nsp		1
57652	259068	52642		Parasimodera nsp		1
57618	187566	27834		Ambylakis sp		1
57623	259065	52608		Aethiomerus madagassus		1
57627	259071	52618		Neozvenella nsp		1
57634	259073	52626		Odontolakis virescens		1
57641	259079	52633		Odontolakis virescens		1
57644	259058	52636		Odontolakis virescens		1
