species_annotation_id	recording_id	annotation_id	species_code	scientific_name	common_name	occurrence
10446	103362	11744	sonthr1	Turdus philomelos	Song Thrush	1
10447	90369	11746	blutit	Cyanistes caeruleus	Eurasian Blue Tit	1
10452	89360	11751	carcro1	Corvus corone	Carrion Crow	1
10453	89360	11751	gretit1	Parus major	Great Tit	1
10454	101232	11752	comcuc	Cuculus canorus	Common Cuckoo	1
10455	101232	11752	wlwwar	Phylloscopus trochilus	Willow Warbler	1
10456	103768	11754	sonthr1	Turdus philomelos	Song Thrush	1
10449	99055	11748	comcha	Fringilla coelebs	Common Chaffinch	1
10450	89610	11749	blackc1	Sylvia atricapilla	Eurasian Blackcap	1
10451	99298	11750	comcuc	Cuculus canorus	Common Cuckoo	1
10457	94696	11756	sonthr1	Turdus philomelos	Song Thrush	1
10458	98565	11759	comsni	Gallinago gallinago	Common Snipe	2
10459	104712	11760	eurrob1	Erithacus rubecula	European Robin	1
10460	104712	11760	comcuc	Cuculus canorus	Common Cuckoo	1
10461	102576	11761	sonthr1	Turdus philomelos	Song Thrush	2
10462	94271	11762	eurbla	Turdus merula	Eurasian Blackbird	1
10463	94271	11762	wlwwar	Phylloscopus trochilus	Willow Warbler	1
10464	94271	11762	blutit	Cyanistes caeruleus	Eurasian Blue Tit	1
10441	95576	11742	cowpig1	Columba palumbus	Common Wood-Pigeon	1
10442	95576	11742	sonthr1	Turdus philomelos	Song Thrush	1
10443	95576	11742	comcha	Fringilla coelebs	Common Chaffinch	1
10444	95576	11742	comchi1	Phylloscopus collybita	Common Chiffchaff	2
10445	101788	11743	sonthr1	Turdus philomelos	Song Thrush	1
10448	100357	11747	combuz1	Buteo buteo	Common Buzzard	1
10465	99308	11763	goldcr1	Regulus regulus	Goldcrest	2
