species_annotation_id	recording_id	annotation_id	species_code	scientific_name	common_name	occurrence
14708	7785	17971	lotjae	Stercorarius longicaudus	Long-tailed Jaeger	1
14709	7805	17975	lotjae	Stercorarius longicaudus	Long-tailed Jaeger	1
14710	7695	17976	retloo	Gavia stellata	Red-throated Loon	1
14793	7448	18140	retloo	Gavia stellata	Red-throated Loon	1
14798	8069	18147	lotjae	Stercorarius longicaudus	Long-tailed Jaeger	2
14807	121370	18161	sander	Calidris alba	Sanderling	1
14808	7872	18162	lotjae	Stercorarius longicaudus	Long-tailed Jaeger	1
14809	121400	18163	retloo	Gavia stellata	Red-throated Loon	1
14812	121670	18168	lotjae	Stercorarius longicaudus	Long-tailed Jaeger	1
14829	7914	18200	comrav	Corvus corax	Common Raven	1
14826	7723	18196	pifgoo	Anser brachyrhynchus	Pink-footed Goose	1
14828	8082	18198	bargoo	Branta leucopsis	Barnacle Goose	1
14830	7871	18201	lotjae	Stercorarius longicaudus	Long-tailed Jaeger	1
14835	7905	18207	dunlin	Calidris alpina	Dunlin	1
14838	7857	18214	corplo	Charadrius hiaticula	Common Ringed Plover	1
14839	8045	18215	snobun	Plectrophenax nivalis	Snow Bunting	1
14847	7925	18225	redkno	Calidris canutus	Red Knot	1
14848	7435	18226	lotjae	Stercorarius longicaudus	Long-tailed Jaeger	1
14849	8022	18227	lotjae	Stercorarius longicaudus	Long-tailed Jaeger	1
14850	7369	18229	lotjae	Stercorarius longicaudus	Long-tailed Jaeger	1
14699	7801	17948	retloo	Gavia stellata	Red-throated Loon	1
14698	7409	17946	dunlin	Calidris alpina	Dunlin	1
14701	7819	17952	hoared	Acanthis hornemanni	Hoary Redpoll	1
14702	7432	17953	corplo	Charadrius hiaticula	Common Ringed Plover	1
14703	7985	17954	lotjae	Stercorarius longicaudus	Long-tailed Jaeger	1
14705	7891	17963	lotjae	Stercorarius longicaudus	Long-tailed Jaeger	1
14720	7800	17983	rudtur	Arenaria interpres	Ruddy Turnstone	1
14799	7645	18148	bargoo	Branta leucopsis	Barnacle Goose	1
14800	7577	18150	retloo	Gavia stellata	Red-throated Loon	1
14791	121646	18132	retloo	Gavia stellata	Red-throated Loon	1
14804	7768	18156	pifgoo	Anser brachyrhynchus	Pink-footed Goose	1
14805	7666	18157	hoared	Acanthis hornemanni	Hoary Redpoll	2
14806	7767	18159	comrav	Corvus corax	Common Raven	1
14810	7576	18166	retloo	Gavia stellata	Red-throated Loon	1
14811	121654	18167	retloo	Gavia stellata	Red-throated Loon	1
14823	7893	18189	lotjae	Stercorarius longicaudus	Long-tailed Jaeger	1
14817	7501	18173	retloo	Gavia stellata	Red-throated Loon	1
14818	121296	18185	pifgoo	Anser brachyrhynchus	Pink-footed Goose	2
14819	7817	18186	lotjae	Stercorarius longicaudus	Long-tailed Jaeger	1
14824	7890	18190	lotjae	Stercorarius longicaudus	Long-tailed Jaeger	1
14825	7890	18190	retloo	Gavia stellata	Red-throated Loon	1
14832	7724	18202	bargoo	Branta leucopsis	Barnacle Goose	1
14834	7822	18206	redkno	Calidris canutus	Red Knot	2
14836	7849	18212	pifgoo	Anser brachyrhynchus	Pink-footed Goose	2
14837	7367	18213	retloo	Gavia stellata	Red-throated Loon	1
14840	7775	18216	glagul	Larus hyperboreus	Glaucous Gull	1
14841	7330	18217	lotjae	Stercorarius longicaudus	Long-tailed Jaeger	1
14842	7721	18218	retloo	Gavia stellata	Red-throated Loon	1
14843	7599	18221	retloo	Gavia stellata	Red-throated Loon	1
14844	7599	18221	snobun	Plectrophenax nivalis	Snow Bunting	1
14845	7487	18222	retloo	Gavia stellata	Red-throated Loon	2
14846	7535	18224	lotjae	Stercorarius longicaudus	Long-tailed Jaeger	1
14851	7881	18231	lotjae	Stercorarius longicaudus	Long-tailed Jaeger	1
14852	7360	18232	snobun	Plectrophenax nivalis	Snow Bunting	1
14869	7966	18327	lotjae	Stercorarius longicaudus	Long-tailed Jaeger	1
14880	7628	18340	bargoo	Branta leucopsis	Barnacle Goose	1
14872	7299	18332	dunlin	Calidris alpina	Dunlin	1
14876	7963	18335	bargoo	Branta leucopsis	Barnacle Goose	1
14881	7859	18341	lotjae	Stercorarius longicaudus	Long-tailed Jaeger	1
14883	7351	18342	lotjae	Stercorarius longicaudus	Long-tailed Jaeger	1
14884	7357	18344	bargoo	Branta leucopsis	Barnacle Goose	1
14885	7929	18348	pifgoo	Anser brachyrhynchus	Pink-footed Goose	1
14886	7706	18350	lotjae	Stercorarius longicaudus	Long-tailed Jaeger	1
14887	7995	18352	glwgul	Larus glaucescens	Glaucous-winged Gull	1
14891	7975	18360	bargoo	Branta leucopsis	Barnacle Goose	1
14700	7382	17950	lotjae	Stercorarius longicaudus	Long-tailed Jaeger	1
14704	7383	17958	lotjae	Stercorarius longicaudus	Long-tailed Jaeger	1
14706	7301	17964	dunlin	Calidris alpina	Dunlin	1
14707	7301	17964	lotjae	Stercorarius longicaudus	Long-tailed Jaeger	1
14711	8000	17977	retloo	Gavia stellata	Red-throated Loon	1
14721	7700	17984	retloo	Gavia stellata	Red-throated Loon	1
14789	7338	18130	rudtur	Arenaria interpres	Ruddy Turnstone	1
14790	7868	18131	lotjae	Stercorarius longicaudus	Long-tailed Jaeger	1
14792	121047	18137	corplo	Charadrius hiaticula	Common Ringed Plover	1
14794	7665	18141	snobun	Plectrophenax nivalis	Snow Bunting	2
14795	121464	18145	retloo	Gavia stellata	Red-throated Loon	1
14796	121202	18146	lotjae	Stercorarius longicaudus	Long-tailed Jaeger	1
14803	121146	18154	pifgoo	Anser brachyrhynchus	Pink-footed Goose	1
14801	7742	18151	snobun	Plectrophenax nivalis	Snow Bunting	1
14802	7480	18152	lotjae	Stercorarius longicaudus	Long-tailed Jaeger	1
14813	121331	18169	retloo	Gavia stellata	Red-throated Loon	1
14814	8064	18171	lotjae	Stercorarius longicaudus	Long-tailed Jaeger	1
14815	121402	18172	lotjae	Stercorarius longicaudus	Long-tailed Jaeger	1
14821	121384	18187	snoowl1	Bubo scandiacus	Snowy Owl	2
14833	8086	18204	snoowl1	Bubo scandiacus	Snowy Owl	2
14827	7328	18197	lotjae	Stercorarius longicaudus	Long-tailed Jaeger	1
14854	7405	18234	retloo	Gavia stellata	Red-throated Loon	1
14853	7526	18233	retloo	Gavia stellata	Red-throated Loon	1
14871	7861	18330	lotjae	Stercorarius longicaudus	Long-tailed Jaeger	1
14873	7678	18333	bargoo	Branta leucopsis	Barnacle Goose	1
14874	7541	18334	dunlin	Calidris alpina	Dunlin	1
14879	7954	18339	lotjae	Stercorarius longicaudus	Long-tailed Jaeger	1
14877	7960	18336	lotjae	Stercorarius longicaudus	Long-tailed Jaeger	1
14878	8002	18337	lotjae	Stercorarius longicaudus	Long-tailed Jaeger	1
14888	7566	18355	retloo	Gavia stellata	Red-throated Loon	2
