species_annotation_id	recording_id	annotation_id	species_code	scientific_name	common_name	occurrence
4414	57861	4144	eurbla	Turdus merula	Eurasian Blackbird	1
4404	38545	4139	tawowl1	Strix aluco	Tawny Owl	1
4410	56526	4143	eurrob1	Erithacus rubecula	European Robin	1
4398	18235	4137	webwar1	Phylloscopus bonelli	Western Bonelli's Warbler	1
4399	18235	4137	lottit1	Aegithalos caudatus	Long-tailed Tit	1
4400	18235	4137	eurrob1	Erithacus rubecula	European Robin	2
4406	30013	4140	stonec4	Saxicola rubicola	European Stonechat	1
4402	20248	4138	comnig1	Luscinia megarhynchos	Common Nightingale	1
4415	58428	4146	azwmag3	Cyanopica cooki	Iberian Magpie	1
4409	56526	4143	blutit	Cyanistes caeruleus	Eurasian Blue Tit	2
4418	18377	4147	comcha	Fringilla coelebs	Common Chaffinch	1
4419	18377	4147	eurbla	Turdus merula	Eurasian Blackbird	1
4413	57861	4144	sposta1	Sturnus unicolor	Spotless Starling	1
4416	58428	4146	blutit	Cyanistes caeruleus	Eurasian Blue Tit	1
4417	18377	4147	eurrob1	Erithacus rubecula	European Robin	1
4433	73844	4169	blared1	Phoenicurus ochruros	Black Redstart	2
4432	73844	4169	comcha	Fringilla coelebs	Common Chaffinch	1
4434	75069	4174	eurrob1	Erithacus rubecula	European Robin	1
4435	75069	4174	blutit	Cyanistes caeruleus	Eurasian Blue Tit	2
4436	74379	4175	tawowl1	Strix aluco	Tawny Owl	1
4437	37558	4177	zitcis1	Cisticola juncidis	Zitting Cisticola	1
4438	37558	4177	woolar1	Lullula arborea	Wood Lark	1
4439	37558	4177	comcha	Fringilla coelebs	Common Chaffinch	1
4440	18572	4178	eupfly1	Ficedula hypoleuca	European Pied Flycatcher	1
4441	18572	4178	eurrob1	Erithacus rubecula	European Robin	1
4442	65251	4180	winwre4	Troglodytes troglodytes	Eurasian Wren	1
4443	65251	4180	eurrob1	Erithacus rubecula	European Robin	1
4444	17985	4183	comnig1	Luscinia megarhynchos	Common Nightingale	1
4445	18315	4185	winwre4	Troglodytes troglodytes	Eurasian Wren	1
4448	19309	4187	firecr1	Regulus ignicapilla	Common Firecrest	1
4449	19309	4187	eubeat1	Merops apiaster	European Bee-eater	1
4450	36869	4188	eupfly1	Ficedula hypoleuca	European Pied Flycatcher	1
4451	38118	4190	carcro1	Corvus corone	Carrion Crow	1
4452	38118	4190	shttre1	Certhia brachydactyla	Short-toed Treecreeper	1
4453	56521	4191	eucdov	Streptopelia decaocto	Eurasian Collared-Dove	1
4454	56521	4191	hawfin	Coccothraustes coccothraustes	Hawfinch	1
4455	56732	4193	eurbla	Turdus merula	Eurasian Blackbird	1
4456	56732	4193	blackc1	Sylvia atricapilla	Eurasian Blackcap	2
4457	37874	4199	eurnut2	Sitta europaea	Eurasian Nuthatch	1
4458	37874	4199	eurrob1	Erithacus rubecula	European Robin	1
4459	37874	4199	firecr1	Regulus ignicapilla	Common Firecrest	1
4460	38481	4200	woolar1	Lullula arborea	Wood Lark	1
4461	38668	4205	blutit	Cyanistes caeruleus	Eurasian Blue Tit	1
4462	74540	4207	eurser1	Serinus serinus	European Serin	1
4463	36555	4208	sarwar1	Sylvia melanocephala	Sardinian Warbler	1
4464	36555	4208	winwre4	Troglodytes troglodytes	Eurasian Wren	1
4465	38307	4209	spofly1	Muscicapa striata	Spotted Flycatcher	1
4466	74565	4214	brnowl	Tyto alba	Barn Owl	1
4467	38043	4215	comnig1	Luscinia megarhynchos	Common Nightingale	1
4468	38043	4215	woolar1	Lullula arborea	Wood Lark	1
4469	74504	4219	blutit	Cyanistes caeruleus	Eurasian Blue Tit	1
4470	58464	4220	sarwar1	Sylvia melanocephala	Sardinian Warbler	1
4471	58464	4220	eurser1	Serinus serinus	European Serin	1
4472	58464	4220	blackc1	Sylvia atricapilla	Eurasian Blackcap	2
4473	58119	4221	winwre4	Troglodytes troglodytes	Eurasian Wren	1
4474	58119	4221	eurbla	Turdus merula	Eurasian Blackbird	2
4475	58119	4221	woolar1	Lullula arborea	Wood Lark	1
4476	57094	4222	blutit	Cyanistes caeruleus	Eurasian Blue Tit	1
4477	57891	4225	sposta1	Sturnus unicolor	Spotless Starling	1
4478	58016	4226	combuz1	Buteo buteo	Common Buzzard	1
4479	58016	4226	comchi1	Phylloscopus collybita	Common Chiffchaff	1
4480	58016	4226	eurser1	Serinus serinus	European Serin	1
4481	58016	4226	houspa	Passer domesticus	House Sparrow	2
4482	58016	4226	blutit	Cyanistes caeruleus	Eurasian Blue Tit	1
4483	58423	4228	woolar1	Lullula arborea	Wood Lark	1
4484	58465	4230	eurbla	Turdus merula	Eurasian Blackbird	1
4485	58636	4233	eurrob1	Erithacus rubecula	European Robin	1
4486	56702	4235	comcha	Fringilla coelebs	Common Chaffinch	2
4487	57637	4236	houspa	Passer domesticus	House Sparrow	1
4488	58604	4241	brnowl	Tyto alba	Barn Owl	2
4489	58390	4242	azwmag3	Cyanopica cooki	Iberian Magpie	1
4490	57604	4244	grswoo	Dendrocopos major	Great Spotted Woodpecker	1
4491	57604	4244	eurrob1	Erithacus rubecula	European Robin	1
4492	57608	4245	gretit1	Parus major	Great Tit	1
4493	57608	4245	winwre4	Troglodytes troglodytes	Eurasian Wren	1
4494	56759	4247	eucdov	Streptopelia decaocto	Eurasian Collared-Dove	1
4495	56759	4247	eurbla	Turdus merula	Eurasian Blackbird	1
4496	56759	4247	comcha	Fringilla coelebs	Common Chaffinch	1
4497	57842	4248	azwmag3	Cyanopica cooki	Iberian Magpie	1
4498	57215	4249	comcha	Fringilla coelebs	Common Chaffinch	1
4499	57708	4252	blackc1	Sylvia atricapilla	Eurasian Blackcap	1
4500	57708	4252	cowpig1	Columba palumbus	Common Wood-Pigeon	1
4501	57161	4253	sonthr1	Turdus philomelos	Song Thrush	1
4502	57161	4253	gretit1	Parus major	Great Tit	1
4503	38151	4254	tawowl1	Strix aluco	Tawny Owl	1
4504	38483	4255	comcha	Fringilla coelebs	Common Chaffinch	1
4505	38483	4255	blutit	Cyanistes caeruleus	Eurasian Blue Tit	1
4506	37879	4256	comnig1	Luscinia megarhynchos	Common Nightingale	1
4507	37879	4256	winwre4	Troglodytes troglodytes	Eurasian Wren	1
4522	37176	4290	comnig1	Luscinia megarhynchos	Common Nightingale	1
4523	18912	4295	comnig1	Luscinia megarhynchos	Common Nightingale	1
4524	18912	4295	winwre4	Troglodytes troglodytes	Eurasian Wren	1
4525	65485	4309	eurrob1	Erithacus rubecula	European Robin	1
4526	24218	4313	eurbla	Turdus merula	Eurasian Blackbird	1
4527	64643	4327	eurrob1	Erithacus rubecula	European Robin	1
4528	64643	4327	eurbla	Turdus merula	Eurasian Blackbird	2
4529	25130	4356	leswoo1	Dryobates minor	Lesser Spotted Woodpecker	1
4530	25130	4356	eurrob1	Erithacus rubecula	European Robin	1
4531	25130	4356	cowpig1	Columba palumbus	Common Wood-Pigeon	1
4532	30935	4360	eubeat1	Merops apiaster	European Bee-eater	1
4533	19066	4361	eurbla	Turdus merula	Eurasian Blackbird	1
4534	29123	4363	eubeat1	Merops apiaster	European Bee-eater	1
4535	24534	4364	comchi1	Phylloscopus collybita	Common Chiffchaff	1
4536	24534	4364	eurrob1	Erithacus rubecula	European Robin	1
4543	64677	4373	cowpig1	Columba palumbus	Common Wood-Pigeon	1
4547	20070	4382	eurbla	Turdus merula	Eurasian Blackbird	1
4557	38062	4398	comnig1	Luscinia megarhynchos	Common Nightingale	1
4558	65066	4402	tawowl1	Strix aluco	Tawny Owl	1
4559	17987	4403	eurrob1	Erithacus rubecula	European Robin	1
4560	30158	4411	azwmag3	Cyanopica cooki	Iberian Magpie	1
4561	58096	4414	litowl1	Athene noctua	Little Owl	1
4562	29394	4425	azwmag3	Cyanopica cooki	Iberian Magpie	1
4563	29394	4425	darwar1	Sylvia undata	Dartford Warbler	1
4564	30914	4426	azwmag3	Cyanopica cooki	Iberian Magpie	1
4565	24233	4427	tawowl1	Strix aluco	Tawny Owl	1
4566	56432	4435	eurbla	Turdus merula	Eurasian Blackbird	1
4567	18854	4451	subwar1	Sylvia cantillans	Subalpine Warbler	1
4568	58371	4458	grswoo	Dendrocopos major	Great Spotted Woodpecker	1
4569	18782	4463	eurser1	Serinus serinus	European Serin	1
4570	64385	4465	eurrob1	Erithacus rubecula	European Robin	1
4571	64385	4465	eurbla	Turdus merula	Eurasian Blackbird	1
4572	18562	4467	eugori2	Oriolus oriolus	Eurasian Golden Oriole	1
4573	58010	4476	combuz1	Buteo buteo	Common Buzzard	2
4574	57065	4481	eurrob1	Erithacus rubecula	European Robin	1
4575	57065	4481	azwmag3	Cyanopica cooki	Iberian Magpie	1
4576	24870	4488	eurrob1	Erithacus rubecula	European Robin	1
4577	24870	4488	comcuc	Cuculus canorus	Common Cuckoo	1
4578	37890	4491	eurbla	Turdus merula	Eurasian Blackbird	1
4579	37890	4491	comnig1	Luscinia megarhynchos	Common Nightingale	1
4580	75068	4492	shttre1	Certhia brachydactyla	Short-toed Treecreeper	1
4581	38367	4501	tawowl1	Strix aluco	Tawny Owl	1
4582	18153	4516	eugori2	Oriolus oriolus	Eurasian Golden Oriole	1
4583	18153	4516	eutdov	Streptopelia turtur	European Turtle-Dove	1
4584	18153	4516	eurbla	Turdus merula	Eurasian Blackbird	1
4585	57835	4537	eurbla	Turdus merula	Eurasian Blackbird	1
4631	23767	4714	tawowl1	Strix aluco	Tawny Owl	1
4632	28933	4722	thelar1	Galerida theklae	Thekla's Lark	1
4633	70375	4739	grswoo	Dendrocopos major	Great Spotted Woodpecker	1
4634	24481	4742	redwin	Turdus iliacus	Redwing	1
4635	61915	4775	eurrob1	Erithacus rubecula	European Robin	1
4636	61915	4775	eurbla	Turdus merula	Eurasian Blackbird	1
4637	30640	4781	stonec4	Saxicola rubicola	European Stonechat	1
4638	30992	4784	darwar1	Sylvia undata	Dartford Warbler	1
4639	18603	4787	comnig1	Luscinia megarhynchos	Common Nightingale	1
4640	38769	4792	eurjay1	Garrulus glandarius	Eurasian Jay	1
4641	74191	4796	eurbla	Turdus merula	Eurasian Blackbird	1
4642	75150	4798	eurrob1	Erithacus rubecula	European Robin	1
4643	18648	4802	comcha	Fringilla coelebs	Common Chaffinch	1
4644	18648	4802	eursis	Spinus spinus	Eurasian Siskin	1
4645	73923	4805	brnowl	Tyto alba	Barn Owl	1
4646	29562	4827	grefla3	Phoenicopterus roseus	Greater Flamingo	1
4647	74158	4839	lottit1	Aegithalos caudatus	Long-tailed Tit	1
4648	18552	4848	eurbla	Turdus merula	Eurasian Blackbird	1
4649	29147	4855	eubeat1	Merops apiaster	European Bee-eater	1
4650	30448	4862	azwmag3	Cyanopica cooki	Iberian Magpie	1
4651	36870	4867	woolar1	Lullula arborea	Wood Lark	1
4652	19640	4888	grswoo	Dendrocopos major	Great Spotted Woodpecker	1
4817	57822	5082	eurrob1	Erithacus rubecula	European Robin	1
5112	68931	5501	cetwar1	Cettia cetti	Cetti's Warbler	1
5230	56441	5653	lottit1	Aegithalos caudatus	Long-tailed Tit	1
5224	29638	5614	eubeat1	Merops apiaster	European Bee-eater	1
5231	74649	5666	brnowl	Tyto alba	Barn Owl	1
5232	63987	5674	eurrob1	Erithacus rubecula	European Robin	1
5233	30435	5688	azwmag3	Cyanopica cooki	Iberian Magpie	1
5235	37626	5706	comnig1	Luscinia megarhynchos	Common Nightingale	1
5244	38391	5774	comcha	Fringilla coelebs	Common Chaffinch	1
5245	37012	5825	cretit2	Lophophanes cristatus	Crested Tit	1
5246	37012	5825	shttre1	Certhia brachydactyla	Short-toed Treecreeper	1
5350	38429	5938	tawowl1	Strix aluco	Tawny Owl	1
5361	37830	6048	comnig1	Luscinia megarhynchos	Common Nightingale	1
5362	62130	6057	cowpig1	Columba palumbus	Common Wood-Pigeon	1
5366	30166	6066	eubeat1	Merops apiaster	European Bee-eater	1
5388	56608	6106	houspa	Passer domesticus	House Sparrow	1
5389	57931	6117	azwmag3	Cyanopica cooki	Iberian Magpie	1
5391	56368	6144	eurbla	Turdus merula	Eurasian Blackbird	1
5392	20190	6147	eurnut2	Sitta europaea	Eurasian Nuthatch	1
5393	20190	6147	eurrob1	Erithacus rubecula	European Robin	1
5396	37698	6172	eurjay1	Garrulus glandarius	Eurasian Jay	1
5397	18761	6179	eurser1	Serinus serinus	European Serin	1
5398	18761	6179	comnig1	Luscinia megarhynchos	Common Nightingale	1
5404	37585	6211	tawowl1	Strix aluco	Tawny Owl	1
5406	74653	6216	brnowl	Tyto alba	Barn Owl	1
5407	74653	6216	eurrob1	Erithacus rubecula	European Robin	1
5411	37146	6229	comnig1	Luscinia megarhynchos	Common Nightingale	1
5416	58478	6283	eurgre1	Chloris chloris	European Greenfinch	1
5427	63713	6342	eurrob1	Erithacus rubecula	European Robin	1
5434	63940	6382	blackc1	Sylvia atricapilla	Eurasian Blackcap	1
5435	23697	6402	brnowl	Tyto alba	Barn Owl	1
5439	18705	6448	eurbla	Turdus merula	Eurasian Blackbird	1
5441	37342	6454	tawowl1	Strix aluco	Tawny Owl	1
5446	29338	6462	eubeat1	Merops apiaster	European Bee-eater	1
5447	29338	6462	azwmag3	Cyanopica cooki	Iberian Magpie	1
5494	29646	6577	azwmag3	Cyanopica cooki	Iberian Magpie	1
5499	66905	6663	eurrob1	Erithacus rubecula	European Robin	1
5500	66905	6663	eurbla	Turdus merula	Eurasian Blackbird	1
5502	19776	6678	eurnut2	Sitta europaea	Eurasian Nuthatch	1
5508	29339	6700	eubeat1	Merops apiaster	European Bee-eater	1
5509	30766	6705	darwar1	Sylvia undata	Dartford Warbler	1
5512	18228	6788	eurbla	Turdus merula	Eurasian Blackbird	1
5515	30079	6843	stonec4	Saxicola rubicola	European Stonechat	1
5516	25039	6883	woolar1	Lullula arborea	Wood Lark	1
5518	56442	6888	eurser1	Serinus serinus	European Serin	1
5519	56442	6888	eurbla	Turdus merula	Eurasian Blackbird	1
5523	36766	6904	carcro1	Corvus corone	Carrion Crow	1
5534	19510	7069	shttre1	Certhia brachydactyla	Short-toed Treecreeper	1
5535	19510	7069	comnig1	Luscinia megarhynchos	Common Nightingale	1
5536	30603	7070	eurlin1	Linaria cannabina	Eurasian Linnet	1
5680	56882	7615	eurbla	Turdus merula	Eurasian Blackbird	1
4816	29426	5060	thelar1	Galerida theklae	Thekla's Lark	1
4822	18547	5105	eursco1	Otus scops	Eurasian Scops-Owl	1
4823	56870	5124	lottit1	Aegithalos caudatus	Long-tailed Tit	1
4866	30511	5217	azwmag3	Cyanopica cooki	Iberian Magpie	1
4867	73906	5219	coatit2	Periparus ater	Coal Tit	1
4868	73906	5219	blutit	Cyanistes caeruleus	Eurasian Blue Tit	1
4869	73906	5219	comchi1	Phylloscopus collybita	Common Chiffchaff	1
5109	19537	5466	eurbla	Turdus merula	Eurasian Blackbird	1
5110	37182	5486	comnig1	Luscinia megarhynchos	Common Nightingale	1
5111	50005	5496	houspa	Passer domesticus	House Sparrow	1
5225	56609	5628	tawowl1	Strix aluco	Tawny Owl	1
5228	58633	5648	hawfin	Coccothraustes coccothraustes	Hawfinch	1
5229	58633	5648	eucdov	Streptopelia decaocto	Eurasian Collared-Dove	1
5234	19902	5693	cowpig1	Columba palumbus	Common Wood-Pigeon	1
5238	29011	5727	darwar1	Sylvia undata	Dartford Warbler	1
5239	63799	5730	commoo3	Gallinula chloropus	Eurasian Moorhen	1
5351	74759	5940	eurrob1	Erithacus rubecula	European Robin	1
5352	29747	5960	darwar1	Sylvia undata	Dartford Warbler	1
5353	20136	5976	comnig1	Luscinia megarhynchos	Common Nightingale	1
5355	36704	5993	comnig1	Luscinia megarhynchos	Common Nightingale	1
5356	38465	6000	cretit2	Lophophanes cristatus	Crested Tit	1
5357	73885	6006	comchi1	Phylloscopus collybita	Common Chiffchaff	1
5358	73813	6008	comcha	Fringilla coelebs	Common Chaffinch	1
5359	74734	6012	brnowl	Tyto alba	Barn Owl	1
5360	36746	6019	comnig1	Luscinia megarhynchos	Common Nightingale	1
5363	18530	6059	comnig1	Luscinia megarhynchos	Common Nightingale	1
5364	73598	6063	eurrob1	Erithacus rubecula	European Robin	1
5365	73598	6063	comchi1	Phylloscopus collybita	Common Chiffchaff	1
5367	29983	6078	azwmag3	Cyanopica cooki	Iberian Magpie	1
5394	29976	6168	azwmag3	Cyanopica cooki	Iberian Magpie	1
5395	56729	6171	eucdov	Streptopelia decaocto	Eurasian Collared-Dove	1
5399	36967	6180	tawowl1	Strix aluco	Tawny Owl	1
5400	19092	6183	comcuc	Cuculus canorus	Common Cuckoo	1
5401	19092	6183	comnig1	Luscinia megarhynchos	Common Nightingale	2
5402	18375	6189	cretit2	Lophophanes cristatus	Crested Tit	1
5403	74708	6197	brnowl	Tyto alba	Barn Owl	1
5409	37547	6222	comcha	Fringilla coelebs	Common Chaffinch	1
5410	36639	6225	comchi1	Phylloscopus collybita	Common Chiffchaff	1
5417	36992	6296	tawowl1	Strix aluco	Tawny Owl	1
5418	37788	6297	comnig1	Luscinia megarhynchos	Common Nightingale	1
5419	58335	6302	sposta1	Sturnus unicolor	Spotless Starling	1
5420	19441	6303	comcha	Fringilla coelebs	Common Chaffinch	1
5422	18795	6310	eubeat1	Merops apiaster	European Bee-eater	1
5423	75217	6313	eurrob1	Erithacus rubecula	European Robin	1
5424	75217	6313	comcha	Fringilla coelebs	Common Chaffinch	1
5425	37786	6316	tawowl1	Strix aluco	Tawny Owl	1
5426	24039	6320	cowpig1	Columba palumbus	Common Wood-Pigeon	1
5429	58002	6374	redwin	Turdus iliacus	Redwing	1
5430	58002	6374	eurbla	Turdus merula	Eurasian Blackbird	2
5431	65564	6379	eurrob1	Erithacus rubecula	European Robin	1
5432	65564	6379	winwre4	Troglodytes troglodytes	Eurasian Wren	1
5436	29937	6404	darwar1	Sylvia undata	Dartford Warbler	1
5437	36648	6436	meapip1	Anthus pratensis	Meadow Pipit	1
5438	57813	6439	winwre4	Troglodytes troglodytes	Eurasian Wren	1
5440	73856	6451	comchi1	Phylloscopus collybita	Common Chiffchaff	1
5442	38145	6459	comchi1	Phylloscopus collybita	Common Chiffchaff	1
5498	67076	6658	sonthr1	Turdus philomelos	Song Thrush	1
5493	75081	6576	gretit1	Parus major	Great Tit	1
5497	37908	6622	comnig1	Luscinia megarhynchos	Common Nightingale	1
5503	18404	6680	comnig1	Luscinia megarhynchos	Common Nightingale	1
5505	18642	6686	eurnig1	Caprimulgus europaeus	Eurasian Nightjar	1
5506	30341	6688	eurbla	Turdus merula	Eurasian Blackbird	1
5507	29138	6690	azwmag3	Cyanopica cooki	Iberian Magpie	1
5511	56696	6759	tawowl1	Strix aluco	Tawny Owl	1
5514	18808	6830	eursco1	Otus scops	Eurasian Scops-Owl	1
5517	57954	6887	azwmag3	Cyanopica cooki	Iberian Magpie	1
5521	19719	6900	comnig1	Luscinia megarhynchos	Common Nightingale	1
5522	19719	6900	eursco1	Otus scops	Eurasian Scops-Owl	1
5524	29757	6942	eurnig1	Caprimulgus europaeus	Eurasian Nightjar	1
5525	19419	6992	eursco1	Otus scops	Eurasian Scops-Owl	1
5526	24097	6998	eurrob1	Erithacus rubecula	European Robin	1
5527	24097	6998	eurjay1	Garrulus glandarius	Eurasian Jay	1
5529	73769	7018	tawowl1	Strix aluco	Tawny Owl	1
5531	74810	7049	yelgul1	Larus michahellis	Yellow-legged Gull	1
5532	19769	7058	cowpig1	Columba palumbus	Common Wood-Pigeon	1
5533	24903	7061	grswoo	Dendrocopos major	Great Spotted Woodpecker	1
5567	74733	7148	brnowl	Tyto alba	Barn Owl	1
5572	74155	7208	firecr1	Regulus ignicapilla	Common Firecrest	1
5573	30777	7223	azwmag3	Cyanopica cooki	Iberian Magpie	1
5574	24320	7224	tawowl1	Strix aluco	Tawny Owl	1
5575	19520	7229	comnig1	Luscinia megarhynchos	Common Nightingale	1
5576	18983	7232	winwre4	Troglodytes troglodytes	Eurasian Wren	1
5577	18983	7232	subwar1	Sylvia cantillans	Subalpine Warbler	1
5579	19879	7260	comnig1	Luscinia megarhynchos	Common Nightingale	1
5583	24210	7320	brnowl	Tyto alba	Barn Owl	1
5588	73893	7380	tawowl1	Strix aluco	Tawny Owl	1
5589	65483	7387	eurrob1	Erithacus rubecula	European Robin	1
5590	29128	7390	sposta1	Sturnus unicolor	Spotless Starling	1
5591	20125	7404	comnig1	Luscinia megarhynchos	Common Nightingale	1
5592	19735	7406	cowpig1	Columba palumbus	Common Wood-Pigeon	1
5594	30837	7417	darwar1	Sylvia undata	Dartford Warbler	1
5595	30837	7417	azwmag3	Cyanopica cooki	Iberian Magpie	2
5569	18271	7176	eurrob1	Erithacus rubecula	European Robin	1
5581	37522	7270	tawowl1	Strix aluco	Tawny Owl	1
5584	24217	7331	carcro1	Corvus corone	Carrion Crow	1
5586	64170	7340	eurmag1	Pica pica	Eurasian Magpie	1
5587	37861	7361	carcro1	Corvus corone	Carrion Crow	1
5681	19013	7625	comnig1	Luscinia megarhynchos	Common Nightingale	1
5682	19494	7632	tawowl1	Strix aluco	Tawny Owl	1
5568	29936	7150	darwar1	Sylvia undata	Dartford Warbler	1
5570	24852	7178	blackc1	Sylvia atricapilla	Eurasian Blackcap	1
5571	65405	7190	eurrob1	Erithacus rubecula	European Robin	1
5578	57843	7250	tawowl1	Strix aluco	Tawny Owl	1
5580	57611	7264	eurrob1	Erithacus rubecula	European Robin	1
5582	105683	7281	tawowl1	Strix aluco	Tawny Owl	1
5593	37219	7414	corbun1	Emberiza calandra	Corn Bunting	1
4818	57169	5085	blackc1	Sylvia atricapilla	Eurasian Blackcap	1
4819	57169	5085	eurrob1	Erithacus rubecula	European Robin	1
4820	57169	5085	comcha	Fringilla coelebs	Common Chaffinch	1
4821	19036	5094	tawowl1	Strix aluco	Tawny Owl	1
5226	38543	5629	tawowl1	Strix aluco	Tawny Owl	1
5227	19393	5641	eurbla	Turdus merula	Eurasian Blackbird	1
5236	19420	5709	eursco1	Otus scops	Eurasian Scops-Owl	1
5237	74770	5719	eueowl1	Bubo bubo	Eurasian Eagle-Owl	1
5240	73605	5738	blutit	Cyanistes caeruleus	Eurasian Blue Tit	1
5241	73605	5738	eurrob1	Erithacus rubecula	European Robin	1
5243	37043	5753	comcha	Fringilla coelebs	Common Chaffinch	1
5349	38825	5917	eurbla	Turdus merula	Eurasian Blackbird	1
5354	38850	5991	tawowl1	Strix aluco	Tawny Owl	1
5390	24758	6124	blackc1	Sylvia atricapilla	Eurasian Blackcap	1
5405	73464	6212	brnowl	Tyto alba	Barn Owl	1
5408	29372	6219	sarwar1	Sylvia melanocephala	Sardinian Warbler	1
5412	37519	6237	comcha	Fringilla coelebs	Common Chaffinch	1
5413	19400	6248	eutdov	Streptopelia turtur	European Turtle-Dove	1
5414	19400	6248	comnig1	Luscinia megarhynchos	Common Nightingale	1
5415	19400	6248	eurbla	Turdus merula	Eurasian Blackbird	1
5421	37129	6308	eurnut2	Sitta europaea	Eurasian Nuthatch	1
5428	66462	6358	eurbla	Turdus merula	Eurasian Blackbird	1
5433	29158	6381	azwmag3	Cyanopica cooki	Iberian Magpie	1
5443	19721	6460	eurser1	Serinus serinus	European Serin	1
5444	19721	6460	eugori2	Oriolus oriolus	Eurasian Golden Oriole	1
5445	19721	6460	comcha	Fringilla coelebs	Common Chaffinch	2
5448	24076	6511	tawowl1	Strix aluco	Tawny Owl	1
5449	24566	6520	cowpig1	Columba palumbus	Common Wood-Pigeon	1
5495	37766	6578	comnig1	Luscinia megarhynchos	Common Nightingale	1
5496	18360	6590	comnig1	Luscinia megarhynchos	Common Nightingale	1
5501	30063	6671	grefla3	Phoenicopterus roseus	Greater Flamingo	1
5504	23849	6681	cowpig1	Columba palumbus	Common Wood-Pigeon	1
5510	18352	6750	comnig1	Luscinia megarhynchos	Common Nightingale	1
5513	57072	6802	eurbla	Turdus merula	Eurasian Blackbird	1
5528	30165	7017	eubeat1	Merops apiaster	European Bee-eater	1
5530	20135	7026	comnig1	Luscinia megarhynchos	Common Nightingale	1
5683	63852	7662	carcro1	Corvus corone	Carrion Crow	1
5685	18319	7670	winwre4	Troglodytes troglodytes	Eurasian Wren	1
20100	30473	23562	thelar1	Galerida theklae	Thekla's Lark	1
20102	30885	23567	eubeat1	Merops apiaster	European Bee-eater	1
20103	30430	23568	azwmag3	Cyanopica cooki	Iberian Magpie	1
20099	30976	23560	stonec4	Saxicola rubicola	European Stonechat	1
26285	18787	27128	winwre4	Troglodytes troglodytes	Eurasian Wren	1
26286	18787	27128	comcha	Fringilla coelebs	Common Chaffinch	1
26287	58178	27136	azwmag3	Cyanopica cooki	Iberian Magpie	1
26288	56721	27145	winwre4	Troglodytes troglodytes	Eurasian Wren	1
26289	19732	27155	shttre1	Certhia brachydactyla	Short-toed Treecreeper	1
