species_annotation_id	recording_id	annotation_id	species_code	scientific_name	common_name	occurrence
5792	1394	7849	hoocro1	Corvus cornix	Hooded Crow	1
5793	2100	7850	houspa	Passer domesticus	House Sparrow	1
5794	1338	7851	eursta	Sturnus vulgaris	European Starling	1
5795	1338	7851	euroys1	Haematopus ostralegus	Eurasian Oystercatcher	2
5796	1338	7851	houspa	Passer domesticus	House Sparrow	1
5790	1694	7847	hoocro1	Corvus cornix	Hooded Crow	1
5791	1813	7848	hoocro1	Corvus cornix	Hooded Crow	1
5797	1844	7852	eursta	Sturnus vulgaris	European Starling	1
5798	1844	7852	houspa	Passer domesticus	House Sparrow	1
5800	1578	7854	hergul	Larus argentatus	Herring Gull	2
5801	1578	7854	hoocro1	Corvus cornix	Hooded Crow	1
5799	791	7853	houspa	Passer domesticus	House Sparrow	1
