species_annotation_id	recording_id	annotation_id	species_code	scientific_name	common_name	occurrence
593	85192	615	goldcr1	Regulus regulus	Goldcrest	1
594	85192	615	spofly1	Muscicapa striata	Spotted Flycatcher	2
595	85192	615	wlwwar	Phylloscopus trochilus	Willow Warbler	1
596	85192	615	eurbla	Turdus merula	Eurasian Blackbird	1
597	85192	615	comcha	Fringilla coelebs	Common Chaffinch	1
598	85192	615	stodov1	Columba oenas	Stock Dove	1
599	85117	616	stodov1	Columba oenas	Stock Dove	1
600	85117	616	wlwwar	Phylloscopus trochilus	Willow Warbler	1
601	85117	616	grewhi1	Sylvia communis	Greater Whitethroat	1
602	85045	617	tawowl1	Strix aluco	Tawny Owl	1
603	85213	153	trepip	Anthus trivialis	Tree Pipit	1
582	84692	611	eurjay1	Garrulus glandarius	Eurasian Jay	2
583	82248	612	winwre4	Troglodytes troglodytes	Eurasian Wren	1
584	85050	613	spofly1	Muscicapa striata	Spotted Flycatcher	2
585	85194	614	cretit2	Lophophanes cristatus	Crested Tit	1
586	85194	614	gretit1	Parus major	Great Tit	2
