species_annotation_id	recording_id	annotation_id	species_code	scientific_name	common_name	occurrence
7638	53864	9930	noimin1	Manorina melanocephala	Noisy Miner	1
7633	10781	9928	grysht1	Colluricincla harmonica	Gray Shrikethrush	1
7634	10781	9928	supfai1	Malurus cyaneus	Superb Fairywren	1
7635	10781	9928	fushon1	Ptilotula fusca	Fuscous Honeyeater	1
7636	10781	9928	spopar1	Pardalotus punctatus	Spotted Pardalote	1
7637	53864	9930	ausmag2	Gymnorhina tibicen	Australian Magpie	1
7639	10234	9931	supfai1	Malurus cyaneus	Superb Fairywren	1
7640	10234	9931	brotho1	Acanthiza pusilla	Brown Thornbill	1
7643	11443	9935	fatcuc1	Cacomantis flabelliformis	Fan-tailed Cuckoo	1
7632	9979	9926	sackin1	Todiramphus sanctus	Sacred Kingfisher	1
7644	11023	9936	whttre3	Cormobates leucophaea	White-throated Treecreeper	1
7645	11023	9936	noifri1	Philemon corniculatus	Noisy Friarbird	1
7646	11023	9936	silver3	Zosterops lateralis	Silvereye	1
7647	11023	9936	supfai1	Malurus cyaneus	Superb Fairywren	1
7650	54018	9938	railor5	Trichoglossus moluccanus	Rainbow Lorikeet	1
7910	9331	10052	sackin1	Todiramphus sanctus	Sacred Kingfisher	1
7641	10532	9932	ausmag2	Gymnorhina tibicen	Australian Magpie	1
7642	9516	9934	fatcuc1	Cacomantis flabelliformis	Fan-tailed Cuckoo	1
7648	53720	9937	ausmag2	Gymnorhina tibicen	Australian Magpie	1
7649	53720	9937	noimin1	Manorina melanocephala	Noisy Miner	1
8059	9220	10055	grysht1	Colluricincla harmonica	Gray Shrikethrush	1
8060	9220	10055	fatcuc1	Cacomantis flabelliformis	Fan-tailed Cuckoo	1
8061	9220	10055	silver3	Zosterops lateralis	Silvereye	1
