species_annotation_id	recording_id	annotation_id	species_code	scientific_name	common_name	occurrence
30449	47634	29413	hoared	Acanthis hornemanni	Hoary Redpoll	1
30483	7963	29177	bargoo	Branta leucopsis	Barnacle Goose	2
30461	7568	29390	lotjae	Stercorarius longicaudus	Long-tailed Jaeger	1
30402	7531	29422	retloo	Gavia stellata	Red-throated Loon	1
30468	8082	29293	bargoo	Branta leucopsis	Barnacle Goose	2
30408	7986	29433	sander	Calidris alba	Sanderling	1
30410	7869	29436	lotjae	Stercorarius longicaudus	Long-tailed Jaeger	1
30428	7730	29462	comrav	Corvus corax	Common Raven	1
30422	7500	29450	hoared	Acanthis hornemanni	Hoary Redpoll	1
30424	7958	29452	lotjae	Stercorarius longicaudus	Long-tailed Jaeger	1
30430	7329	29470	retloo	Gavia stellata	Red-throated Loon	1
30442	7414	29169	retloo	Gavia stellata	Red-throated Loon	1
30469	7978	29291	dunlin	Calidris alpina	Dunlin	1
30470	7530	29290	hoared	Acanthis hornemanni	Hoary Redpoll	1
30471	7530	29290	lotjae	Stercorarius longicaudus	Long-tailed Jaeger	1
30481	7727	29181	redkno	Calidris canutus	Red Knot	2
30448	7651	29418	pifgoo	Anser brachyrhynchus	Pink-footed Goose	2
30178	7752	29179	comrav	Corvus corax	Common Raven	1
30477	7332	29187	corplo	Charadrius hiaticula	Common Ringed Plover	1
30475	7607	29188	sander	Calidris alba	Sanderling	2
30467	7606	29298	bargoo	Branta leucopsis	Barnacle Goose	2
30394	47488	29400	comrav	Corvus corax	Common Raven	1
30472	7919	29289	pifgoo	Anser brachyrhynchus	Pink-footed Goose	2
30405	7387	29428	retloo	Gavia stellata	Red-throated Loon	1
30401	7892	29421	lotjae	Stercorarius longicaudus	Long-tailed Jaeger	1
30407	8086	29431	snoowl1	Bubo scandiacus	Snowy Owl	1
30416	7782	29442	bargoo	Branta leucopsis	Barnacle Goose	1
30419	7787	29446	retloo	Gavia stellata	Red-throated Loon	1
30423	7458	29451	retloo	Gavia stellata	Red-throated Loon	1
30426	7399	29458	corplo	Charadrius hiaticula	Common Ringed Plover	1
30429	7406	29469	lotjae	Stercorarius longicaudus	Long-tailed Jaeger	1
30437	7522	29482	hoared	Acanthis hornemanni	Hoary Redpoll	1
30438	7857	29483	corplo	Charadrius hiaticula	Common Ringed Plover	1
30439	7416	29159	lotjae	Stercorarius longicaudus	Long-tailed Jaeger	1
30441	7845	29165	lotjae	Stercorarius longicaudus	Long-tailed Jaeger	1
30445	7917	29438	pifgoo	Anser brachyrhynchus	Pink-footed Goose	2
30479	7809	29183	retloo	Gavia stellata	Red-throated Loon	1
30446	7680	29430	pifgoo	Anser brachyrhynchus	Pink-footed Goose	2
30450	7797	29399	lotjae	Stercorarius longicaudus	Long-tailed Jaeger	1
30484	8083	29176	bargoo	Branta leucopsis	Barnacle Goose	1
30478	7356	29184	retloo	Gavia stellata	Red-throated Loon	1
30384	7586	29391	bargoo	Branta leucopsis	Barnacle Goose	1
30460	8066	29392	lotjae	Stercorarius longicaudus	Long-tailed Jaeger	1
30462	7828	29389	dunlin	Calidris alpina	Dunlin	1
30404	7905	29427	dunlin	Calidris alpina	Dunlin	1
30409	7985	29434	lotjae	Stercorarius longicaudus	Long-tailed Jaeger	1
30411	7559	29437	lotjae	Stercorarius longicaudus	Long-tailed Jaeger	1
30415	7378	29440	retloo	Gavia stellata	Red-throated Loon	1
30420	7686	29448	bargoo	Branta leucopsis	Barnacle Goose	1
30427	7829	29461	dunlin	Calidris alpina	Dunlin	1
30435	7653	29479	corplo	Charadrius hiaticula	Common Ringed Plover	1
30436	7588	29481	bargoo	Branta leucopsis	Barnacle Goose	1
30440	8050	29162	lotjae	Stercorarius longicaudus	Long-tailed Jaeger	1
30443	7347	29170	lotjae	Stercorarius longicaudus	Long-tailed Jaeger	1
30444	7738	29172	snobun	Plectrophenax nivalis	Snow Bunting	1
30447	7762	29420	pifgoo	Anser brachyrhynchus	Pink-footed Goose	2
30170	7744	29161	retloo	Gavia stellata	Red-throated Loon	1
30451	7772	29398	pifgoo	Anser brachyrhynchus	Pink-footed Goose	1
30480	7574	29182	lotjae	Stercorarius longicaudus	Long-tailed Jaeger	1
30474	7402	29189	hoared	Acanthis hornemanni	Hoary Redpoll	1
30453	7806	29395	lotjae	Stercorarius longicaudus	Long-tailed Jaeger	1
30414	7889	29439	retloo	Gavia stellata	Red-throated Loon	1
30454	7806	29395	bargoo	Branta leucopsis	Barnacle Goose	1
30403	7462	29425	lotjae	Stercorarius longicaudus	Long-tailed Jaeger	1
30417	7543	29443	dunlin	Calidris alpina	Dunlin	1
30418	7701	29444	lotjae	Stercorarius longicaudus	Long-tailed Jaeger	1
30452	7766	29396	bargoo	Branta leucopsis	Barnacle Goose	2
30425	7725	29455	bargoo	Branta leucopsis	Barnacle Goose	1
30434	7990	29476	dunlin	Calidris alpina	Dunlin	1
30457	7422	29393	pifgoo	Anser brachyrhynchus	Pink-footed Goose	2
30458	7804	29394	bargoo	Branta leucopsis	Barnacle Goose	2
30459	7804	29394	retloo	Gavia stellata	Red-throated Loon	1
30465	7741	29302	lotjae	Stercorarius longicaudus	Long-tailed Jaeger	1
30466	7852	29300	lotjae	Stercorarius longicaudus	Long-tailed Jaeger	1
