species_annotation_id	recording_id	annotation_id	species_code	scientific_name	common_name	occurrence
6063	69039	8104	eurmag1	Pica pica	Eurasian Magpie	1
6064	69039	8104	gretit1	Parus major	Great Tit	1
6593	68831	8914	itaspa1	Passer italiae	Italian Sparrow	1
6589	68555	8912	eurmag1	Pica pica	Eurasian Magpie	1
6590	68555	8912	blackc1	Sylvia atricapilla	Eurasian Blackcap	1
6591	68555	8912	itaspa1	Passer italiae	Italian Sparrow	1
6592	68831	8914	eurgol	Carduelis carduelis	European Goldfinch	1
6597	69058	8918	cetwar1	Cettia cetti	Cetti's Warbler	1
6600	68920	8923	eurgre1	Chloris chloris	European Greenfinch	1
6601	68920	8923	eurgol	Carduelis carduelis	European Goldfinch	1
6602	68795	8924	blutit	Cyanistes caeruleus	Eurasian Blue Tit	1
6603	68795	8924	comcha	Fringilla coelebs	Common Chaffinch	1
6606	68844	8930	eurgol	Carduelis carduelis	European Goldfinch	1
6607	68715	8931	eucdov	Streptopelia decaocto	Eurasian Collared-Dove	1
6608	68715	8931	blutit	Cyanistes caeruleus	Eurasian Blue Tit	2
6612	68720	8938	blackc1	Sylvia atricapilla	Eurasian Blackcap	1
6614	68855	8945	eurrob1	Erithacus rubecula	European Robin	1
6616	68746	8947	blackc1	Sylvia atricapilla	Eurasian Blackcap	1
6617	68746	8947	cetwar1	Cettia cetti	Cetti's Warbler	1
6619	68571	8949	eurrob1	Erithacus rubecula	European Robin	1
6620	68571	8949	cetwar1	Cettia cetti	Cetti's Warbler	1
6622	68588	8952	blared1	Phoenicurus ochruros	Black Redstart	1
6623	68588	8952	blackc1	Sylvia atricapilla	Eurasian Blackcap	1
6624	68561	8953	eurmag1	Pica pica	Eurasian Magpie	1
6625	68949	8955	cetwar1	Cettia cetti	Cetti's Warbler	1
6626	68949	8955	eurgol	Carduelis carduelis	European Goldfinch	1
6627	68979	8956	blutit	Cyanistes caeruleus	Eurasian Blue Tit	1
6630	68958	8958	eurjac	Corvus monedula	Eurasian Jackdaw	1
6632	68894	8961	eurgol	Carduelis carduelis	European Goldfinch	1
6633	68906	8962	eurjac	Corvus monedula	Eurasian Jackdaw	1
6634	68906	8962	eurgol	Carduelis carduelis	European Goldfinch	1
6581	68834	8905	eurgol	Carduelis carduelis	European Goldfinch	1
6586	69010	8908	blared1	Phoenicurus ochruros	Black Redstart	1
6584	68816	8906	eurrob1	Erithacus rubecula	European Robin	1
6585	68593	8907	blackc1	Sylvia atricapilla	Eurasian Blackcap	1
6587	68895	8910	lottit1	Aegithalos caudatus	Long-tailed Tit	1
6588	68861	8911	eurbla	Turdus merula	Eurasian Blackbird	1
6594	68879	8915	eurgre1	Chloris chloris	European Greenfinch	1
6595	68879	8915	blackc1	Sylvia atricapilla	Eurasian Blackcap	1
6596	68879	8915	eurgol	Carduelis carduelis	European Goldfinch	1
6598	68880	8922	eucdov	Streptopelia decaocto	Eurasian Collared-Dove	1
6599	68880	8922	gretit1	Parus major	Great Tit	1
6604	68930	8928	cetwar1	Cettia cetti	Cetti's Warbler	1
6605	68841	8929	sarwar1	Sylvia melanocephala	Sardinian Warbler	1
6609	68982	8933	eurmag1	Pica pica	Eurasian Magpie	1
6610	68790	8934	blutit	Cyanistes caeruleus	Eurasian Blue Tit	1
6611	68552	8937	eurmag1	Pica pica	Eurasian Magpie	1
6613	68835	8939	eurgol	Carduelis carduelis	European Goldfinch	1
6615	68947	8946	blutit	Cyanistes caeruleus	Eurasian Blue Tit	1
6618	68577	8948	eurrob1	Erithacus rubecula	European Robin	1
6621	68836	8951	blared1	Phoenicurus ochruros	Black Redstart	1
6628	68590	8957	cetwar1	Cettia cetti	Cetti's Warbler	1
6629	68590	8957	blackc1	Sylvia atricapilla	Eurasian Blackcap	1
6631	68606	8959	eucdov	Streptopelia decaocto	Eurasian Collared-Dove	1
6635	68684	8963	eurgol	Carduelis carduelis	European Goldfinch	1
6636	68684	8963	eucdov	Streptopelia decaocto	Eurasian Collared-Dove	1
6637	68785	8965	blackc1	Sylvia atricapilla	Eurasian Blackcap	1
9899	68597	11304	eurgol	Carduelis carduelis	European Goldfinch	1
9900	68860	11305	eurbla	Turdus merula	Eurasian Blackbird	1
9901	28225	11306	winwre4	Troglodytes troglodytes	Eurasian Wren	1
9902	68933	11307	cetwar1	Cettia cetti	Cetti's Warbler	1
9903	68568	11308	eurrob1	Erithacus rubecula	European Robin	1
9904	28078	11309	comcha	Fringilla coelebs	Common Chaffinch	1
9906	28096	11312	grswoo	Dendrocopos major	Great Spotted Woodpecker	1
9907	27669	11314	cowpig1	Columba palumbus	Common Wood-Pigeon	1
9908	27784	11315	sarwar1	Sylvia melanocephala	Sardinian Warbler	1
9910	27783	11322	subwar1	Sylvia cantillans	Subalpine Warbler	1
9912	28212	11324	gretit1	Parus major	Great Tit	1
9911	28071	11323	comnig1	Luscinia megarhynchos	Common Nightingale	1
17516	28292	22447	eurmag1	Pica pica	Eurasian Magpie	1
17517	165546	22448	comred2	Phoenicurus phoenicurus	Common Redstart	1
18466	164161	22932	comchi1	Phylloscopus collybita	Common Chiffchaff	1
18470	164264	22934	comred2	Phoenicurus phoenicurus	Common Redstart	1
18443	165480	22909	cowpig1	Columba palumbus	Common Wood-Pigeon	1
18455	27369	22921	comcha	Fringilla coelebs	Common Chaffinch	1
18488	166929	22953	eucdov	Streptopelia decaocto	Eurasian Collared-Dove	1
18489	166929	22953	blackc1	Sylvia atricapilla	Eurasian Blackcap	1
18490	167234	22955	comswi	Apus apus	Common Swift	1
18495	68971	22963	blackc1	Sylvia atricapilla	Eurasian Blackcap	1
18496	68971	22963	eurrob1	Erithacus rubecula	European Robin	1
18501	165237	22968	eurbla	Turdus merula	Eurasian Blackbird	1
18502	165237	22968	comred2	Phoenicurus phoenicurus	Common Redstart	1
18505	28543	22971	eurmag1	Pica pica	Eurasian Magpie	1
18506	28543	22971	eurjay1	Garrulus glandarius	Eurasian Jay	1
18507	28543	22971	grswoo	Dendrocopos major	Great Spotted Woodpecker	1
18441	165536	22908	comred2	Phoenicurus phoenicurus	Common Redstart	1
18442	165536	22908	gretit1	Parus major	Great Tit	1
18444	164705	22911	cirbun1	Emberiza cirlus	Cirl Bunting	1
18445	164705	22911	eurmag1	Pica pica	Eurasian Magpie	1
18447	164821	22913	eursco1	Otus scops	Eurasian Scops-Owl	1
18451	165014	22916	eurrob1	Erithacus rubecula	European Robin	1
18452	164382	22919	comswi	Apus apus	Common Swift	1
18453	164382	22919	itaspa1	Passer italiae	Italian Sparrow	1
18454	164382	22919	cohmar1	Delichon urbicum	Common House-Martin	1
18459	28581	22925	grswoo	Dendrocopos major	Great Spotted Woodpecker	1
18462	28027	22927	eurjay1	Garrulus glandarius	Eurasian Jay	2
18467	68925	22933	eurmag1	Pica pica	Eurasian Magpie	1
18468	68925	22933	whiwag	Motacilla alba	White Wagtail	1
18469	68925	22933	gretit1	Parus major	Great Tit	1
18472	28886	22936	comcha	Fringilla coelebs	Common Chaffinch	1
18474	166941	22938	itaspa1	Passer italiae	Italian Sparrow	1
18483	68646	22949	eucdov	Streptopelia decaocto	Eurasian Collared-Dove	1
18485	165559	22952	comred2	Phoenicurus phoenicurus	Common Redstart	1
18486	165559	22952	comswi	Apus apus	Common Swift	1
18487	165559	22952	blackc1	Sylvia atricapilla	Eurasian Blackcap	1
18494	164694	22961	eurbla	Turdus merula	Eurasian Blackbird	1
18498	68663	22965	eurmag1	Pica pica	Eurasian Magpie	2
18503	27787	22970	eurjac	Corvus monedula	Eurasian Jackdaw	1
18504	27787	22970	subwar1	Sylvia cantillans	Subalpine Warbler	2
17712	166141	22534	sarwar1	Sylvia melanocephala	Sardinian Warbler	1
17691	164944	22512	eurjac	Corvus monedula	Eurasian Jackdaw	1
17692	164944	22512	firecr1	Regulus ignicapilla	Common Firecrest	1
17711	166141	22534	zitcis1	Cisticola juncidis	Zitting Cisticola	1
18449	28897	22915	grswoo	Dendrocopos major	Great Spotted Woodpecker	1
18450	28897	22915	comcha	Fringilla coelebs	Common Chaffinch	1
18460	68987	22926	carcro1	Corvus corone	Carrion Crow	1
18461	68987	22926	blutit	Cyanistes caeruleus	Eurasian Blue Tit	1
18465	28580	22931	eurjay1	Garrulus glandarius	Eurasian Jay	1
18476	28902	22940	comcha	Fringilla coelebs	Common Chaffinch	1
18478	68744	22943	eurmag1	Pica pica	Eurasian Magpie	1
18491	166365	22956	blackc1	Sylvia atricapilla	Eurasian Blackcap	1
18492	68863	22957	sarwar1	Sylvia melanocephala	Sardinian Warbler	1
18493	167141	22959	comswi	Apus apus	Common Swift	1
18500	166948	22967	eurjac	Corvus monedula	Eurasian Jackdaw	2
17701	164205	22523	eurbla	Turdus merula	Eurasian Blackbird	1
17713	28568	22535	lottit1	Aegithalos caudatus	Long-tailed Tit	1
17693	166234	22514	blackc1	Sylvia atricapilla	Eurasian Blackcap	1
17696	28601	22519	comcha	Fringilla coelebs	Common Chaffinch	1
17697	28601	22519	eurjay1	Garrulus glandarius	Eurasian Jay	1
17698	166733	22520	blackc1	Sylvia atricapilla	Eurasian Blackcap	1
17699	164406	22521	eugwoo2	Picus viridis	Eurasian Green Woodpecker	1
17702	166855	22525	eurrob1	Erithacus rubecula	European Robin	1
17705	165919	22529	blackc1	Sylvia atricapilla	Eurasian Blackcap	1
17706	165919	22529	eucdov	Streptopelia decaocto	Eurasian Collared-Dove	1
17707	165914	22532	itaspa1	Passer italiae	Italian Sparrow	1
17714	27384	22538	sarwar1	Sylvia melanocephala	Sardinian Warbler	1
17688	165743	22510	comswi	Apus apus	Common Swift	1
17689	165743	22510	cohmar1	Delichon urbicum	Common House-Martin	1
17690	165743	22510	itaspa1	Passer italiae	Italian Sparrow	1
17694	166213	22516	ortdov	Streptopelia orientalis	Oriental Turtle-Dove	1
17695	68955	22517	eurgre1	Chloris chloris	European Greenfinch	1
17700	167043	22522	eucdov	Streptopelia decaocto	Eurasian Collared-Dove	1
17703	68708	22527	eurrob1	Erithacus rubecula	European Robin	1
17704	165945	22528	whiwag	Motacilla alba	White Wagtail	1
17708	166203	22533	comswi	Apus apus	Common Swift	1
17709	166203	22533	eurbla	Turdus merula	Eurasian Blackbird	1
17710	166203	22533	itaspa1	Passer italiae	Italian Sparrow	1
17715	165148	22539	itaspa1	Passer italiae	Italian Sparrow	1
17716	165148	22539	zitcis1	Cisticola juncidis	Zitting Cisticola	1
18446	165174	22912	sarwar1	Sylvia melanocephala	Sardinian Warbler	1
18448	165917	22914	itaspa1	Passer italiae	Italian Sparrow	1
18456	167302	22922	eurlin1	Linaria cannabina	Eurasian Linnet	1
18457	27848	22923	carcro1	Corvus corone	Carrion Crow	1
18458	27848	22923	eugori2	Oriolus oriolus	Eurasian Golden Oriole	1
18463	28306	22928	eurmag1	Pica pica	Eurasian Magpie	1
18464	166602	22930	comred2	Phoenicurus phoenicurus	Common Redstart	1
18471	167031	22935	gretit1	Parus major	Great Tit	1
18473	166374	22937	eurgre1	Chloris chloris	European Greenfinch	1
18475	164989	22939	eurrob1	Erithacus rubecula	European Robin	1
18477	164285	22942	eurgre1	Chloris chloris	European Greenfinch	1
18479	164303	22945	eurmag1	Pica pica	Eurasian Magpie	1
18480	164303	22945	eucdov	Streptopelia decaocto	Eurasian Collared-Dove	1
18481	165795	22946	blackc1	Sylvia atricapilla	Eurasian Blackcap	1
18499	28350	22966	comcha	Fringilla coelebs	Common Chaffinch	1
18484	27744	22950	eurmag1	Pica pica	Eurasian Magpie	1
18497	28164	22964	comnig1	Luscinia megarhynchos	Common Nightingale	1
35784	164991	35653	eurrob1	Erithacus rubecula	European Robin	1
35786	68832	35662	eurgol	Carduelis carduelis	European Goldfinch	1
35785	165853	35654	blackc1	Sylvia atricapilla	Eurasian Blackcap	1
39290	166554	38065	eucdov	Streptopelia decaocto	Eurasian Collared-Dove	1
39291	166554	38065	comswi	Apus apus	Common Swift	1
39292	166554	38065	itaspa1	Passer italiae	Italian Sparrow	1
39295	165654	38069	comred2	Phoenicurus phoenicurus	Common Redstart	1
39274	164262	38054	comred2	Phoenicurus phoenicurus	Common Redstart	1
39275	164262	38054	eurmag1	Pica pica	Eurasian Magpie	1
39281	166663	38057	comred2	Phoenicurus phoenicurus	Common Redstart	1
39282	166663	38057	itaspa1	Passer italiae	Italian Sparrow	1
39283	166663	38057	eurgol	Carduelis carduelis	European Goldfinch	1
39284	165344	38060	comswi	Apus apus	Common Swift	1
39285	165344	38060	eurgre1	Chloris chloris	European Greenfinch	1
39286	164689	38061	cirbun1	Emberiza cirlus	Cirl Bunting	1
39287	164689	38061	blutit	Cyanistes caeruleus	Eurasian Blue Tit	1
39288	164689	38061	whiwag	Motacilla alba	White Wagtail	1
39296	164523	38071	eurbla	Turdus merula	Eurasian Blackbird	1
39297	164523	38071	gretit1	Parus major	Great Tit	1
39298	164523	38071	comred2	Phoenicurus phoenicurus	Common Redstart	1
39299	164523	38071	combuz1	Buteo buteo	Common Buzzard	1
39293	164431	38067	cohmar1	Delichon urbicum	Common House-Martin	1
39294	28820	38068	sarwar1	Sylvia melanocephala	Sardinian Warbler	1
39278	27835	38055	comcha	Fringilla coelebs	Common Chaffinch	1
39279	27835	38055	eurbla	Turdus merula	Eurasian Blackbird	1
39280	165995	38056	eucdov	Streptopelia decaocto	Eurasian Collared-Dove	1
39289	27557	38063	loeowl	Asio otus	Long-eared Owl	1
58752	165943	53160	eurser1	Serinus serinus	European Serin	1
58756	166199	53161	blackc1	Sylvia atricapilla	Eurasian Blackcap	1
58757	166199	53161	eutdov	Streptopelia turtur	European Turtle-Dove	1
58758	166199	53161	eurrob1	Erithacus rubecula	European Robin	1
58759	27475	53163	itaspa1	Passer italiae	Italian Sparrow	1
