species_annotation_id	recording_id	annotation_id	species_code	scientific_name	common_name	occurrence
18237	54167	22799	noimin1	Manorina melanocephala	Noisy Miner	1
18242	158645	22802	railor5	Trichoglossus moluccanus	Rainbow Lorikeet	1
18243	158645	22802	noimin1	Manorina melanocephala	Noisy Miner	1
18245	53537	22824	noimin1	Manorina melanocephala	Noisy Miner	1
18246	53537	22824	ausmag2	Gymnorhina tibicen	Australian Magpie	1
18250	159764	22833	noimin1	Manorina melanocephala	Noisy Miner	1
18254	159454	22837	noimin1	Manorina melanocephala	Noisy Miner	1
18255	159454	22837	railor5	Trichoglossus moluccanus	Rainbow Lorikeet	1
18256	159454	22837	ausmag2	Gymnorhina tibicen	Australian Magpie	1
18257	159479	22839	ausmag2	Gymnorhina tibicen	Australian Magpie	1
18258	159479	22839	railor5	Trichoglossus moluccanus	Rainbow Lorikeet	1
18259	53604	22840	noimin1	Manorina melanocephala	Noisy Miner	1
18260	53604	22840	ausmag2	Gymnorhina tibicen	Australian Magpie	1
18261	53604	22840	railor5	Trichoglossus moluccanus	Rainbow Lorikeet	1
18214	159587	22771	ausmag2	Gymnorhina tibicen	Australian Magpie	1
18216	11295	22775	easwhi1	Psophodes olivaceus	Eastern Whipbird	2
18221	158058	22780	railor5	Trichoglossus moluccanus	Rainbow Lorikeet	1
18222	158058	22780	ausmag2	Gymnorhina tibicen	Australian Magpie	2
18213	159587	22771	noimin1	Manorina melanocephala	Noisy Miner	1
18231	159888	22793	railor5	Trichoglossus moluccanus	Rainbow Lorikeet	2
18232	159888	22793	scblor1	Trichoglossus chlorolepidotus	Scaly-breasted Lorikeet	2
18234	53792	22795	noimin1	Manorina melanocephala	Noisy Miner	2
18238	159457	22800	noimin1	Manorina melanocephala	Noisy Miner	1
18239	159457	22800	railor5	Trichoglossus moluccanus	Rainbow Lorikeet	1
18240	160475	22801	railor5	Trichoglossus moluccanus	Rainbow Lorikeet	1
18241	160475	22801	noimin1	Manorina melanocephala	Noisy Miner	2
18225	158779	22782	railor5	Trichoglossus moluccanus	Rainbow Lorikeet	1
18236	158134	22798	noimin1	Manorina melanocephala	Noisy Miner	1
18217	159004	22776	laukoo1	Dacelo novaeguineae	Laughing Kookaburra	1
18219	160446	22778	noimin1	Manorina melanocephala	Noisy Miner	1
18251	160566	22834	noimin1	Manorina melanocephala	Noisy Miner	1
18215	9343	22772	ausmag2	Gymnorhina tibicen	Australian Magpie	1
18218	159925	22777	noimin1	Manorina melanocephala	Noisy Miner	1
18220	157795	22779	ausmag2	Gymnorhina tibicen	Australian Magpie	1
18223	158010	22781	railor5	Trichoglossus moluccanus	Rainbow Lorikeet	1
18224	158010	22781	ausmag2	Gymnorhina tibicen	Australian Magpie	2
18247	159297	22825	noimin1	Manorina melanocephala	Noisy Miner	1
18248	159280	22827	railor5	Trichoglossus moluccanus	Rainbow Lorikeet	1
18249	159280	22827	maglar1	Grallina cyanoleuca	Magpie-lark	1
18252	159081	22835	noimin1	Manorina melanocephala	Noisy Miner	1
18253	54059	22836	noimin1	Manorina melanocephala	Noisy Miner	2
32844	158777	31395	noimin1	Manorina melanocephala	Noisy Miner	1
32841	160337	31391	piecur1	Strepera graculina	Pied Currawong	1
32842	157923	31393	noimin1	Manorina melanocephala	Noisy Miner	1
32843	158119	31394	maslap1	Vanellus miles	Masked Lapwing	1
