species_annotation_id	recording_id	annotation_id	species_code	scientific_name	common_name	occurrence
5629	103144	7516	eurbla	Turdus merula	Eurasian Blackbird	1
5630	96663	7518	eurbla	Turdus merula	Eurasian Blackbird	1
5638	101755	7532	goldcr1	Regulus regulus	Goldcrest	1
5633	102444	7521	wlwwar	Phylloscopus trochilus	Willow Warbler	2
5636	89978	7528	eurbla	Turdus merula	Eurasian Blackbird	1
5634	89058	7522	garwar1	Sylvia borin	Garden Warbler	2
5635	90293	7526	goldcr1	Regulus regulus	Goldcrest	1
5632	89474	7520	hoocro1	Corvus cornix	Hooded Crow	1
5637	89831	7529	eurrob1	Erithacus rubecula	European Robin	1
