species_annotation_id	recording_id	annotation_id	species_code	scientific_name	common_name	occurrence
15699	75958	20279	silver3	Zosterops lateralis	Silvereye	1
15716	76417	20292	railor5	Trichoglossus moluccanus	Rainbow Lorikeet	1
15717	76417	20292	ausmag2	Gymnorhina tibicen	Australian Magpie	1
15749	76322	20328	railor5	Trichoglossus moluccanus	Rainbow Lorikeet	1
15738	75627	20315	rtbcoc1	Calyptorhynchus banksii	Red-tailed Black-Cockatoo	1
15748	75579	20327	slbblc1	Calyptorhynchus latirostris	Carnaby's Black-Cockatoo	1
15750	76322	20328	rtbcoc1	Calyptorhynchus banksii	Red-tailed Black-Cockatoo	1
15754	76109	20334	railor5	Trichoglossus moluccanus	Rainbow Lorikeet	1
15704	76327	20283	weebil1	Smicrornis brevirostris	Weebill	1
15705	76327	20283	sinhon1	Gavicalis virescens	Singing Honeyeater	1
15706	76327	20283	ausrav1	Corvus coronoides	Australian Raven	1
15726	75744	20302	ausmag2	Gymnorhina tibicen	Australian Magpie	1
15727	75600	20304	railor5	Trichoglossus moluccanus	Rainbow Lorikeet	1
15731	75635	20308	railor5	Trichoglossus moluccanus	Rainbow Lorikeet	1
15732	76262	20309	grybut1	Cracticus torquatus	Gray Butcherbird	1
15733	76262	20309	ausmag2	Gymnorhina tibicen	Australian Magpie	1
15734	75901	20311	grybut1	Cracticus torquatus	Gray Butcherbird	1
15696	75586	20276	railor5	Trichoglossus moluccanus	Rainbow Lorikeet	1
15700	75361	20281	laukoo1	Dacelo novaeguineae	Laughing Kookaburra	1
15701	75361	20281	ausrav1	Corvus coronoides	Australian Raven	1
15707	75595	20284	sinhon1	Gavicalis virescens	Singing Honeyeater	1
15709	76342	20288	weebil1	Smicrornis brevirostris	Weebill	1
15710	76342	20288	rtbcoc1	Calyptorhynchus banksii	Red-tailed Black-Cockatoo	1
15720	76047	20296	grybut1	Cracticus torquatus	Gray Butcherbird	1
15721	76047	20296	nehhon2	Phylidonyris novaehollandiae	New Holland Honeyeater	1
15722	75320	20297	ausrav1	Corvus coronoides	Australian Raven	1
15723	75927	20298	souboo8	Ninox boobook	Southern Boobook	1
15728	76334	20305	slbblc1	Calyptorhynchus latirostris	Carnaby's Black-Cockatoo	1
15729	75277	20306	railor5	Trichoglossus moluccanus	Rainbow Lorikeet	1
15730	75603	20307	sinhon1	Gavicalis virescens	Singing Honeyeater	1
15735	76063	20313	rabeat1	Merops ornatus	Rainbow Bee-eater	1
15737	76429	20314	railor5	Trichoglossus moluccanus	Rainbow Lorikeet	1
15739	76133	20316	railor5	Trichoglossus moluccanus	Rainbow Lorikeet	1
15740	75419	20319	ausrav1	Corvus coronoides	Australian Raven	1
15741	75419	20319	sinhon1	Gavicalis virescens	Singing Honeyeater	1
15746	76071	20326	silver3	Zosterops lateralis	Silvereye	1
15747	76071	20326	golwhi1	Pachycephala pectoralis	Golden Whistler	1
15751	75504	20329	rtbcoc1	Calyptorhynchus banksii	Red-tailed Black-Cockatoo	1
15752	75673	20331	railor5	Trichoglossus moluccanus	Rainbow Lorikeet	1
15755	75450	20335	railor5	Trichoglossus moluccanus	Rainbow Lorikeet	1
15756	75450	20335	rtbcoc1	Calyptorhynchus banksii	Red-tailed Black-Cockatoo	1
15757	75450	20335	ausmag2	Gymnorhina tibicen	Australian Magpie	1
15697	75517	20278	sinhon1	Gavicalis virescens	Singing Honeyeater	1
15698	75517	20278	railor5	Trichoglossus moluccanus	Rainbow Lorikeet	1
15702	75357	20282	weebil1	Smicrornis brevirostris	Weebill	1
15703	75357	20282	railor5	Trichoglossus moluccanus	Rainbow Lorikeet	1
15708	75972	20286	railor5	Trichoglossus moluccanus	Rainbow Lorikeet	1
15711	75271	20289	sinhon1	Gavicalis virescens	Singing Honeyeater	1
15712	75271	20289	ausrav1	Corvus coronoides	Australian Raven	1
15713	76079	20290	rabeat1	Merops ornatus	Rainbow Bee-eater	1
15714	76079	20290	redwat1	Anthochaera carunculata	Red Wattlebird	1
15715	75253	20291	brohon1	Lichmera indistincta	Brown Honeyeater	1
15718	75574	20294	redwat1	Anthochaera carunculata	Red Wattlebird	1
15719	75574	20294	railor5	Trichoglossus moluccanus	Rainbow Lorikeet	1
15724	75553	20300	slbblc1	Calyptorhynchus latirostris	Carnaby's Black-Cockatoo	1
15725	75553	20300	sinhon1	Gavicalis virescens	Singing Honeyeater	1
15742	76188	20320	rtbcoc1	Calyptorhynchus banksii	Red-tailed Black-Cockatoo	1
15743	76289	20321	ausmag2	Gymnorhina tibicen	Australian Magpie	1
15744	76271	20324	grybut1	Cracticus torquatus	Gray Butcherbird	1
15745	75891	20325	rtbcoc1	Calyptorhynchus banksii	Red-tailed Black-Cockatoo	1
15753	75378	20333	sinhon1	Gavicalis virescens	Singing Honeyeater	1
15758	75886	20337	railor5	Trichoglossus moluccanus	Rainbow Lorikeet	1
