species_annotation_id	recording_id	annotation_id	species_code	scientific_name	common_name	occurrence
6474	80980	8707	pinwar	Setophaga pinus	Pine Warbler	1
6475	80980	8707	ovenbi1	Seiurus aurocapilla	Ovenbird	1
6476	46680	8708	rebwoo	Melanerpes carolinus	Red-bellied Woodpecker	1
6477	80944	8710	rewbla	Agelaius phoeniceus	Red-winged Blackbird	1
6478	80636	8711	rewbla	Agelaius phoeniceus	Red-winged Blackbird	1
6484	46748	8749	comrav	Corvus corax	Common Raven	1
6488	80351	8754	bkcchi	Poecile atricapillus	Black-capped Chickadee	1
6489	6923	8755	wiltur	Meleagris gallopavo	Wild Turkey	2
6529	6998	8801	blujay	Cyanocitta cristata	Blue Jay	1
6530	79794	8802	reevir1	Vireo olivaceus	Red-eyed Vireo	1
6531	80455	8805	indbun	Passerina cyanea	Indigo Bunting	1
6532	80455	8805	rewbla	Agelaius phoeniceus	Red-winged Blackbird	1
6534	80482	8807	cedwax	Bombycilla cedrorum	Cedar Waxwing	1
6479	80851	8712	rewbla	Agelaius phoeniceus	Red-winged Blackbird	1
6480	79785	8713	reevir1	Vireo olivaceus	Red-eyed Vireo	1
6482	80107	8717	blujay	Cyanocitta cristata	Blue Jay	1
6483	79799	8718	bkcchi	Poecile atricapillus	Black-capped Chickadee	1
6485	47127	8750	bkcchi	Poecile atricapillus	Black-capped Chickadee	1
6541	46805	8832	yebsap	Sphyrapicus varius	Yellow-bellied Sapsucker	2
6573	47009	8870	pilwoo	Dryocopus pileatus	Pileated Woodpecker	1
6574	80077	8875	bkcchi	Poecile atricapillus	Black-capped Chickadee	1
6645	47007	8975	cedwax	Bombycilla cedrorum	Cedar Waxwing	2
6646	6831	8976	blujay	Cyanocitta cristata	Blue Jay	1
6647	6956	8977	bkcchi	Poecile atricapillus	Black-capped Chickadee	1
6648	46883	8993	norfli	Colaptes auratus	Northern Flicker	1
6481	80344	8714	norcar	Cardinalis cardinalis	Northern Cardinal	2
6486	79898	8751	blujay	Cyanocitta cristata	Blue Jay	1
6487	46979	8753	bkcchi	Poecile atricapillus	Black-capped Chickadee	1
6533	80884	8806	magwar	Setophaga magnolia	Magnolia Warbler	1
6576	80302	8877	bkcchi	Poecile atricapillus	Black-capped Chickadee	1
6572	80690	8869	blujay	Cyanocitta cristata	Blue Jay	1
6575	80302	8877	blujay	Cyanocitta cristata	Blue Jay	1
6643	6873	8973	whbnut	Sitta carolinensis	White-breasted Nuthatch	1
6644	46852	8974	bkcchi	Poecile atricapillus	Black-capped Chickadee	1
6649	46670	8997	sposan	Actitis macularius	Spotted Sandpiper	1
