species_annotation_id	recording_id	annotation_id	species_code	scientific_name	common_name	occurrence
6437	137248	8558	eurbla	Turdus merula	Eurasian Blackbird	1
6438	138321	8561	tui1	Prosthemadera novaeseelandiae	Tui	1
6439	138683	8563	morepo2	Ninox novaeseelandiae	Morepork	2
15817	138988	20580	nezfan1	Rhipidura fuliginosa	New Zealand Fantail	2
15818	138225	20583	morepo2	Ninox novaeseelandiae	Morepork	1
15820	138330	20597	tui1	Prosthemadera novaeseelandiae	Tui	1
15822	139023	20601	eurbla	Turdus merula	Eurasian Blackbird	1
15816	138068	20577	morepo2	Ninox novaeseelandiae	Morepork	1
15821	137382	20598	tui1	Prosthemadera novaeseelandiae	Tui	1
