species_annotation_id	recording_id	annotation_id	species_code	scientific_name	common_name	occurrence
15173	110591	19039	puteup1	Euphonia chlorotica	Purple-throated Euphonia	1
15174	110590	19041	puteup1	Euphonia chlorotica	Purple-throated Euphonia	1
15175	111835	19043	trsowl	Megascops choliba	Tropical Screech-Owl	1
15176	111112	19054	puteup1	Euphonia chlorotica	Purple-throated Euphonia	1
13334	109917	15079	yebfly1	Tolmomyias flaviventris	Yellow-breasted Flycatcher	1
13324	111618	15033	lobwre1	Cantorchilus longirostris	Long-billed Wren	1
13325	111221	15035	yebfly1	Tolmomyias flaviventris	Yellow-breasted Flycatcher	1
13504	109868	15290	trsowl	Megascops choliba	Tropical Screech-Owl	1
13509	111891	15298	puteup1	Euphonia chlorotica	Purple-throated Euphonia	1
13513	112514	15317	yebfly1	Tolmomyias flaviventris	Yellow-breasted Flycatcher	1
13517	110978	15328	pecant1	Herpsilochmus pectoralis	Pectoral Antwren	1
13518	111535	15330	trsowl	Megascops choliba	Tropical Screech-Owl	1
13520	112251	15334	puteup1	Euphonia chlorotica	Purple-throated Euphonia	1
13522	112306	15339	yebfly1	Tolmomyias flaviventris	Yellow-breasted Flycatcher	1
13523	112969	15340	pecant1	Herpsilochmus pectoralis	Pectoral Antwren	1
13530	111280	15365	trsowl	Megascops choliba	Tropical Screech-Owl	1
13531	113096	15368	pecant1	Herpsilochmus pectoralis	Pectoral Antwren	1
13548	110171	15428	puteup1	Euphonia chlorotica	Purple-throated Euphonia	1
13547	113010	15417	pecant1	Herpsilochmus pectoralis	Pectoral Antwren	1
13322	112098	15030	puteup1	Euphonia chlorotica	Purple-throated Euphonia	1
13323	110450	15031	pecant1	Herpsilochmus pectoralis	Pectoral Antwren	1
13331	111142	15055	yebfly1	Tolmomyias flaviventris	Yellow-breasted Flycatcher	1
13335	111511	15085	grekis	Pitangus sulphuratus	Great Kiskadee	1
13336	111108	15087	puteup1	Euphonia chlorotica	Purple-throated Euphonia	1
13338	112990	15092	pecant1	Herpsilochmus pectoralis	Pectoral Antwren	1
13497	112779	15277	compot1	Nyctibius griseus	Common Potoo	1
13502	112011	15287	pecant1	Herpsilochmus pectoralis	Pectoral Antwren	1
13507	113044	15293	yebfly1	Tolmomyias flaviventris	Yellow-breasted Flycatcher	1
13516	111181	15325	compot1	Nyctibius griseus	Common Potoo	1
13521	112690	15335	puteup1	Euphonia chlorotica	Purple-throated Euphonia	1
13526	112012	15356	pecant1	Herpsilochmus pectoralis	Pectoral Antwren	1
13544	110584	15401	puteup1	Euphonia chlorotica	Purple-throated Euphonia	1
13545	111433	15408	pecant1	Herpsilochmus pectoralis	Pectoral Antwren	1
13326	112755	15036	yebfly1	Tolmomyias flaviventris	Yellow-breasted Flycatcher	1
13327	110448	15043	pecant1	Herpsilochmus pectoralis	Pectoral Antwren	1
13328	109864	15048	pecant1	Herpsilochmus pectoralis	Pectoral Antwren	1
13330	110555	15052	puteup1	Euphonia chlorotica	Purple-throated Euphonia	1
13332	111231	15063	trsowl	Megascops choliba	Tropical Screech-Owl	1
13333	111475	15073	puteup1	Euphonia chlorotica	Purple-throated Euphonia	1
13500	110671	15283	puteup1	Euphonia chlorotica	Purple-throated Euphonia	1
13501	112225	15286	trsowl	Megascops choliba	Tropical Screech-Owl	1
13511	111725	15305	trsowl	Megascops choliba	Tropical Screech-Owl	1
13512	110721	15316	yebfly1	Tolmomyias flaviventris	Yellow-breasted Flycatcher	1
13524	111895	15354	puteup1	Euphonia chlorotica	Purple-throated Euphonia	1
13528	109853	15361	puteup1	Euphonia chlorotica	Purple-throated Euphonia	1
13529	113242	15363	puteup1	Euphonia chlorotica	Purple-throated Euphonia	1
13542	112363	15391	yebfly1	Tolmomyias flaviventris	Yellow-breasted Flycatcher	1
13550	111355	15437	pecant1	Herpsilochmus pectoralis	Pectoral Antwren	1
13329	111870	15050	pecant1	Herpsilochmus pectoralis	Pectoral Antwren	1
13337	111517	15090	pecant1	Herpsilochmus pectoralis	Pectoral Antwren	1
13339	111494	15095	trsowl	Megascops choliba	Tropical Screech-Owl	1
13340	112218	15097	compot1	Nyctibius griseus	Common Potoo	1
13498	111173	15278	yebfly1	Tolmomyias flaviventris	Yellow-breasted Flycatcher	1
13499	109948	15280	pecant1	Herpsilochmus pectoralis	Pectoral Antwren	1
13503	110527	15289	yebfly1	Tolmomyias flaviventris	Yellow-breasted Flycatcher	1
13505	112808	15291	puteup1	Euphonia chlorotica	Purple-throated Euphonia	1
13506	111462	15292	pecant1	Herpsilochmus pectoralis	Pectoral Antwren	1
13508	109940	15297	yebfly1	Tolmomyias flaviventris	Yellow-breasted Flycatcher	1
13510	112470	15302	pecant1	Herpsilochmus pectoralis	Pectoral Antwren	1
13514	110119	15319	puteup1	Euphonia chlorotica	Purple-throated Euphonia	1
13515	111182	15321	compot1	Nyctibius griseus	Common Potoo	1
13519	111805	15332	pecant1	Herpsilochmus pectoralis	Pectoral Antwren	1
13525	110297	15355	puteup1	Euphonia chlorotica	Purple-throated Euphonia	1
13527	113098	15359	puteup1	Euphonia chlorotica	Purple-throated Euphonia	1
13543	111907	15395	puteup1	Euphonia chlorotica	Purple-throated Euphonia	1
13546	113153	15414	yebfly1	Tolmomyias flaviventris	Yellow-breasted Flycatcher	1
13549	111806	15434	pecant1	Herpsilochmus pectoralis	Pectoral Antwren	1
15571	113230	20162	blbman1	Chiroxiphia pareola	Blue-backed Manakin	1
15572	111739	20165	yebfly1	Tolmomyias flaviventris	Yellow-breasted Flycatcher	1
15759	112674	20342	greant1	Taraba major	Great Antshrike	1
15784	112650	20545	puteup1	Euphonia chlorotica	Purple-throated Euphonia	1
15785	112304	20546	compot1	Nyctibius griseus	Common Potoo	1
22945	112916	24791	yebfly1	Tolmomyias flaviventris	Yellow-breasted Flycatcher	1
22946	110598	24795	yebfly1	Tolmomyias flaviventris	Yellow-breasted Flycatcher	1
31600	112810	30271	trsowl	Megascops choliba	Tropical Screech-Owl	1
31598	111143	30269	yebfly1	Tolmomyias flaviventris	Yellow-breasted Flycatcher	1
31599	110190	30270	puteup1	Euphonia chlorotica	Purple-throated Euphonia	1
31601	110843	30283	puteup1	Euphonia chlorotica	Purple-throated Euphonia	1
31597	111281	30267	yebfly1	Tolmomyias flaviventris	Yellow-breasted Flycatcher	1
34244	111830	32741	yebfly1	Tolmomyias flaviventris	Yellow-breasted Flycatcher	1
35136	112909	33825	pecant1	Herpsilochmus pectoralis	Pectoral Antwren	1
35137	112108	33832	trsowl	Megascops choliba	Tropical Screech-Owl	1
35138	112636	33833	trsowl	Megascops choliba	Tropical Screech-Owl	1
35139	110975	33837	puteup1	Euphonia chlorotica	Purple-throated Euphonia	1
35140	112014	33842	paltan1	Thraupis palmarum	Palm Tanager	1
35141	111420	33844	pecant1	Herpsilochmus pectoralis	Pectoral Antwren	1
35142	110019	33850	pecant1	Herpsilochmus pectoralis	Pectoral Antwren	1
35255	113047	33953	yebfly1	Tolmomyias flaviventris	Yellow-breasted Flycatcher	1
35256	110373	33956	puteup1	Euphonia chlorotica	Purple-throated Euphonia	1
35259	111965	33964	trsowl	Megascops choliba	Tropical Screech-Owl	1
35261	111446	33967	pecant1	Herpsilochmus pectoralis	Pectoral Antwren	1
35264	111110	33977	puteup1	Euphonia chlorotica	Purple-throated Euphonia	1
35268	110022	33994	trsowl	Megascops choliba	Tropical Screech-Owl	1
35270	112043	33996	yebfly1	Tolmomyias flaviventris	Yellow-breasted Flycatcher	1
35271	111043	34001	blbman1	Chiroxiphia pareola	Blue-backed Manakin	1
35272	110500	34004	blbman1	Chiroxiphia pareola	Blue-backed Manakin	1
35273	109942	34009	blbman1	Chiroxiphia pareola	Blue-backed Manakin	1
35274	112877	34011	pecant1	Herpsilochmus pectoralis	Pectoral Antwren	1
35275	113065	34014	pecant1	Herpsilochmus pectoralis	Pectoral Antwren	1
35276	111585	34025	puteup1	Euphonia chlorotica	Purple-throated Euphonia	1
35278	112528	34027	yebfly1	Tolmomyias flaviventris	Yellow-breasted Flycatcher	1
35279	112504	34029	pecant1	Herpsilochmus pectoralis	Pectoral Antwren	1
35283	110711	34038	blbman1	Chiroxiphia pareola	Blue-backed Manakin	1
35286	110452	34049	puteup1	Euphonia chlorotica	Purple-throated Euphonia	1
35288	110510	34052	pecant1	Herpsilochmus pectoralis	Pectoral Antwren	1
35292	112536	34062	blbman1	Chiroxiphia pareola	Blue-backed Manakin	1
35293	112204	34063	compot1	Nyctibius griseus	Common Potoo	1
35295	110301	34070	blbman1	Chiroxiphia pareola	Blue-backed Manakin	1
35299	112615	34080	yebfly1	Tolmomyias flaviventris	Yellow-breasted Flycatcher	1
35301	111978	34083	yebfly1	Tolmomyias flaviventris	Yellow-breasted Flycatcher	1
35304	111915	34091	blbman1	Chiroxiphia pareola	Blue-backed Manakin	1
35309	110811	34104	yebfly1	Tolmomyias flaviventris	Yellow-breasted Flycatcher	1
35310	110568	34105	puteup1	Euphonia chlorotica	Purple-throated Euphonia	1
35311	111594	34107	puteup1	Euphonia chlorotica	Purple-throated Euphonia	1
35312	113031	34108	puteup1	Euphonia chlorotica	Purple-throated Euphonia	1
35313	112765	34112	pecant1	Herpsilochmus pectoralis	Pectoral Antwren	1
35316	112278	34120	compot1	Nyctibius griseus	Common Potoo	1
35318	111441	34125	puteup1	Euphonia chlorotica	Purple-throated Euphonia	1
35322	113199	34138	yebfly1	Tolmomyias flaviventris	Yellow-breasted Flycatcher	1
35323	113147	34140	trsowl	Megascops choliba	Tropical Screech-Owl	1
35325	111762	34143	pecant1	Herpsilochmus pectoralis	Pectoral Antwren	1
35334	112573	34175	grekis	Pitangus sulphuratus	Great Kiskadee	1
35336	109889	34182	blbman1	Chiroxiphia pareola	Blue-backed Manakin	1
35338	112717	34195	puteup1	Euphonia chlorotica	Purple-throated Euphonia	1
35340	110637	34199	pecant1	Herpsilochmus pectoralis	Pectoral Antwren	1
35344	113119	34211	greant1	Taraba major	Great Antshrike	1
35345	111894	34212	puteup1	Euphonia chlorotica	Purple-throated Euphonia	1
35346	112679	34216	puteup1	Euphonia chlorotica	Purple-throated Euphonia	1
35347	112818	34218	pecant1	Herpsilochmus pectoralis	Pectoral Antwren	1
35348	111099	34222	puteup1	Euphonia chlorotica	Purple-throated Euphonia	1
35353	110614	34240	trsowl	Megascops choliba	Tropical Screech-Owl	1
35360	112411	34255	puteup1	Euphonia chlorotica	Purple-throated Euphonia	1
35365	111064	34266	roahaw	Rupornis magnirostris	Roadside Hawk	1
35366	112250	34267	pecant1	Herpsilochmus pectoralis	Pectoral Antwren	1
35369	112925	34280	trsowl	Megascops choliba	Tropical Screech-Owl	1
35370	111444	34281	pecant1	Herpsilochmus pectoralis	Pectoral Antwren	1
35372	113148	34293	yebfly1	Tolmomyias flaviventris	Yellow-breasted Flycatcher	1
35430	111190	34317	pecant1	Herpsilochmus pectoralis	Pectoral Antwren	1
35434	112223	34326	yebfly1	Tolmomyias flaviventris	Yellow-breasted Flycatcher	1
35435	110971	34327	pecant1	Herpsilochmus pectoralis	Pectoral Antwren	1
35436	113015	34328	pecant1	Herpsilochmus pectoralis	Pectoral Antwren	1
35437	109973	34329	pecant1	Herpsilochmus pectoralis	Pectoral Antwren	1
35438	110977	34332	pecant1	Herpsilochmus pectoralis	Pectoral Antwren	1
35439	110014	34335	trsowl	Megascops choliba	Tropical Screech-Owl	1
35441	113164	34341	greant1	Taraba major	Great Antshrike	1
35442	112487	34342	pecant1	Herpsilochmus pectoralis	Pectoral Antwren	1
35446	111138	34349	pecant1	Herpsilochmus pectoralis	Pectoral Antwren	1
35449	113154	34357	blbman1	Chiroxiphia pareola	Blue-backed Manakin	1
35450	112228	34359	compot1	Nyctibius griseus	Common Potoo	1
35451	111424	34364	pecant1	Herpsilochmus pectoralis	Pectoral Antwren	1
35452	112380	34368	blbman1	Chiroxiphia pareola	Blue-backed Manakin	1
35453	112511	34373	puteup1	Euphonia chlorotica	Purple-throated Euphonia	1
35468	111032	34444	blbman1	Chiroxiphia pareola	Blue-backed Manakin	1
35469	111115	34454	blbman1	Chiroxiphia pareola	Blue-backed Manakin	1
35472	112002	34457	blbman1	Chiroxiphia pareola	Blue-backed Manakin	1
35473	112591	34459	blbman1	Chiroxiphia pareola	Blue-backed Manakin	1
35476	110993	34470	puteup1	Euphonia chlorotica	Purple-throated Euphonia	1
35477	110021	34471	trsowl	Megascops choliba	Tropical Screech-Owl	1
35487	111380	34579	blbman1	Chiroxiphia pareola	Blue-backed Manakin	1
35501	111773	34634	blbman1	Chiroxiphia pareola	Blue-backed Manakin	1
35505	112830	34647	yebfly1	Tolmomyias flaviventris	Yellow-breasted Flycatcher	1
35507	110675	34672	pecant1	Herpsilochmus pectoralis	Pectoral Antwren	1
35509	112003	34678	pecant1	Herpsilochmus pectoralis	Pectoral Antwren	1
35512	109951	34699	blbman1	Chiroxiphia pareola	Blue-backed Manakin	1
35522	109899	34728	yebfly1	Tolmomyias flaviventris	Yellow-breasted Flycatcher	1
35524	111906	34741	puteup1	Euphonia chlorotica	Purple-throated Euphonia	1
35526	111050	34750	pecant1	Herpsilochmus pectoralis	Pectoral Antwren	1
35527	111914	34753	puteup1	Euphonia chlorotica	Purple-throated Euphonia	1
35689	111560	35363	blbman1	Chiroxiphia pareola	Blue-backed Manakin	1
35694	109858	35372	puteup1	Euphonia chlorotica	Purple-throated Euphonia	1
35700	112137	35380	puteup1	Euphonia chlorotica	Purple-throated Euphonia	1
35701	112137	35380	pecant1	Herpsilochmus pectoralis	Pectoral Antwren	1
35702	110987	35381	pecant1	Herpsilochmus pectoralis	Pectoral Antwren	1
35706	111432	35399	pecant1	Herpsilochmus pectoralis	Pectoral Antwren	1
35707	110515	35400	pecant1	Herpsilochmus pectoralis	Pectoral Antwren	1
35257	110663	33959	pecant1	Herpsilochmus pectoralis	Pectoral Antwren	1
35258	110205	33961	yebfly1	Tolmomyias flaviventris	Yellow-breasted Flycatcher	1
35260	113025	33966	puteup1	Euphonia chlorotica	Purple-throated Euphonia	1
35262	109877	33972	puteup1	Euphonia chlorotica	Purple-throated Euphonia	1
35263	110791	33974	puteup1	Euphonia chlorotica	Purple-throated Euphonia	1
35265	112296	33988	compot1	Nyctibius griseus	Common Potoo	1
35266	112570	33990	trsowl	Megascops choliba	Tropical Screech-Owl	1
35267	112394	33992	pecant1	Herpsilochmus pectoralis	Pectoral Antwren	1
35269	110265	33995	yebfly1	Tolmomyias flaviventris	Yellow-breasted Flycatcher	1
35277	112575	34026	puteup1	Euphonia chlorotica	Purple-throated Euphonia	1
35280	111756	34033	pecant1	Herpsilochmus pectoralis	Pectoral Antwren	1
35281	112179	34035	rufnig1	Antrostomus rufus	Rufous Nightjar	1
35282	110666	34036	compot1	Nyctibius griseus	Common Potoo	1
35284	111086	34040	puteup1	Euphonia chlorotica	Purple-throated Euphonia	1
35285	111382	34041	greant1	Taraba major	Great Antshrike	1
35287	112075	34050	pecant1	Herpsilochmus pectoralis	Pectoral Antwren	1
35289	111416	34057	pecant1	Herpsilochmus pectoralis	Pectoral Antwren	1
35290	110677	34060	pecant1	Herpsilochmus pectoralis	Pectoral Antwren	1
35291	112635	34061	rufnig1	Antrostomus rufus	Rufous Nightjar	1
35294	112844	34069	blbman1	Chiroxiphia pareola	Blue-backed Manakin	1
35296	113216	34076	trsowl	Megascops choliba	Tropical Screech-Owl	1
35297	111940	34077	yebfly1	Tolmomyias flaviventris	Yellow-breasted Flycatcher	1
35298	111732	34078	blbman1	Chiroxiphia pareola	Blue-backed Manakin	1
35300	112268	34081	blbman1	Chiroxiphia pareola	Blue-backed Manakin	1
35302	110789	34087	puteup1	Euphonia chlorotica	Purple-throated Euphonia	1
35303	112675	34088	blbman1	Chiroxiphia pareola	Blue-backed Manakin	1
35305	112873	34096	trsowl	Megascops choliba	Tropical Screech-Owl	1
35306	110260	34097	puteup1	Euphonia chlorotica	Purple-throated Euphonia	1
35307	110792	34100	puteup1	Euphonia chlorotica	Purple-throated Euphonia	1
35308	112601	34103	puteup1	Euphonia chlorotica	Purple-throated Euphonia	1
35314	110240	34114	puteup1	Euphonia chlorotica	Purple-throated Euphonia	1
35315	112447	34119	blbman1	Chiroxiphia pareola	Blue-backed Manakin	1
35317	111877	34122	puteup1	Euphonia chlorotica	Purple-throated Euphonia	1
35319	111412	34128	trsowl	Megascops choliba	Tropical Screech-Owl	1
35320	110145	34135	blbman1	Chiroxiphia pareola	Blue-backed Manakin	1
35321	110914	34137	yebfly1	Tolmomyias flaviventris	Yellow-breasted Flycatcher	1
35324	112728	34142	puteup1	Euphonia chlorotica	Purple-throated Euphonia	1
35326	112346	34145	blbman1	Chiroxiphia pareola	Blue-backed Manakin	1
35327	112541	34146	puteup1	Euphonia chlorotica	Purple-throated Euphonia	1
35328	111349	34148	puteup1	Euphonia chlorotica	Purple-throated Euphonia	1
35329	110854	34151	puteup1	Euphonia chlorotica	Purple-throated Euphonia	1
35330	111234	34156	trsowl	Megascops choliba	Tropical Screech-Owl	1
35331	111502	34164	pecant1	Herpsilochmus pectoralis	Pectoral Antwren	1
35332	113011	34167	puteup1	Euphonia chlorotica	Purple-throated Euphonia	1
35333	110653	34169	yebfly1	Tolmomyias flaviventris	Yellow-breasted Flycatcher	1
35335	110749	34179	blbman1	Chiroxiphia pareola	Blue-backed Manakin	1
35337	110800	34188	trsowl	Megascops choliba	Tropical Screech-Owl	1
35339	111060	34197	trsowl	Megascops choliba	Tropical Screech-Owl	1
35341	111425	34202	pecant1	Herpsilochmus pectoralis	Pectoral Antwren	1
35342	111422	34203	pecant1	Herpsilochmus pectoralis	Pectoral Antwren	1
35343	112102	34208	puteup1	Euphonia chlorotica	Purple-throated Euphonia	1
35349	111793	34225	yebfly1	Tolmomyias flaviventris	Yellow-breasted Flycatcher	1
35355	109876	34244	puteup1	Euphonia chlorotica	Purple-throated Euphonia	1
35358	110599	34250	rufnig1	Antrostomus rufus	Rufous Nightjar	1
35362	110733	34257	yebfly1	Tolmomyias flaviventris	Yellow-breasted Flycatcher	1
35367	112604	34270	puteup1	Euphonia chlorotica	Purple-throated Euphonia	1
35368	113161	34271	blbman1	Chiroxiphia pareola	Blue-backed Manakin	1
35371	113118	34291	puteup1	Euphonia chlorotica	Purple-throated Euphonia	1
35431	110974	34318	blbman1	Chiroxiphia pareola	Blue-backed Manakin	1
35432	110126	34319	blbman1	Chiroxiphia pareola	Blue-backed Manakin	1
35433	112053	34320	puteup1	Euphonia chlorotica	Purple-throated Euphonia	1
35440	111109	34339	greant1	Taraba major	Great Antshrike	1
35443	110210	34344	blbman1	Chiroxiphia pareola	Blue-backed Manakin	1
35444	110335	34346	puteup1	Euphonia chlorotica	Purple-throated Euphonia	1
35445	111350	34348	puteup1	Euphonia chlorotica	Purple-throated Euphonia	1
35447	110202	34350	blbman1	Chiroxiphia pareola	Blue-backed Manakin	1
35448	111937	34353	rufnig1	Antrostomus rufus	Rufous Nightjar	1
35454	109874	34375	rufnig1	Antrostomus rufus	Rufous Nightjar	1
35455	111429	34376	compot1	Nyctibius griseus	Common Potoo	1
35456	112935	34387	compot1	Nyctibius griseus	Common Potoo	1
35466	111359	34441	blbman1	Chiroxiphia pareola	Blue-backed Manakin	1
35467	110898	34443	yebfly1	Tolmomyias flaviventris	Yellow-breasted Flycatcher	1
35470	111259	34455	blbman1	Chiroxiphia pareola	Blue-backed Manakin	1
35471	112007	34456	blbman1	Chiroxiphia pareola	Blue-backed Manakin	1
35474	111084	34460	pecant1	Herpsilochmus pectoralis	Pectoral Antwren	1
35475	111917	34468	blbman1	Chiroxiphia pareola	Blue-backed Manakin	1
35981	112760	36025	rufnig1	Antrostomus rufus	Rufous Nightjar	1
35485	113145	34577	blbman1	Chiroxiphia pareola	Blue-backed Manakin	1
35490	111339	34586	blbman1	Chiroxiphia pareola	Blue-backed Manakin	1
35492	111597	34595	puteup1	Euphonia chlorotica	Purple-throated Euphonia	1
35494	110384	34606	yebfly1	Tolmomyias flaviventris	Yellow-breasted Flycatcher	1
35496	113027	34618	puteup1	Euphonia chlorotica	Purple-throated Euphonia	1
35498	110209	34621	blbman1	Chiroxiphia pareola	Blue-backed Manakin	1
35504	112894	34645	blbman1	Chiroxiphia pareola	Blue-backed Manakin	1
35510	112239	34683	blbman1	Chiroxiphia pareola	Blue-backed Manakin	1
35513	112978	34701	pecant1	Herpsilochmus pectoralis	Pectoral Antwren	1
35516	110461	34706	rufnig1	Antrostomus rufus	Rufous Nightjar	1
35517	112614	34715	pecant1	Herpsilochmus pectoralis	Pectoral Antwren	1
35525	112371	34749	pecant1	Herpsilochmus pectoralis	Pectoral Antwren	1
35532	112884	34765	compot1	Nyctibius griseus	Common Potoo	1
35683	111166	35350	blbman1	Chiroxiphia pareola	Blue-backed Manakin	1
35686	112957	35355	grekis	Pitangus sulphuratus	Great Kiskadee	1
35688	109907	35361	puteup1	Euphonia chlorotica	Purple-throated Euphonia	1
35696	110388	35375	blbman1	Chiroxiphia pareola	Blue-backed Manakin	1
35703	113007	35395	rufnig1	Antrostomus rufus	Rufous Nightjar	1
35705	111836	35398	rufnig1	Antrostomus rufus	Rufous Nightjar	1
35709	110422	35403	blbman1	Chiroxiphia pareola	Blue-backed Manakin	1
35484	109991	34575	blbman1	Chiroxiphia pareola	Blue-backed Manakin	1
35486	112911	34578	pecant1	Herpsilochmus pectoralis	Pectoral Antwren	1
35488	110570	34581	blbman1	Chiroxiphia pareola	Blue-backed Manakin	1
35489	111768	34584	yebfly1	Tolmomyias flaviventris	Yellow-breasted Flycatcher	1
35491	111242	34590	blbman1	Chiroxiphia pareola	Blue-backed Manakin	1
35493	111160	34603	compot1	Nyctibius griseus	Common Potoo	1
35495	111874	34610	pecant1	Herpsilochmus pectoralis	Pectoral Antwren	1
35497	111351	34619	blbman1	Chiroxiphia pareola	Blue-backed Manakin	1
35499	111127	34624	pecant1	Herpsilochmus pectoralis	Pectoral Antwren	1
35500	110670	34630	puteup1	Euphonia chlorotica	Purple-throated Euphonia	1
35502	112977	34636	pecant1	Herpsilochmus pectoralis	Pectoral Antwren	1
35503	111651	34641	yebfly1	Tolmomyias flaviventris	Yellow-breasted Flycatcher	1
35506	110289	34660	yebfly1	Tolmomyias flaviventris	Yellow-breasted Flycatcher	1
35508	112196	34677	blbman1	Chiroxiphia pareola	Blue-backed Manakin	1
35511	112185	34687	pecant1	Herpsilochmus pectoralis	Pectoral Antwren	1
35514	111445	34703	pecant1	Herpsilochmus pectoralis	Pectoral Antwren	1
35515	111602	34704	blbman1	Chiroxiphia pareola	Blue-backed Manakin	1
35518	111164	34721	pecant1	Herpsilochmus pectoralis	Pectoral Antwren	1
35519	112618	34725	yebfly1	Tolmomyias flaviventris	Yellow-breasted Flycatcher	1
35520	111861	34726	yebfly1	Tolmomyias flaviventris	Yellow-breasted Flycatcher	1
35521	113028	34727	puteup1	Euphonia chlorotica	Purple-throated Euphonia	1
35523	109856	34729	puteup1	Euphonia chlorotica	Purple-throated Euphonia	1
35528	111026	34755	blbman1	Chiroxiphia pareola	Blue-backed Manakin	1
35529	110953	34756	pecant1	Herpsilochmus pectoralis	Pectoral Antwren	1
35530	110245	34758	pecant1	Herpsilochmus pectoralis	Pectoral Antwren	1
35531	111605	34761	blbman1	Chiroxiphia pareola	Blue-backed Manakin	1
35533	111697	34770	blbman1	Chiroxiphia pareola	Blue-backed Manakin	1
35684	110366	35351	blbman1	Chiroxiphia pareola	Blue-backed Manakin	1
35685	110896	35354	chivir1	Vireo chivi	Chivi Vireo	1
35687	110045	35358	yebfly1	Tolmomyias flaviventris	Yellow-breasted Flycatcher	1
35690	112373	35364	blbman1	Chiroxiphia pareola	Blue-backed Manakin	1
35691	112136	35366	compot1	Nyctibius griseus	Common Potoo	1
35692	110669	35371	blbman1	Chiroxiphia pareola	Blue-backed Manakin	1
35693	110669	35371	pecant1	Herpsilochmus pectoralis	Pectoral Antwren	1
35695	109910	35373	rufnig1	Antrostomus rufus	Rufous Nightjar	1
35697	112140	35377	pecant1	Herpsilochmus pectoralis	Pectoral Antwren	1
35698	112890	35378	grekis	Pitangus sulphuratus	Great Kiskadee	1
35699	112890	35378	puteup1	Euphonia chlorotica	Purple-throated Euphonia	1
35704	112495	35397	blbman1	Chiroxiphia pareola	Blue-backed Manakin	1
35708	112780	35402	compot1	Nyctibius griseus	Common Potoo	1
35933	110851	35964	blbman1	Chiroxiphia pareola	Blue-backed Manakin	1
35934	111331	35965	puteup1	Euphonia chlorotica	Purple-throated Euphonia	1
35982	113240	36026	blbman1	Chiroxiphia pareola	Blue-backed Manakin	1
