species_annotation_id	recording_id	annotation_id	species_code	scientific_name	common_name	occurrence
11299	138744	12391	tui1	Prosthemadera novaeseelandiae	Tui	1
11297	138037	12389	houspa	Passer domesticus	House Sparrow	1
11296	138012	12388	silver3	Zosterops lateralis	Silvereye	1
11295	138012	12388	tui1	Prosthemadera novaeseelandiae	Tui	1
11298	138683	12390	morepo2	Ninox novaeseelandiae	Morepork	1
11293	138188	12386	tui1	Prosthemadera novaeseelandiae	Tui	1
11294	137412	12387	tui1	Prosthemadera novaeseelandiae	Tui	1
12511	138559	13733	tui1	Prosthemadera novaeseelandiae	Tui	1
12513	138207	13735	tui1	Prosthemadera novaeseelandiae	Tui	1
12514	138928	13737	tui1	Prosthemadera novaeseelandiae	Tui	1
12518	137952	13739	eurbla	Turdus merula	Eurasian Blackbird	1
12541	138419	13762	maslap1	Vanellus miles	Masked Lapwing	1
12542	138419	13762	tui1	Prosthemadera novaeseelandiae	Tui	1
12543	138419	13762	houspa	Passer domesticus	House Sparrow	1
12544	137796	13763	tui1	Prosthemadera novaeseelandiae	Tui	1
12545	137425	13764	tui1	Prosthemadera novaeseelandiae	Tui	1
12546	137486	13765	sonthr1	Turdus philomelos	Song Thrush	1
12547	137486	13765	tui1	Prosthemadera novaeseelandiae	Tui	1
12548	138501	13766	tui1	Prosthemadera novaeseelandiae	Tui	1
12549	137767	13767	tui1	Prosthemadera novaeseelandiae	Tui	1
12550	137274	13769	houspa	Passer domesticus	House Sparrow	1
12551	137274	13769	ausmag2	Gymnorhina tibicen	Australian Magpie	1
12552	137274	13769	tui1	Prosthemadera novaeseelandiae	Tui	1
11292	138278	12385	tui1	Prosthemadera novaeseelandiae	Tui	1
12225	138898	13452	redjun	Gallus gallus	Red Junglefowl	1
12247	138353	13479	tui1	Prosthemadera novaeseelandiae	Tui	1
12248	138353	13479	maslap1	Vanellus miles	Masked Lapwing	1
12249	139170	13480	nezfan1	Rhipidura fuliginosa	New Zealand Fantail	1
12580	138263	13793	tui1	Prosthemadera novaeseelandiae	Tui	1
