species_annotation_id	recording_id	annotation_id	species_code	scientific_name	common_name	occurrence
17961	138797	22668	nezfan1	Rhipidura fuliginosa	New Zealand Fantail	1
17955	138900	22661	nezfan1	Rhipidura fuliginosa	New Zealand Fantail	1
17960	138797	22668	spodov	Streptopelia chinensis	Spotted Dove	1
17965	137526	22671	tui1	Prosthemadera novaeseelandiae	Tui	2
17962	137488	22669	tui1	Prosthemadera novaeseelandiae	Tui	1
17963	137488	22669	silver3	Zosterops lateralis	Silvereye	2
17957	137674	22665	nezfan1	Rhipidura fuliginosa	New Zealand Fantail	1
17958	137674	22665	tui1	Prosthemadera novaeseelandiae	Tui	1
17972	138344	22679	silver3	Zosterops lateralis	Silvereye	1
17959	138404	22667	gryger1	Gerygone igata	Gray Gerygone	1
17973	138344	22679	eurgre1	Chloris chloris	European Greenfinch	2
17974	138344	22679	tui1	Prosthemadera novaeseelandiae	Tui	1
17975	138005	22680	maslap1	Vanellus miles	Masked Lapwing	1
17979	137144	22685	houspa	Passer domesticus	House Sparrow	1
17980	137144	22685	tui1	Prosthemadera novaeseelandiae	Tui	1
17981	137144	22685	silver3	Zosterops lateralis	Silvereye	1
17952	137234	22660	nezfan1	Rhipidura fuliginosa	New Zealand Fantail	1
17953	137234	22660	tui1	Prosthemadera novaeseelandiae	Tui	1
17954	137234	22660	silver3	Zosterops lateralis	Silvereye	1
17967	137435	22674	silver3	Zosterops lateralis	Silvereye	1
17968	137435	22674	tui1	Prosthemadera novaeseelandiae	Tui	1
17971	138689	22677	gryger1	Gerygone igata	Gray Gerygone	1
17978	138967	22684	easros1	Platycercus eximius	Eastern Rosella	1
17982	137275	22687	nezfan1	Rhipidura fuliginosa	New Zealand Fantail	1
17983	137275	22687	silver3	Zosterops lateralis	Silvereye	1
17970	137180	22676	tui1	Prosthemadera novaeseelandiae	Tui	1
17966	138108	22673	tui1	Prosthemadera novaeseelandiae	Tui	1
17969	137180	22676	eurbla	Turdus merula	Eurasian Blackbird	1
17956	137775	22662	tui1	Prosthemadera novaeseelandiae	Tui	1
17976	138509	22682	tui1	Prosthemadera novaeseelandiae	Tui	1
17977	138197	22683	silver3	Zosterops lateralis	Silvereye	1
