species_annotation_id	recording_id	annotation_id	species_code	scientific_name	common_name	occurrence
14932	145154	18405	sheowl	Asio flammeus	Short-eared Owl	1
14926	145145	18403	comsni	Gallinago gallinago	Common Snipe	1
14927	145145	18403	sheowl	Asio flammeus	Short-eared Owl	1
14939	144961	18410	comcha	Fringilla coelebs	Common Chaffinch	1
14933	145057	18407	houspa	Passer domesticus	House Sparrow	1
14934	145057	18407	yellow2	Emberiza citrinella	Yellowhammer	1
14935	145057	18407	mallar3	Anas platyrhynchos	Mallard	1
14936	145057	18407	cowpig1	Columba palumbus	Common Wood-Pigeon	1
14937	145057	18407	eurbla	Turdus merula	Eurasian Blackbird	1
14938	144961	18410	eurbla	Turdus merula	Eurasian Blackbird	1
14928	145513	18404	comcuc	Cuculus canorus	Common Cuckoo	1
14929	145513	18404	eurwar1	Acrocephalus scirpaceus	Eurasian Reed Warbler	1
