species_annotation_id	recording_id	annotation_id	species_code	scientific_name	common_name	occurrence
3074	13156	2648	eurbla	Turdus merula	Eurasian Blackbird	1
3114	13873	2679	coatit2	Periparus ater	Coal Tit	1
3115	55063	2680	eursta	Sturnus vulgaris	European Starling	1
3116	12787	2682	blackc1	Sylvia atricapilla	Eurasian Blackcap	1
3117	12787	2682	eurrob1	Erithacus rubecula	European Robin	1
3056	55618	2635	blutit	Cyanistes caeruleus	Eurasian Blue Tit	1
3057	55618	2635	eurnut2	Sitta europaea	Eurasian Nuthatch	1
3060	13465	2637	blutit	Cyanistes caeruleus	Eurasian Blue Tit	1
3070	55627	2645	eurrob1	Erithacus rubecula	European Robin	1
3071	55627	2645	blutit	Cyanistes caeruleus	Eurasian Blue Tit	1
3113	13352	2678	martit2	Poecile palustris	Marsh Tit	2
