species_annotation_id	recording_id	annotation_id	species_code	scientific_name	common_name	occurrence
16321	12116	21248	blujay	Cyanocitta cristata	Blue Jay	1
16325	12462	21253	norfli	Colaptes auratus	Northern Flicker	1
16326	12462	21253	amecro	Corvus brachyrhynchos	American Crow	1
16328	127320	21257	amerob	Turdus migratorius	American Robin	1
16329	127320	21257	grycat	Dumetella carolinensis	Gray Catbird	1
16331	11668	21259	reevir1	Vireo olivaceus	Red-eyed Vireo	2
16332	11668	21259	phivir	Vireo philadelphicus	Philadelphia Vireo	2
16333	128615	21260	amerob	Turdus migratorius	American Robin	1
16336	128160	21263	fiscro	Corvus ossifragus	Fish Crow	1
16337	128160	21263	reshaw	Buteo lineatus	Red-shouldered Hawk	2
16338	128160	21263	rethaw	Buteo jamaicensis	Red-tailed Hawk	2
16339	128160	21263	blujay	Cyanocitta cristata	Blue Jay	2
16340	127249	21265	blujay	Cyanocitta cristata	Blue Jay	1
16341	128667	21266	chiswi	Chaetura pelagica	Chimney Swift	1
16347	52998	21273	carwre	Thryothorus ludovicianus	Carolina Wren	1
16348	52998	21273	grcfly	Myiarchus crinitus	Great Crested Flycatcher	2
16349	52998	21273	whevir	Vireo griseus	White-eyed Vireo	2
16351	128289	21276	robgro	Pheucticus ludovicianus	Rose-breasted Grosbeak	1
16352	128289	21276	blujay	Cyanocitta cristata	Blue Jay	1
16353	128289	21276	norpar	Setophaga americana	Northern Parula	1
16354	128289	21276	amerob	Turdus migratorius	American Robin	2
16355	128289	21276	yerwar	Setophaga coronata	Yellow-rumped Warbler	2
16356	128289	21276	carchi	Poecile carolinensis	Carolina Chickadee	2
16357	128289	21276	bkcchi	Poecile atricapillus	Black-capped Chickadee	2
16358	53170	21279	blujay	Cyanocitta cristata	Blue Jay	1
16359	53170	21279	amecro	Corvus brachyrhynchos	American Crow	1
16363	81005	21284	reevir1	Vireo olivaceus	Red-eyed Vireo	2
16364	81005	21284	phivir	Vireo philadelphicus	Philadelphia Vireo	2
16365	167649	21285	palwar	Setophaga palmarum	Palm Warbler	2
16366	167649	21285	wlswar	Cardellina pusilla	Wilson's Warbler	2
16373	52501	21295	carwre	Thryothorus ludovicianus	Carolina Wren	1
16376	52325	21301	blujay	Cyanocitta cristata	Blue Jay	1
16377	52325	21301	whevir	Vireo griseus	White-eyed Vireo	1
16378	146507	21304	whcspa	Zonotrichia leucophrys	White-crowned Sparrow	1
16379	146507	21304	snogoo	Anser caerulescens	Snow Goose	2
16380	80863	21306	amerob	Turdus migratorius	American Robin	1
16381	145954	21307	laplon	Calcarius lapponicus	Lapland Longspur	1
16382	127212	21309	houfin	Haemorhous mexicanus	House Finch	1
16384	167572	21312	comrav	Corvus corax	Common Raven	1
16385	168461	21317	reevir1	Vireo olivaceus	Red-eyed Vireo	1
16386	168461	21317	orcwar	Leiothlypis celata	Orange-crowned Warbler	1
16392	127811	21320	norcar	Cardinalis cardinalis	Northern Cardinal	1
16393	127811	21320	coohaw	Accipiter cooperii	Cooper's Hawk	2
16395	167917	21323	comrav	Corvus corax	Common Raven	1
16398	168259	21328	comrav	Corvus corax	Common Raven	1
16402	80015	21330	amecro	Corvus brachyrhynchos	American Crow	1
16403	80015	21330	norcar	Cardinalis cardinalis	Northern Cardinal	1
16406	79713	21337	amered	Setophaga ruticilla	American Redstart	1
16407	79713	21337	bkcchi	Poecile atricapillus	Black-capped Chickadee	1
16408	47036	21339	brdowl	Strix varia	Barred Owl	1
16419	137104	21360	houfin	Haemorhous mexicanus	House Finch	1
16424	147177	21368	comrav	Corvus corax	Common Raven	2
16425	167533	21369	whwcro	Loxia leucoptera	White-winged Crossbill	1
16426	8251	21370	tuftit	Baeolophus bicolor	Tufted Titmouse	2
16427	8251	21370	norcar	Cardinalis cardinalis	Northern Cardinal	1
16428	79867	21372	pinsis	Spinus pinus	Pine Siskin	1
16429	168595	21377	orcwar	Leiothlypis celata	Orange-crowned Warbler	1
16437	52473	21382	norcar	Cardinalis cardinalis	Northern Cardinal	2
16438	146636	21388	savspa	Passerculus sandwichensis	Savannah Sparrow	1
16441	12231	21396	rebwoo	Melanerpes carolinus	Red-bellied Woodpecker	1
16442	80900	21397	eawpew	Contopus virens	Eastern Wood-Pewee	1
16443	80900	21397	robgro	Pheucticus ludovicianus	Rose-breasted Grosbeak	2
16444	11972	21399	reshaw	Buteo lineatus	Red-shouldered Hawk	2
16445	11972	21399	blujay	Cyanocitta cristata	Blue Jay	2
16446	40780	21401	astfly	Myiarchus cinerascens	Ash-throated Flycatcher	1
16456	39710	21415	grathr1	Toxostoma cinereum	Gray Thrasher	1
16457	39055	21417	whwdov	Zenaida asiatica	White-winged Dove	1
16458	146679	21421	whcspa	Zonotrichia leucophrys	White-crowned Sparrow	1
16459	39511	21425	comrav	Corvus corax	Common Raven	1
16460	146472	21427	comred	Acanthis flammea	Common Redpoll	2
16461	146472	21427	hoared	Acanthis hornemanni	Hoary Redpoll	2
16464	136491	21435	whwdov	Zenaida asiatica	White-winged Dove	1
16468	136630	21441	gilwoo	Melanerpes uropygialis	Gila Woodpecker	1
16469	136630	21441	whwdov	Zenaida asiatica	White-winged Dove	2
16470	128790	21448	amegfi	Spinus tristis	American Goldfinch	1
16471	128790	21448	norcar	Cardinalis cardinalis	Northern Cardinal	1
16472	127196	21450	comgra	Quiscalus quiscula	Common Grackle	1
16475	146335	21454	laplon	Calcarius lapponicus	Lapland Longspur	1
16478	134662	21464	hooori	Icterus cucullatus	Hooded Oriole	1
16479	134662	21464	gilwoo	Melanerpes uropygialis	Gila Woodpecker	1
16482	79843	21474	amerob	Turdus migratorius	American Robin	1
16483	157188	21476	tenwar	Leiothlypis peregrina	Tennessee Warbler	1
16484	6866	21479	comrav	Corvus corax	Common Raven	1
16490	127664	21488	eawpew	Contopus virens	Eastern Wood-Pewee	1
16493	157052	21493	palwar	Setophaga palmarum	Palm Warbler	2
16507	12115	21506	blujay	Cyanocitta cristata	Blue Jay	1
16503	146567	21501	gwfgoo	Anser albifrons	Greater White-fronted Goose	1
16500	127838	21498	norcar	Cardinalis cardinalis	Northern Cardinal	1
16513	156817	21518	chispa	Spizella passerina	Chipping Sparrow	1
16504	146567	21501	laplon	Calcarius lapponicus	Lapland Longspur	1
16508	12115	21506	norfli	Colaptes auratus	Northern Flicker	2
16512	52931	21517	carchi	Poecile carolinensis	Carolina Chickadee	1
16514	156817	21518	yerwar	Setophaga coronata	Yellow-rumped Warbler	2
16515	135064	21519	gilfli	Colaptes chrysoides	Gilded Flicker	1
16516	39067	21523	calgna	Polioptila californica	California Gnatcatcher	1
16517	40055	21525	pyrrhu	Cardinalis sinuatus	Pyrrhuloxia	2
16518	40055	21525	norcar	Cardinalis cardinalis	Northern Cardinal	2
16519	8232	21527	norcar	Cardinalis cardinalis	Northern Cardinal	1
16520	8232	21527	rebwoo	Melanerpes carolinus	Red-bellied Woodpecker	1
16521	80996	21529	amegfi	Spinus tristis	American Goldfinch	1
16522	135186	21531	hooori	Icterus cucullatus	Hooded Oriole	1
16523	135186	21531	whwdov	Zenaida asiatica	White-winged Dove	1
16525	47239	21538	amecro	Corvus brachyrhynchos	American Crow	1
16529	7172	21540	gockin	Regulus satrapa	Golden-crowned Kinglet	1
16532	39845	21554	verdin	Auriparus flaviceps	Verdin	1
16533	52382	21555	yerwar	Setophaga coronata	Yellow-rumped Warbler	1
16534	6779	21557	comrav	Corvus corax	Common Raven	1
16538	127755	21570	norcar	Cardinalis cardinalis	Northern Cardinal	2
16539	127780	21571	chiswi	Chaetura pelagica	Chimney Swift	1
16540	127780	21571	amerob	Turdus migratorius	American Robin	2
16541	12305	21572	whbnut	Sitta carolinensis	White-breasted Nuthatch	1
16542	12305	21572	carchi	Poecile carolinensis	Carolina Chickadee	2
16543	12305	21572	bkcchi	Poecile atricapillus	Black-capped Chickadee	2
16544	12272	21573	blujay	Cyanocitta cristata	Blue Jay	1
16545	12272	21573	sumtan	Piranga rubra	Summer Tanager	1
16547	127902	21576	eawpew	Contopus virens	Eastern Wood-Pewee	1
16548	127902	21576	norpar	Setophaga americana	Northern Parula	2
16550	128548	21578	rebwoo	Melanerpes carolinus	Red-bellied Woodpecker	1
16552	127885	21581	buggna	Polioptila caerulea	Blue-gray Gnatcatcher	1
16553	128285	21585	chiswi	Chaetura pelagica	Chimney Swift	1
16554	12108	21586	blujay	Cyanocitta cristata	Blue Jay	1
16555	12108	21586	rebwoo	Melanerpes carolinus	Red-bellied Woodpecker	1
16556	127084	21587	norcar	Cardinalis cardinalis	Northern Cardinal	1
16557	127084	21587	amegfi	Spinus tristis	American Goldfinch	2
16559	11998	21592	amerob	Turdus migratorius	American Robin	1
16560	127901	21595	norpar	Setophaga americana	Northern Parula	1
16561	127901	21595	eawpew	Contopus virens	Eastern Wood-Pewee	1
16567	127614	21603	norcar	Cardinalis cardinalis	Northern Cardinal	1
16568	127614	21603	blujay	Cyanocitta cristata	Blue Jay	1
16569	128833	21604	blujay	Cyanocitta cristata	Blue Jay	1
16570	128833	21604	amerob	Turdus migratorius	American Robin	1
16571	128833	21604	rebwoo	Melanerpes carolinus	Red-bellied Woodpecker	2
16572	128833	21604	norpar	Setophaga americana	Northern Parula	1
16573	128309	21605	amegfi	Spinus tristis	American Goldfinch	1
16574	127345	21606	norcar	Cardinalis cardinalis	Northern Cardinal	1
16575	127727	21607	amerob	Turdus migratorius	American Robin	1
16576	127649	21608	norcar	Cardinalis cardinalis	Northern Cardinal	1
16577	127649	21608	whbnut	Sitta carolinensis	White-breasted Nuthatch	2
16580	128226	21610	blujay	Cyanocitta cristata	Blue Jay	1
16592	127721	21617	amerob	Turdus migratorius	American Robin	2
16587	128739	21614	norcar	Cardinalis cardinalis	Northern Cardinal	1
16588	128739	21614	yebcuc	Coccyzus americanus	Yellow-billed Cuckoo	1
16590	127565	21616	blujay	Cyanocitta cristata	Blue Jay	1
16591	127721	21617	tenwar	Leiothlypis peregrina	Tennessee Warbler	1
16593	127097	21619	amegfi	Spinus tristis	American Goldfinch	1
16596	12253	21621	amecro	Corvus brachyrhynchos	American Crow	1
16597	128589	21623	amerob	Turdus migratorius	American Robin	1
16600	127753	21628	blujay	Cyanocitta cristata	Blue Jay	1
16601	127147	21629	comgra	Quiscalus quiscula	Common Grackle	1
16602	127147	21629	amerob	Turdus migratorius	American Robin	1
16603	12225	21630	norfli	Colaptes auratus	Northern Flicker	2
16334	127558	21261	norcar	Cardinalis cardinalis	Northern Cardinal	1
16335	11639	21262	dowwoo	Dryobates pubescens	Downy Woodpecker	1
16342	128212	21267	amegfi	Spinus tristis	American Goldfinch	2
16343	128212	21267	indbun	Passerina cyanea	Indigo Bunting	2
16345	53005	21272	blujay	Cyanocitta cristata	Blue Jay	1
16346	53005	21272	whevir	Vireo griseus	White-eyed Vireo	1
16350	11951	21274	amecro	Corvus brachyrhynchos	American Crow	1
16361	79786	21282	phivir	Vireo philadelphicus	Philadelphia Vireo	2
16362	79786	21282	reevir1	Vireo olivaceus	Red-eyed Vireo	2
16368	8212	21291	whevir	Vireo griseus	White-eyed Vireo	1
16369	8212	21291	norcar	Cardinalis cardinalis	Northern Cardinal	1
16370	8212	21291	blujay	Cyanocitta cristata	Blue Jay	1
16374	80219	21296	amecro	Corvus brachyrhynchos	American Crow	1
16383	128013	21311	grycat	Dumetella carolinensis	Gray Catbird	1
16396	128128	21324	blujay	Cyanocitta cristata	Blue Jay	1
16388	156411	21318	amerob	Turdus migratorius	American Robin	1
16389	156411	21318	swathr	Catharus ustulatus	Swainson's Thrush	1
16390	52926	21319	blujay	Cyanocitta cristata	Blue Jay	1
16391	52926	21319	amecro	Corvus brachyrhynchos	American Crow	1
16394	127374	21321	comgra	Quiscalus quiscula	Common Grackle	1
16397	47124	21326	amecro	Corvus brachyrhynchos	American Crow	1
16411	9039	21344	yerwar	Setophaga coronata	Yellow-rumped Warbler	2
16412	128387	21346	btnwar	Setophaga virens	Black-throated Green Warbler	1
16413	128387	21346	norcar	Cardinalis cardinalis	Northern Cardinal	1
16414	128387	21346	blujay	Cyanocitta cristata	Blue Jay	1
16421	135738	21364	whwdov	Zenaida asiatica	White-winged Dove	1
16422	135738	21364	grathr1	Toxostoma cinereum	Gray Thrasher	1
16430	127603	21379	norcar	Cardinalis cardinalis	Northern Cardinal	1
16431	39533	21380	cowscj1	Aphelocoma californica	California Scrub-Jay	1
16432	39533	21380	caltow	Melozone crissalis	California Towhee	1
16433	39533	21380	cacwre	Campylorhynchus brunneicapillus	Cactus Wren	1
16434	39533	21380	norcar	Cardinalis cardinalis	Northern Cardinal	2
16435	39533	21380	pyrrhu	Cardinalis sinuatus	Pyrrhuloxia	2
16439	53126	21392	amecro	Corvus brachyrhynchos	American Crow	1
16440	53126	21392	blujay	Cyanocitta cristata	Blue Jay	1
16447	11593	21402	whbnut	Sitta carolinensis	White-breasted Nuthatch	1
16448	52303	21403	amecro	Corvus brachyrhynchos	American Crow	1
16449	11598	21404	carchi	Poecile carolinensis	Carolina Chickadee	1
16453	128656	21406	norcar	Cardinalis cardinalis	Northern Cardinal	1
16454	134851	21411	whwdov	Zenaida asiatica	White-winged Dove	2
16473	136996	21453	gilwoo	Melanerpes uropygialis	Gila Woodpecker	1
16474	136996	21453	caltow	Melozone crissalis	California Towhee	2
16476	8911	21456	carwre	Thryothorus ludovicianus	Carolina Wren	1
16477	80434	21461	easkin	Tyrannus tyrannus	Eastern Kingbird	1
16481	156823	21473	amerob	Turdus migratorius	American Robin	1
16491	47053	21490	gockin	Regulus satrapa	Golden-crowned Kinglet	1
16492	128038	21492	sumtan	Piranga rubra	Summer Tanager	1
16496	127757	21494	tenwar	Leiothlypis peregrina	Tennessee Warbler	1
16497	127757	21494	norpar	Setophaga americana	Northern Parula	1
16498	12473	21495	amecro	Corvus brachyrhynchos	American Crow	1
16506	157234	21504	ruckin	Regulus calendula	Ruby-crowned Kinglet	1
16509	8915	21507	yerwar	Setophaga coronata	Yellow-rumped Warbler	1
16510	8915	21507	blujay	Cyanocitta cristata	Blue Jay	1
16526	135624	21539	houfin	Haemorhous mexicanus	House Finch	1
16527	135624	21539	whwdov	Zenaida asiatica	White-winged Dove	1
16528	135624	21539	hooori	Icterus cucullatus	Hooded Oriole	1
16531	53398	21548	blujay	Cyanocitta cristata	Blue Jay	1
16549	128393	21577	grycat	Dumetella carolinensis	Gray Catbird	1
16551	11819	21580	dowwoo	Dryobates pubescens	Downy Woodpecker	1
16566	127679	21601	comnig	Chordeiles minor	Common Nighthawk	1
16578	128828	21609	btnwar	Setophaga virens	Black-throated Green Warbler	1
16579	128828	21609	norcar	Cardinalis cardinalis	Northern Cardinal	1
16582	11538	21612	amecro	Corvus brachyrhynchos	American Crow	1
16589	127115	21615	amerob	Turdus migratorius	American Robin	1
16594	128118	21620	eawpew	Contopus virens	Eastern Wood-Pewee	1
16595	128118	21620	acafly	Empidonax virescens	Acadian Flycatcher	2
16605	12042	21632	eawpew	Contopus virens	Eastern Wood-Pewee	1
16608	128329	21634	norcar	Cardinalis cardinalis	Northern Cardinal	1
16610	11795	21636	blujay	Cyanocitta cristata	Blue Jay	1
16611	11795	21636	coohaw	Accipiter cooperii	Cooper's Hawk	2
16612	11795	21636	reshaw	Buteo lineatus	Red-shouldered Hawk	2
16629	128025	21656	norcar	Cardinalis cardinalis	Northern Cardinal	1
16630	127338	21657	tuftit	Baeolophus bicolor	Tufted Titmouse	1
16322	128715	21249	norcar	Cardinalis cardinalis	Northern Cardinal	1
16323	12381	21250	norfli	Colaptes auratus	Northern Flicker	1
16324	127510	21252	amecro	Corvus brachyrhynchos	American Crow	1
16327	11717	21254	amerob	Turdus migratorius	American Robin	1
16330	12600	21258	acafly	Empidonax virescens	Acadian Flycatcher	1
16344	12528	21269	carchi	Poecile carolinensis	Carolina Chickadee	1
16360	8977	21280	carwre	Thryothorus ludovicianus	Carolina Wren	1
16367	157076	21288	comrav	Corvus corax	Common Raven	1
16371	127551	21292	blujay	Cyanocitta cristata	Blue Jay	1
16372	53276	21294	brdowl	Strix varia	Barred Owl	1
16375	156520	21300	yerwar	Setophaga coronata	Yellow-rumped Warbler	2
16399	128671	21329	eawpew	Contopus virens	Eastern Wood-Pewee	1
16400	128671	21329	norcar	Cardinalis cardinalis	Northern Cardinal	1
16401	128671	21329	whbnut	Sitta carolinensis	White-breasted Nuthatch	1
16404	128811	21333	louwat	Parkesia motacilla	Louisiana Waterthrush	1
16405	128811	21333	amerob	Turdus migratorius	American Robin	1
16409	146010	21340	savspa	Passerculus sandwichensis	Savannah Sparrow	1
16410	46477	21342	amecro	Corvus brachyrhynchos	American Crow	1
16415	80901	21347	bkcchi	Poecile atricapillus	Black-capped Chickadee	1
16416	156753	21350	yerwar	Setophaga coronata	Yellow-rumped Warbler	1
16417	156753	21350	chispa	Spizella passerina	Chipping Sparrow	1
16418	6989	21357	blujay	Cyanocitta cristata	Blue Jay	1
16420	8585	21361	swaspa	Melospiza georgiana	Swamp Sparrow	2
16423	41414	21365	astfly	Myiarchus cinerascens	Ash-throated Flycatcher	1
16436	168636	21381	orcwar	Leiothlypis celata	Orange-crowned Warbler	1
16450	8812	21405	blujay	Cyanocitta cristata	Blue Jay	1
16451	8812	21405	yerwar	Setophaga coronata	Yellow-rumped Warbler	2
16452	8812	21405	gockin	Regulus satrapa	Golden-crowned Kinglet	2
16455	135237	21412	hooori	Icterus cucullatus	Hooded Oriole	1
16462	128256	21430	dowwoo	Dryobates pubescens	Downy Woodpecker	1
16463	168109	21433	amecro	Corvus brachyrhynchos	American Crow	1
16465	127484	21439	robgro	Pheucticus ludovicianus	Rose-breasted Grosbeak	1
16466	127484	21439	blujay	Cyanocitta cristata	Blue Jay	1
16467	127484	21439	norcar	Cardinalis cardinalis	Northern Cardinal	1
16480	47051	21468	bkcchi	Poecile atricapillus	Black-capped Chickadee	1
16485	167463	21480	comrav	Corvus corax	Common Raven	1
16486	145997	21482	whcspa	Zonotrichia leucophrys	White-crowned Sparrow	1
16487	7218	21484	norfli	Colaptes auratus	Northern Flicker	2
16488	7218	21484	pilwoo	Dryocopus pileatus	Pileated Woodpecker	2
16489	80888	21486	buhvir	Vireo solitarius	Blue-headed Vireo	1
16499	11965	21497	blujay	Cyanocitta cristata	Blue Jay	1
16511	80122	21516	pinsis	Spinus pinus	Pine Siskin	1
16524	80514	21536	blujay	Cyanocitta cristata	Blue Jay	1
16530	157261	21543	whwcro	Loxia leucoptera	White-winged Crossbill	1
16536	12606	21568	whbnut	Sitta carolinensis	White-breasted Nuthatch	1
16537	12606	21568	gockin	Regulus satrapa	Golden-crowned Kinglet	1
16546	11456	21574	rebwoo	Melanerpes carolinus	Red-bellied Woodpecker	1
16558	12221	21590	rebwoo	Melanerpes carolinus	Red-bellied Woodpecker	2
16562	128065	21596	grycat	Dumetella carolinensis	Gray Catbird	1
16563	128065	21596	norcar	Cardinalis cardinalis	Northern Cardinal	1
16564	128065	21596	dowwoo	Dryobates pubescens	Downy Woodpecker	1
16565	11672	21598	rebwoo	Melanerpes carolinus	Red-bellied Woodpecker	1
16581	12544	21611	norfli	Colaptes auratus	Northern Flicker	1
16583	128341	21613	amered	Setophaga ruticilla	American Redstart	1
16584	128341	21613	sumtan	Piranga rubra	Summer Tanager	2
16585	128341	21613	naswar	Leiothlypis ruficapilla	Nashville Warbler	1
16598	11914	21627	carchi	Poecile carolinensis	Carolina Chickadee	2
16599	11914	21627	bkcchi	Poecile atricapillus	Black-capped Chickadee	2
16609	12557	21635	rebwoo	Melanerpes carolinus	Red-bellied Woodpecker	2
16614	11947	21639	blujay	Cyanocitta cristata	Blue Jay	1
16615	128813	21640	norcar	Cardinalis cardinalis	Northern Cardinal	1
16616	128813	21640	louwat	Parkesia motacilla	Louisiana Waterthrush	1
16617	128813	21640	naswar	Leiothlypis ruficapilla	Nashville Warbler	1
16618	128813	21640	amerob	Turdus migratorius	American Robin	1
16619	128813	21640	buggna	Polioptila caerulea	Blue-gray Gnatcatcher	2
16620	12595	21642	whbnut	Sitta carolinensis	White-breasted Nuthatch	1
16621	128354	21645	indbun	Passerina cyanea	Indigo Bunting	1
16622	128354	21645	grcfly	Myiarchus crinitus	Great Crested Flycatcher	1
16623	128354	21645	bnhcow	Molothrus ater	Brown-headed Cowbird	2
16624	128354	21645	amerob	Turdus migratorius	American Robin	1
16627	127194	21652	norfli	Colaptes auratus	Northern Flicker	1
16628	127194	21652	amegfi	Spinus tristis	American Goldfinch	1
16632	128158	21661	fiscro	Corvus ossifragus	Fish Crow	1
16635	12400	21665	amecro	Corvus brachyrhynchos	American Crow	1
16636	12400	21665	rebwoo	Melanerpes carolinus	Red-bellied Woodpecker	2
16645	127801	21681	norfli	Colaptes auratus	Northern Flicker	1
16650	127832	21690	amecro	Corvus brachyrhynchos	American Crow	1
16651	127832	21690	norcar	Cardinalis cardinalis	Northern Cardinal	1
16652	128305	21692	whtspa	Zonotrichia albicollis	White-throated Sparrow	1
16653	128305	21692	norcar	Cardinalis cardinalis	Northern Cardinal	1
16654	128305	21692	phivir	Vireo philadelphicus	Philadelphia Vireo	2
16655	128305	21692	reevir1	Vireo olivaceus	Red-eyed Vireo	2
16656	128305	21692	amegfi	Spinus tristis	American Goldfinch	1
16657	128305	21692	blujay	Cyanocitta cristata	Blue Jay	1
16658	12254	21699	rethaw	Buteo jamaicensis	Red-tailed Hawk	2
16659	12254	21699	blujay	Cyanocitta cristata	Blue Jay	2
16662	128374	21703	grycat	Dumetella carolinensis	Gray Catbird	1
16663	128374	21703	dowwoo	Dryobates pubescens	Downy Woodpecker	1
16666	127314	21706	amegfi	Spinus tristis	American Goldfinch	1
16667	127314	21706	btnwar	Setophaga virens	Black-throated Green Warbler	2
16671	11661	21711	brdowl	Strix varia	Barred Owl	1
16674	11685	21713	grhowl	Bubo virginianus	Great Horned Owl	1
16604	12225	21630	pilwoo	Dryocopus pileatus	Pileated Woodpecker	2
16606	12121	21633	whbnut	Sitta carolinensis	White-breasted Nuthatch	2
16607	12121	21633	rebwoo	Melanerpes carolinus	Red-bellied Woodpecker	2
16625	11794	21646	whbnut	Sitta carolinensis	White-breasted Nuthatch	1
16626	127713	21648	amerob	Turdus migratorius	American Robin	1
16637	11904	21669	norfli	Colaptes auratus	Northern Flicker	1
16633	12308	21663	acafly	Empidonax virescens	Acadian Flycatcher	2
16634	127884	21664	buggna	Polioptila caerulea	Blue-gray Gnatcatcher	1
16639	11588	21673	norfli	Colaptes auratus	Northern Flicker	1
16641	12271	21675	acafly	Empidonax virescens	Acadian Flycatcher	1
16642	128605	21677	norcar	Cardinalis cardinalis	Northern Cardinal	1
16643	128605	21677	amerob	Turdus migratorius	American Robin	1
16646	127873	21683	houfin	Haemorhous mexicanus	House Finch	1
16647	127873	21683	norcar	Cardinalis cardinalis	Northern Cardinal	1
16649	11469	21689	whbnut	Sitta carolinensis	White-breasted Nuthatch	1
16660	127894	21700	sumtan	Piranga rubra	Summer Tanager	1
16664	128853	21705	eawpew	Contopus virens	Eastern Wood-Pewee	1
16665	128853	21705	reshaw	Buteo lineatus	Red-shouldered Hawk	1
16676	128022	21716	indbun	Passerina cyanea	Indigo Bunting	1
16669	127305	21707	amerob	Turdus migratorius	American Robin	1
16670	127305	21707	amegfi	Spinus tristis	American Goldfinch	1
16672	127743	21712	tenwar	Leiothlypis peregrina	Tennessee Warbler	2
16680	12402	21720	dowwoo	Dryobates pubescens	Downy Woodpecker	1
16677	11666	21718	sumtan	Piranga rubra	Summer Tanager	1
16682	127296	21725	grcfly	Myiarchus crinitus	Great Crested Flycatcher	1
16688	127140	21730	norcar	Cardinalis cardinalis	Northern Cardinal	1
16703	127202	21746	norcar	Cardinalis cardinalis	Northern Cardinal	1
16707	128433	21754	buggna	Polioptila caerulea	Blue-gray Gnatcatcher	1
16708	128225	21755	tuftit	Baeolophus bicolor	Tufted Titmouse	1
16696	12329	21735	acafly	Empidonax virescens	Acadian Flycatcher	1
16702	12218	21742	blujay	Cyanocitta cristata	Blue Jay	1
16709	128225	21755	dowwoo	Dryobates pubescens	Downy Woodpecker	1
16710	127865	21757	amerob	Turdus migratorius	American Robin	1
16714	128194	21759	norcar	Cardinalis cardinalis	Northern Cardinal	1
16715	128194	21759	wiltur	Meleagris gallopavo	Wild Turkey	1
16721	128318	21769	norcar	Cardinalis cardinalis	Northern Cardinal	1
16724	12273	21773	sumtan	Piranga rubra	Summer Tanager	1
16725	12273	21773	blujay	Cyanocitta cristata	Blue Jay	1
16728	128313	21775	grcfly	Myiarchus crinitus	Great Crested Flycatcher	1
16729	127165	21776	norcar	Cardinalis cardinalis	Northern Cardinal	1
16730	127165	21776	tuftit	Baeolophus bicolor	Tufted Titmouse	2
16732	128464	21781	rusbla	Euphagus carolinus	Rusty Blackbird	1
16733	127284	21784	blujay	Cyanocitta cristata	Blue Jay	1
16734	127284	21784	naswar	Leiothlypis ruficapilla	Nashville Warbler	1
16735	127284	21784	norcar	Cardinalis cardinalis	Northern Cardinal	1
16737	127177	21792	wiltur	Meleagris gallopavo	Wild Turkey	2
16738	127390	21794	haiwoo	Dryobates villosus	Hairy Woodpecker	1
16739	128795	21795	whtspa	Zonotrichia albicollis	White-throated Sparrow	1
16740	128795	21795	norfli	Colaptes auratus	Northern Flicker	1
16751	128730	21808	whevir	Vireo griseus	White-eyed Vireo	1
16746	127560	21802	norcar	Cardinalis cardinalis	Northern Cardinal	1
16747	127560	21802	blujay	Cyanocitta cristata	Blue Jay	1
16750	127605	21805	norcar	Cardinalis cardinalis	Northern Cardinal	1
16752	12533	21810	whbnut	Sitta carolinensis	White-breasted Nuthatch	1
16753	127868	21811	grycat	Dumetella carolinensis	Gray Catbird	1
16754	127096	21812	tuftit	Baeolophus bicolor	Tufted Titmouse	1
16755	127096	21812	norpar	Setophaga americana	Northern Parula	1
16756	128451	21818	rebwoo	Melanerpes carolinus	Red-bellied Woodpecker	1
16761	12483	21826	sumtan	Piranga rubra	Summer Tanager	1
16764	127686	21830	amered	Setophaga ruticilla	American Redstart	1
16765	127686	21830	btnwar	Setophaga virens	Black-throated Green Warbler	1
16768	128761	21836	bnhcow	Molothrus ater	Brown-headed Cowbird	1
16769	128761	21836	amegfi	Spinus tristis	American Goldfinch	1
16770	128362	21837	amerob	Turdus migratorius	American Robin	1
16771	128362	21837	amered	Setophaga ruticilla	American Redstart	1
16772	128362	21837	chiswi	Chaetura pelagica	Chimney Swift	1
16773	128850	21838	easkin	Tyrannus tyrannus	Eastern Kingbird	1
16776	128769	21843	bkbwar	Setophaga fusca	Blackburnian Warbler	2
16777	128769	21843	tenwar	Leiothlypis peregrina	Tennessee Warbler	1
16780	128812	21854	louwat	Parkesia motacilla	Louisiana Waterthrush	1
16781	128812	21854	naswar	Leiothlypis ruficapilla	Nashville Warbler	1
16782	128812	21854	amerob	Turdus migratorius	American Robin	1
16783	128030	21855	amecro	Corvus brachyrhynchos	American Crow	1
16784	128030	21855	norcar	Cardinalis cardinalis	Northern Cardinal	1
16789	128308	21861	amegfi	Spinus tristis	American Goldfinch	1
16790	128308	21861	brnthr	Toxostoma rufum	Brown Thrasher	2
16791	128308	21861	amerob	Turdus migratorius	American Robin	1
16792	128308	21861	norcar	Cardinalis cardinalis	Northern Cardinal	1
16794	127782	21863	tenwar	Leiothlypis peregrina	Tennessee Warbler	1
16797	127824	21865	norcar	Cardinalis cardinalis	Northern Cardinal	1
16798	127824	21865	amecro	Corvus brachyrhynchos	American Crow	1
16638	127866	21670	amerob	Turdus migratorius	American Robin	1
16640	128328	21674	norcar	Cardinalis cardinalis	Northern Cardinal	1
16644	127355	21680	brncre	Certhia americana	Brown Creeper	1
16648	11843	21685	blujay	Cyanocitta cristata	Blue Jay	1
16661	127236	21702	blujay	Cyanocitta cristata	Blue Jay	1
16675	12563	21714	amecro	Corvus brachyrhynchos	American Crow	1
16678	128366	21719	reevir1	Vireo olivaceus	Red-eyed Vireo	2
16679	128366	21719	phivir	Vireo philadelphicus	Philadelphia Vireo	2
16681	12002	21724	blujay	Cyanocitta cristata	Blue Jay	1
16683	128361	21726	norcar	Cardinalis cardinalis	Northern Cardinal	1
16684	128361	21726	amerob	Turdus migratorius	American Robin	1
16685	128098	21728	tenwar	Leiothlypis peregrina	Tennessee Warbler	1
16686	128098	21728	amerob	Turdus migratorius	American Robin	1
16687	128098	21728	norcar	Cardinalis cardinalis	Northern Cardinal	1
16692	128458	21732	comgra	Quiscalus quiscula	Common Grackle	1
16693	128458	21732	norcar	Cardinalis cardinalis	Northern Cardinal	1
16694	128458	21732	amerob	Turdus migratorius	American Robin	1
16695	127362	21734	comgra	Quiscalus quiscula	Common Grackle	1
16697	128832	21736	naswar	Leiothlypis ruficapilla	Nashville Warbler	1
16698	128832	21736	amerob	Turdus migratorius	American Robin	1
16699	128832	21736	bkpwar	Setophaga striata	Blackpoll Warbler	2
16700	128832	21736	amered	Setophaga ruticilla	American Redstart	2
16701	128832	21736	tenwar	Leiothlypis peregrina	Tennessee Warbler	2
16704	127547	21747	blujay	Cyanocitta cristata	Blue Jay	1
16705	127547	21747	eawpew	Contopus virens	Eastern Wood-Pewee	2
16706	127862	21753	amerob	Turdus migratorius	American Robin	1
16711	127685	21758	amegfi	Spinus tristis	American Goldfinch	1
16712	127685	21758	norcar	Cardinalis cardinalis	Northern Cardinal	1
16718	128349	21763	amegfi	Spinus tristis	American Goldfinch	1
16716	12202	21760	amegfi	Spinus tristis	American Goldfinch	2
16717	12469	21761	wiltur	Meleagris gallopavo	Wild Turkey	1
16719	12167	21765	norfli	Colaptes auratus	Northern Flicker	1
16720	12480	21766	norfli	Colaptes auratus	Northern Flicker	1
16722	128019	21770	sumtan	Piranga rubra	Summer Tanager	1
16723	128219	21772	rusbla	Euphagus carolinus	Rusty Blackbird	1
16726	127760	21774	norpar	Setophaga americana	Northern Parula	1
16727	127760	21774	magwar	Setophaga magnolia	Magnolia Warbler	1
16731	128237	21780	amerob	Turdus migratorius	American Robin	1
16736	127707	21787	norcar	Cardinalis cardinalis	Northern Cardinal	1
16741	12613	21797	norfli	Colaptes auratus	Northern Flicker	1
16742	11534	21799	dowwoo	Dryobates pubescens	Downy Woodpecker	1
16744	127877	21801	amerob	Turdus migratorius	American Robin	1
16745	127877	21801	norcar	Cardinalis cardinalis	Northern Cardinal	1
16748	128332	21804	houwre	Troglodytes aedon	House Wren	1
16749	128332	21804	norcar	Cardinalis cardinalis	Northern Cardinal	1
16757	12643	21820	whbnut	Sitta carolinensis	White-breasted Nuthatch	1
16758	128726	21822	chiswi	Chaetura pelagica	Chimney Swift	1
16759	127825	21823	blujay	Cyanocitta cristata	Blue Jay	1
16760	127825	21823	norcar	Cardinalis cardinalis	Northern Cardinal	1
16762	128004	21829	amerob	Turdus migratorius	American Robin	1
16763	128004	21829	indbun	Passerina cyanea	Indigo Bunting	1
16766	128774	21834	naswar	Leiothlypis ruficapilla	Nashville Warbler	1
16767	128774	21834	houfin	Haemorhous mexicanus	House Finch	1
16774	128764	21842	amerob	Turdus migratorius	American Robin	1
16775	128764	21842	wiltur	Meleagris gallopavo	Wild Turkey	1
16778	127312	21847	btnwar	Setophaga virens	Black-throated Green Warbler	1
16779	128768	21853	bkbwar	Setophaga fusca	Blackburnian Warbler	2
16785	127653	21857	carchi	Poecile carolinensis	Carolina Chickadee	1
16786	12284	21858	blujay	Cyanocitta cristata	Blue Jay	1
16796	127087	21864	norcar	Cardinalis cardinalis	Northern Cardinal	1
16793	12189	21862	norcar	Cardinalis cardinalis	Northern Cardinal	1
16795	127087	21864	buggna	Polioptila caerulea	Blue-gray Gnatcatcher	1
