species_annotation_id	recording_id	annotation_id	species_code	scientific_name	common_name	occurrence
15830	137913	20615	sonthr1	Turdus philomelos	Song Thrush	1
15831	137913	20615	nezfan1	Rhipidura fuliginosa	New Zealand Fantail	2
15832	137913	20615	tui1	Prosthemadera novaeseelandiae	Tui	1
15833	137913	20615	kelgul	Larus dominicanus	Kelp Gull	2
15836	137960	20621	tui1	Prosthemadera novaeseelandiae	Tui	1
15835	138842	20619	tui1	Prosthemadera novaeseelandiae	Tui	1
15837	138106	20622	silver3	Zosterops lateralis	Silvereye	1
