species_annotation_id	recording_id	annotation_id	species_code	scientific_name	common_name	occurrence
16878	138244	21976	tui1	Prosthemadera novaeseelandiae	Tui	1
16873	137632	21970	tui1	Prosthemadera novaeseelandiae	Tui	1
16884	138385	21985	silver3	Zosterops lateralis	Silvereye	2
16887	137400	21990	ausmag2	Gymnorhina tibicen	Australian Magpie	1
16888	137400	21990	tui1	Prosthemadera novaeseelandiae	Tui	1
16913	138036	22016	easros1	Platycercus eximius	Eastern Rosella	1
16904	138129	22009	tui1	Prosthemadera novaeseelandiae	Tui	1
16905	138129	22009	nezfan1	Rhipidura fuliginosa	New Zealand Fantail	1
16906	137949	22011	morepo2	Ninox novaeseelandiae	Morepork	1
16914	138733	22020	eurbla	Turdus merula	Eurasian Blackbird	1
16915	138733	22020	tui1	Prosthemadera novaeseelandiae	Tui	1
16918	138009	22022	silver3	Zosterops lateralis	Silvereye	2
16935	138830	22047	tui1	Prosthemadera novaeseelandiae	Tui	1
16936	138830	22047	maslap1	Vanellus miles	Masked Lapwing	1
16947	139035	22059	tui1	Prosthemadera novaeseelandiae	Tui	1
16948	139035	22059	nezfan1	Rhipidura fuliginosa	New Zealand Fantail	1
16949	137580	22060	eurgre1	Chloris chloris	European Greenfinch	1
16954	138016	22068	tui1	Prosthemadera novaeseelandiae	Tui	1
16957	137476	22070	tui1	Prosthemadera novaeseelandiae	Tui	1
16958	137476	22070	nezfan1	Rhipidura fuliginosa	New Zealand Fantail	1
16959	137476	22070	eurgre1	Chloris chloris	European Greenfinch	2
16965	137617	22075	nezfan1	Rhipidura fuliginosa	New Zealand Fantail	1
16976	139054	22084	nezfan1	Rhipidura fuliginosa	New Zealand Fantail	1
16977	138316	22087	nezfan1	Rhipidura fuliginosa	New Zealand Fantail	1
17099	138775	22178	eurbla	Turdus merula	Eurasian Blackbird	1
17102	137953	22179	nezfan1	Rhipidura fuliginosa	New Zealand Fantail	1
17103	137953	22179	eurbla	Turdus merula	Eurasian Blackbird	1
17104	138354	22180	tui1	Prosthemadera novaeseelandiae	Tui	1
17105	138354	22180	nezfan1	Rhipidura fuliginosa	New Zealand Fantail	1
17108	138607	22194	tui1	Prosthemadera novaeseelandiae	Tui	1
17109	138607	22194	sonthr1	Turdus philomelos	Song Thrush	2
17118	139038	22205	nezfan1	Rhipidura fuliginosa	New Zealand Fantail	1
17119	139038	22205	tui1	Prosthemadera novaeseelandiae	Tui	1
17130	137283	22223	morepo2	Ninox novaeseelandiae	Morepork	1
17133	138034	22226	eurbla	Turdus merula	Eurasian Blackbird	1
17327	138031	22290	tui1	Prosthemadera novaeseelandiae	Tui	2
17332	138538	22293	tui1	Prosthemadera novaeseelandiae	Tui	1
17333	138538	22293	houspa	Passer domesticus	House Sparrow	1
17334	137968	22296	tui1	Prosthemadera novaeseelandiae	Tui	1
17335	137930	22301	easros1	Platycercus eximius	Eastern Rosella	1
17336	137930	22301	tui1	Prosthemadera novaeseelandiae	Tui	2
17337	137593	22302	nezfan1	Rhipidura fuliginosa	New Zealand Fantail	1
17338	137593	22302	tui1	Prosthemadera novaeseelandiae	Tui	2
17342	137301	22306	eurbla	Turdus merula	Eurasian Blackbird	1
17344	138974	22310	tui1	Prosthemadera novaeseelandiae	Tui	1
17348	138942	22317	purswa6	Porphyrio melanotus	Australasian Swamphen	1
17358	137692	22325	silver3	Zosterops lateralis	Silvereye	1
17360	138067	22336	morepo2	Ninox novaeseelandiae	Morepork	1
17365	138503	22342	tui1	Prosthemadera novaeseelandiae	Tui	1
17366	137656	22343	nezfan1	Rhipidura fuliginosa	New Zealand Fantail	1
17367	137198	22346	eurbla	Turdus merula	Eurasian Blackbird	1
17368	137198	22346	nezfan1	Rhipidura fuliginosa	New Zealand Fantail	1
17371	138402	22351	gryger1	Gerygone igata	Gray Gerygone	1
17373	138311	22358	tui1	Prosthemadera novaeseelandiae	Tui	1
16875	137657	21974	nezfan1	Rhipidura fuliginosa	New Zealand Fantail	1
16882	139032	21981	tui1	Prosthemadera novaeseelandiae	Tui	1
16880	137625	21979	tui1	Prosthemadera novaeseelandiae	Tui	1
16881	137311	21980	morepo2	Ninox novaeseelandiae	Morepork	1
16883	138112	21984	tui1	Prosthemadera novaeseelandiae	Tui	1
16885	137484	21988	tui1	Prosthemadera novaeseelandiae	Tui	1
16886	137484	21988	gryger1	Gerygone igata	Gray Gerygone	1
16891	138180	21994	tui1	Prosthemadera novaeseelandiae	Tui	1
16893	137227	21996	mallar3	Anas platyrhynchos	Mallard	1
16894	137344	21997	morepo2	Ninox novaeseelandiae	Morepork	2
16897	137972	22001	tui1	Prosthemadera novaeseelandiae	Tui	1
16901	139105	22007	sonthr1	Turdus philomelos	Song Thrush	2
16903	137548	22008	morepo2	Ninox novaeseelandiae	Morepork	1
16907	138323	22012	tui1	Prosthemadera novaeseelandiae	Tui	1
16908	137784	22014	tui1	Prosthemadera novaeseelandiae	Tui	1
16909	137784	22014	eurbla	Turdus merula	Eurasian Blackbird	1
16910	137784	22014	eursta	Sturnus vulgaris	European Starling	2
16922	137525	22029	morepo2	Ninox novaeseelandiae	Morepork	1
16916	139013	22021	nezfan1	Rhipidura fuliginosa	New Zealand Fantail	1
16917	139013	22021	tui1	Prosthemadera novaeseelandiae	Tui	1
16921	138737	22028	silver3	Zosterops lateralis	Silvereye	2
16924	138794	22032	morepo2	Ninox novaeseelandiae	Morepork	1
16930	138519	22039	morepo2	Ninox novaeseelandiae	Morepork	1
16931	138996	22041	houspa	Passer domesticus	House Sparrow	1
16937	137388	22048	tui1	Prosthemadera novaeseelandiae	Tui	1
16943	137407	22056	nezfan1	Rhipidura fuliginosa	New Zealand Fantail	1
16945	138887	22058	nezfan1	Rhipidura fuliginosa	New Zealand Fantail	1
16946	138887	22058	tui1	Prosthemadera novaeseelandiae	Tui	1
16950	138924	22062	purswa6	Porphyrio melanotus	Australasian Swamphen	1
16951	138924	22062	tui1	Prosthemadera novaeseelandiae	Tui	1
16952	138924	22062	sackin1	Todiramphus sanctus	Sacred Kingfisher	1
16953	138570	22064	sonthr1	Turdus philomelos	Song Thrush	1
16960	137214	22072	ausmag2	Gymnorhina tibicen	Australian Magpie	1
16961	137214	22072	tui1	Prosthemadera novaeseelandiae	Tui	1
16975	137768	22081	tui1	Prosthemadera novaeseelandiae	Tui	1
16978	138918	22089	tui1	Prosthemadera novaeseelandiae	Tui	1
16980	137209	22093	sonthr1	Turdus philomelos	Song Thrush	1
16981	137209	22093	gryger1	Gerygone igata	Gray Gerygone	1
16982	139026	22096	tui1	Prosthemadera novaeseelandiae	Tui	1
16984	138514	22100	nezfan1	Rhipidura fuliginosa	New Zealand Fantail	1
16985	138514	22100	houspa	Passer domesticus	House Sparrow	1
16986	137778	22102	tui1	Prosthemadera novaeseelandiae	Tui	1
16987	139122	22104	spodov	Streptopelia chinensis	Spotted Dove	2
16988	138865	22107	easros1	Platycercus eximius	Eastern Rosella	1
16989	137256	22111	tui1	Prosthemadera novaeseelandiae	Tui	1
16990	137256	22111	ausmag2	Gymnorhina tibicen	Australian Magpie	1
16800	138663	21871	eursta	Sturnus vulgaris	European Starling	1
16804	138146	21880	nezfan1	Rhipidura fuliginosa	New Zealand Fantail	1
16805	138876	21881	morepo2	Ninox novaeseelandiae	Morepork	1
16806	138054	21883	tui1	Prosthemadera novaeseelandiae	Tui	2
16807	138803	21886	spodov	Streptopelia chinensis	Spotted Dove	1
16808	137984	21888	morepo2	Ninox novaeseelandiae	Morepork	1
16810	137250	21890	nezfan1	Rhipidura fuliginosa	New Zealand Fantail	1
16811	137250	21890	tui1	Prosthemadera novaeseelandiae	Tui	1
16812	138257	21894	houspa	Passer domesticus	House Sparrow	1
16815	137463	21899	eurbla	Turdus merula	Eurasian Blackbird	1
16816	137463	21899	tui1	Prosthemadera novaeseelandiae	Tui	1
16819	137977	21901	tui1	Prosthemadera novaeseelandiae	Tui	1
16820	137894	21903	easros1	Platycercus eximius	Eastern Rosella	1
16821	137894	21903	nezfan1	Rhipidura fuliginosa	New Zealand Fantail	1
16822	138855	21905	eurbla	Turdus merula	Eurasian Blackbird	2
16823	138855	21905	tui1	Prosthemadera novaeseelandiae	Tui	2
16825	137634	21907	tui1	Prosthemadera novaeseelandiae	Tui	1
16829	138369	21913	tui1	Prosthemadera novaeseelandiae	Tui	1
16830	138369	21913	gryger1	Gerygone igata	Gray Gerygone	2
16831	137197	21914	tui1	Prosthemadera novaeseelandiae	Tui	1
16832	137197	21914	eurbla	Turdus merula	Eurasian Blackbird	2
16835	137552	21920	nezfan1	Rhipidura fuliginosa	New Zealand Fantail	1
16838	138308	21924	maslap1	Vanellus miles	Masked Lapwing	1
16839	138098	21926	nezfan1	Rhipidura fuliginosa	New Zealand Fantail	1
16840	137438	21927	tui1	Prosthemadera novaeseelandiae	Tui	1
16841	138774	21933	morepo2	Ninox novaeseelandiae	Morepork	1
16844	139070	21936	tui1	Prosthemadera novaeseelandiae	Tui	2
16845	137472	21947	nezfan1	Rhipidura fuliginosa	New Zealand Fantail	1
16846	137660	21948	tui1	Prosthemadera novaeseelandiae	Tui	1
16847	137660	21948	nezfan1	Rhipidura fuliginosa	New Zealand Fantail	1
16848	137274	21951	tui1	Prosthemadera novaeseelandiae	Tui	1
16849	137274	21951	eurbla	Turdus merula	Eurasian Blackbird	1
16850	138644	21953	gryger1	Gerygone igata	Gray Gerygone	2
17111	137587	22195	houspa	Passer domesticus	House Sparrow	2
17112	137581	22196	nezfan1	Rhipidura fuliginosa	New Zealand Fantail	1
17107	139170	22191	nezfan1	Rhipidura fuliginosa	New Zealand Fantail	1
17110	137587	22195	tui1	Prosthemadera novaeseelandiae	Tui	1
17113	137581	22196	tui1	Prosthemadera novaeseelandiae	Tui	1
17114	138559	22198	tui1	Prosthemadera novaeseelandiae	Tui	1
17116	138943	22200	tui1	Prosthemadera novaeseelandiae	Tui	1
17117	138103	22202	spodov	Streptopelia chinensis	Spotted Dove	1
17121	138282	22209	eurbla	Turdus merula	Eurasian Blackbird	1
17123	138662	22215	eurbla	Turdus merula	Eurasian Blackbird	1
17124	138662	22215	tui1	Prosthemadera novaeseelandiae	Tui	1
17125	138662	22215	easros1	Platycercus eximius	Eastern Rosella	2
17126	138679	22217	tui1	Prosthemadera novaeseelandiae	Tui	1
17127	138433	22219	maslap1	Vanellus miles	Masked Lapwing	1
17128	138314	22220	nezfan1	Rhipidura fuliginosa	New Zealand Fantail	1
17129	138314	22220	tui1	Prosthemadera novaeseelandiae	Tui	1
17131	137682	22224	eurbla	Turdus merula	Eurasian Blackbird	1
17325	138953	22288	tui1	Prosthemadera novaeseelandiae	Tui	1
17326	137928	22289	houspa	Passer domesticus	House Sparrow	1
17328	138510	22291	tui1	Prosthemadera novaeseelandiae	Tui	1
17329	138510	22291	sonthr1	Turdus philomelos	Song Thrush	2
17330	138671	22292	mallar3	Anas platyrhynchos	Mallard	2
17331	138671	22292	houspa	Passer domesticus	House Sparrow	1
17340	137208	22304	tui1	Prosthemadera novaeseelandiae	Tui	1
17343	137406	22308	sonthr1	Turdus philomelos	Song Thrush	2
17345	137962	22313	houspa	Passer domesticus	House Sparrow	1
17346	137962	22313	nezfan1	Rhipidura fuliginosa	New Zealand Fantail	1
17347	137945	22316	nezfan1	Rhipidura fuliginosa	New Zealand Fantail	1
17350	137540	22319	nezfan1	Rhipidura fuliginosa	New Zealand Fantail	1
17351	139125	22320	nezfan1	Rhipidura fuliginosa	New Zealand Fantail	1
17352	139125	22320	tui1	Prosthemadera novaeseelandiae	Tui	1
17355	137437	22321	houspa	Passer domesticus	House Sparrow	1
17356	137437	22321	nezfan1	Rhipidura fuliginosa	New Zealand Fantail	1
17361	137637	22337	morepo2	Ninox novaeseelandiae	Morepork	1
17362	138797	22338	afcdov1	Streptopelia roseogrisea	African Collared-Dove	1
17363	138797	22338	nezfan1	Rhipidura fuliginosa	New Zealand Fantail	1
17364	137409	22341	tui1	Prosthemadera novaeseelandiae	Tui	1
17369	138291	22349	sonthr1	Turdus philomelos	Song Thrush	2
17370	138291	22349	eurbla	Turdus merula	Eurasian Blackbird	2
17374	137432	22359	tui1	Prosthemadera novaeseelandiae	Tui	1
17375	138508	22361	nezfan1	Rhipidura fuliginosa	New Zealand Fantail	1
17378	138310	22365	tui1	Prosthemadera novaeseelandiae	Tui	1
17379	138960	22367	sackin1	Todiramphus sanctus	Sacred Kingfisher	1
16801	137786	21873	tui1	Prosthemadera novaeseelandiae	Tui	1
16802	137992	21879	tui1	Prosthemadera novaeseelandiae	Tui	1
16803	137992	21879	eurbla	Turdus merula	Eurasian Blackbird	1
16809	139006	21889	nezfan1	Rhipidura fuliginosa	New Zealand Fantail	1
16813	137775	21896	tui1	Prosthemadera novaeseelandiae	Tui	1
16814	137685	21897	easros1	Platycercus eximius	Eastern Rosella	1
16817	137539	21900	tui1	Prosthemadera novaeseelandiae	Tui	1
16818	137539	21900	nezfan1	Rhipidura fuliginosa	New Zealand Fantail	2
16824	138524	21906	eurbla	Turdus merula	Eurasian Blackbird	1
16834	137229	21918	eurbla	Turdus merula	Eurasian Blackbird	1
16827	138807	21909	morepo2	Ninox novaeseelandiae	Morepork	1
16828	138210	21911	tui1	Prosthemadera novaeseelandiae	Tui	1
16833	137878	21916	nezfan1	Rhipidura fuliginosa	New Zealand Fantail	1
16836	137269	21922	tui1	Prosthemadera novaeseelandiae	Tui	1
16837	137269	21922	nezfan1	Rhipidura fuliginosa	New Zealand Fantail	1
16842	138359	21935	nezfan1	Rhipidura fuliginosa	New Zealand Fantail	1
16843	138359	21935	tui1	Prosthemadera novaeseelandiae	Tui	1
16874	138941	21973	purswa6	Porphyrio melanotus	Australasian Swamphen	1
16876	138986	21975	mallar3	Anas platyrhynchos	Mallard	1
16879	138231	21978	nezfan1	Rhipidura fuliginosa	New Zealand Fantail	1
16889	138928	21991	tui1	Prosthemadera novaeseelandiae	Tui	1
16890	138753	21992	easros1	Platycercus eximius	Eastern Rosella	1
16895	139098	22000	nezfan1	Rhipidura fuliginosa	New Zealand Fantail	1
16896	139098	22000	eurbla	Turdus merula	Eurasian Blackbird	1
16898	137960	22002	tui1	Prosthemadera novaeseelandiae	Tui	1
16899	137618	22003	nezfan1	Rhipidura fuliginosa	New Zealand Fantail	1
16900	139073	22005	morepo2	Ninox novaeseelandiae	Morepork	1
16920	137935	22027	tui1	Prosthemadera novaeseelandiae	Tui	1
16911	138358	22015	tui1	Prosthemadera novaeseelandiae	Tui	1
16919	137932	22024	tui1	Prosthemadera novaeseelandiae	Tui	1
16923	137495	22030	tui1	Prosthemadera novaeseelandiae	Tui	1
16925	139088	22033	sonthr1	Turdus philomelos	Song Thrush	2
16926	139088	22033	eurbla	Turdus merula	Eurasian Blackbird	2
16927	138829	22036	tui1	Prosthemadera novaeseelandiae	Tui	1
16928	138829	22036	maslap1	Vanellus miles	Masked Lapwing	1
16929	138796	22037	mallar3	Anas platyrhynchos	Mallard	1
16939	138951	22049	houspa	Passer domesticus	House Sparrow	1
16933	137188	22042	tui1	Prosthemadera novaeseelandiae	Tui	1
16934	138698	22044	easros1	Platycercus eximius	Eastern Rosella	1
16938	138951	22049	tui1	Prosthemadera novaeseelandiae	Tui	1
16940	137356	22051	tui1	Prosthemadera novaeseelandiae	Tui	1
16941	137356	22051	houspa	Passer domesticus	House Sparrow	1
16956	137674	22069	nezfan1	Rhipidura fuliginosa	New Zealand Fantail	1
16944	138133	22057	mallar3	Anas platyrhynchos	Mallard	2
16955	137674	22069	tui1	Prosthemadera novaeseelandiae	Tui	1
16962	138732	22073	eurbla	Turdus merula	Eurasian Blackbird	2
16963	138732	22073	sonthr1	Turdus philomelos	Song Thrush	2
16970	138044	22078	tui1	Prosthemadera novaeseelandiae	Tui	1
16966	137486	22076	sonthr1	Turdus philomelos	Song Thrush	2
16967	137486	22076	eurbla	Turdus merula	Eurasian Blackbird	2
16968	137486	22076	tui1	Prosthemadera novaeseelandiae	Tui	1
16969	138044	22078	nezfan1	Rhipidura fuliginosa	New Zealand Fantail	1
16971	137957	22079	nezfan1	Rhipidura fuliginosa	New Zealand Fantail	1
16972	137957	22079	houspa	Passer domesticus	House Sparrow	1
16973	137957	22079	tui1	Prosthemadera novaeseelandiae	Tui	1
16974	137175	22080	eurbla	Turdus merula	Eurasian Blackbird	1
16979	138967	22091	easros1	Platycercus eximius	Eastern Rosella	1
16983	138572	22099	maslap1	Vanellus miles	Masked Lapwing	1
16991	137186	22112	tui1	Prosthemadera novaeseelandiae	Tui	1
17106	137734	22183	gryger1	Gerygone igata	Gray Gerygone	1
17115	137670	22199	tui1	Prosthemadera novaeseelandiae	Tui	1
17120	138959	22208	nezfan1	Rhipidura fuliginosa	New Zealand Fantail	1
17122	138383	22213	silver3	Zosterops lateralis	Silvereye	1
17132	138965	22225	easros1	Platycercus eximius	Eastern Rosella	1
17339	138229	22303	houspa	Passer domesticus	House Sparrow	1
17341	138419	22305	maslap1	Vanellus miles	Masked Lapwing	1
17349	137202	22318	eurbla	Turdus merula	Eurasian Blackbird	1
17372	137976	22354	nezfan1	Rhipidura fuliginosa	New Zealand Fantail	1
17376	137241	22363	nezfan1	Rhipidura fuliginosa	New Zealand Fantail	1
17357	137426	22324	tui1	Prosthemadera novaeseelandiae	Tui	1
17359	138329	22333	tui1	Prosthemadera novaeseelandiae	Tui	1
17377	137241	22363	tui1	Prosthemadera novaeseelandiae	Tui	1
