species_annotation_id	recording_id	annotation_id	species_code	scientific_name	common_name	occurrence
10578	75438	11963	rabeat1	Merops ornatus	Rainbow Bee-eater	1
10602	75875	12006	rabeat1	Merops ornatus	Rainbow Bee-eater	1
10603	75875	12006	redwat1	Anthochaera carunculata	Red Wattlebird	1
10614	76080	12018	rtbcoc1	Calyptorhynchus banksii	Red-tailed Black-Cockatoo	1
10611	75982	12015	rtbcoc1	Calyptorhynchus banksii	Red-tailed Black-Cockatoo	1
10613	76080	12018	railor5	Trichoglossus moluccanus	Rainbow Lorikeet	1
10554	75397	11922	laukoo1	Dacelo novaeguineae	Laughing Kookaburra	1
10556	75773	11925	laukoo1	Dacelo novaeguineae	Laughing Kookaburra	1
10587	75616	11972	manduc1	Chenonetta jubata	Maned Duck	1
10593	75558	11990	rufwhi1	Pachycephala rufiventris	Rufous Whistler	1
10595	75935	11995	ausrav1	Corvus coronoides	Australian Raven	1
10609	76424	12013	rabeat1	Merops ornatus	Rainbow Bee-eater	1
10610	75604	12014	rabeat1	Merops ornatus	Rainbow Bee-eater	1
10612	75281	12016	rabeat1	Merops ornatus	Rainbow Bee-eater	1
10615	75681	12019	railor5	Trichoglossus moluccanus	Rainbow Lorikeet	1
13251	75844	14942	rtbcoc1	Calyptorhynchus banksii	Red-tailed Black-Cockatoo	1
13253	76070	14944	brohon1	Lichmera indistincta	Brown Honeyeater	1
13255	76344	14949	laukoo1	Dacelo novaeguineae	Laughing Kookaburra	1
13259	75394	14957	rufwhi1	Pachycephala rufiventris	Rufous Whistler	1
13262	75788	14960	laukoo1	Dacelo novaeguineae	Laughing Kookaburra	1
14900	75575	18379	redwat1	Anthochaera carunculata	Red Wattlebird	1
14901	75575	18379	railor5	Trichoglossus moluccanus	Rainbow Lorikeet	1
14902	75769	18381	slbblc1	Calyptorhynchus latirostris	Carnaby's Black-Cockatoo	1
14898	76064	18378	brohon1	Lichmera indistincta	Brown Honeyeater	1
14899	75575	18379	rtbcoc1	Calyptorhynchus banksii	Red-tailed Black-Cockatoo	1
14903	75350	18382	railor5	Trichoglossus moluccanus	Rainbow Lorikeet	1
14909	75480	18389	redwat1	Anthochaera carunculata	Red Wattlebird	1
14912	76114	18392	rufwhi1	Pachycephala rufiventris	Rufous Whistler	1
14913	75749	18393	ausrav1	Corvus coronoides	Australian Raven	1
14914	75749	18393	rabeat1	Merops ornatus	Rainbow Bee-eater	1
14917	75473	18395	rabeat1	Merops ornatus	Rainbow Bee-eater	1
14918	75473	18395	railor5	Trichoglossus moluccanus	Rainbow Lorikeet	1
14919	75699	18398	railor5	Trichoglossus moluccanus	Rainbow Lorikeet	1
14920	75534	18399	laukoo1	Dacelo novaeguineae	Laughing Kookaburra	1
14921	75534	18399	railor5	Trichoglossus moluccanus	Rainbow Lorikeet	1
14922	75534	18399	rabeat1	Merops ornatus	Rainbow Bee-eater	1
14923	75931	18400	railor5	Trichoglossus moluccanus	Rainbow Lorikeet	1
14924	76428	18401	railor5	Trichoglossus moluccanus	Rainbow Lorikeet	1
13254	76349	14945	laukoo1	Dacelo novaeguineae	Laughing Kookaburra	1
13256	75364	14951	railor5	Trichoglossus moluccanus	Rainbow Lorikeet	1
13260	76142	14958	slbblc1	Calyptorhynchus latirostris	Carnaby's Black-Cockatoo	1
13261	76142	14958	rabeat1	Merops ornatus	Rainbow Bee-eater	1
13249	75829	14940	rtbcoc1	Calyptorhynchus banksii	Red-tailed Black-Cockatoo	1
13250	75920	14941	rabeat1	Merops ornatus	Rainbow Bee-eater	1
13252	75635	14943	rtbcoc1	Calyptorhynchus banksii	Red-tailed Black-Cockatoo	1
13258	76139	14956	railor5	Trichoglossus moluccanus	Rainbow Lorikeet	1
13257	75970	14955	slbblc1	Calyptorhynchus latirostris	Carnaby's Black-Cockatoo	1
14904	75603	18383	rabeat1	Merops ornatus	Rainbow Bee-eater	1
14905	75633	18384	slbblc1	Calyptorhynchus latirostris	Carnaby's Black-Cockatoo	1
14906	75347	18385	redwat1	Anthochaera carunculata	Red Wattlebird	1
14907	76155	18387	slbblc1	Calyptorhynchus latirostris	Carnaby's Black-Cockatoo	1
14908	76155	18387	railor5	Trichoglossus moluccanus	Rainbow Lorikeet	1
14910	75782	18390	rtbcoc1	Calyptorhynchus banksii	Red-tailed Black-Cockatoo	1
14911	75782	18390	redwat1	Anthochaera carunculata	Red Wattlebird	1
14915	76402	18394	rabeat1	Merops ornatus	Rainbow Bee-eater	1
14916	76402	18394	rufwhi1	Pachycephala rufiventris	Rufous Whistler	1
14925	76117	18402	slbblc1	Calyptorhynchus latirostris	Carnaby's Black-Cockatoo	1
15381	76325	19598	railor5	Trichoglossus moluccanus	Rainbow Lorikeet	1
15392	75607	19610	ausshe1	Tadorna tadornoides	Australian Shelduck	1
15375	76181	19592	ausrav1	Corvus coronoides	Australian Raven	1
15380	76418	19597	rufwhi1	Pachycephala rufiventris	Rufous Whistler	1
15382	75784	19600	slbblc1	Calyptorhynchus latirostris	Carnaby's Black-Cockatoo	1
15376	75357	19593	silver3	Zosterops lateralis	Silvereye	1
15377	75357	19593	railor5	Trichoglossus moluccanus	Rainbow Lorikeet	1
15383	75353	19601	wesros1	Platycercus icterotis	Western Rosella	1
15384	75340	19602	redwat1	Anthochaera carunculata	Red Wattlebird	1
15385	76173	19605	brohon1	Lichmera indistincta	Brown Honeyeater	1
15386	75665	19606	railor5	Trichoglossus moluccanus	Rainbow Lorikeet	1
15389	76066	19608	slbblc1	Calyptorhynchus latirostris	Carnaby's Black-Cockatoo	1
15390	76066	19608	rufwhi1	Pachycephala rufiventris	Rufous Whistler	1
15391	76066	19608	railor5	Trichoglossus moluccanus	Rainbow Lorikeet	1
15379	75325	19594	redwat1	Anthochaera carunculata	Red Wattlebird	1
15387	76074	19607	mistle1	Dicaeum hirundinaceum	Mistletoebird	1
15388	76074	19607	rabeat1	Merops ornatus	Rainbow Bee-eater	1
