species_annotation_id	recording_id	annotation_id	species_code	scientific_name	common_name	occurrence
35892	116358	35887	eurbla	Turdus merula	Eurasian Blackbird	1
35896	113560	35892	eurgre1	Chloris chloris	European Greenfinch	1
35897	113625	35893	winwre4	Troglodytes troglodytes	Eurasian Wren	1
35898	115402	35896	eurbla	Turdus merula	Eurasian Blackbird	1
35899	113973	35897	sarwar1	Sylvia melanocephala	Sardinian Warbler	1
35903	113702	35904	eurbla	Turdus merula	Eurasian Blackbird	1
35891	115222	35886	sarwar1	Sylvia melanocephala	Sardinian Warbler	1
35895	115654	35890	gretit1	Parus major	Great Tit	1
35900	116059	35898	leswhi4	Sylvia curruca	Lesser Whitethroat	1
35902	114323	35903	eurbla	Turdus merula	Eurasian Blackbird	1
35904	113798	35905	gretit1	Parus major	Great Tit	1
35905	114533	35906	sarwar1	Sylvia melanocephala	Sardinian Warbler	1
35906	114685	35907	houspa	Passer domesticus	House Sparrow	1
35907	114685	35907	whsbul1	Pycnonotus xanthopygos	White-spectacled Bulbul	1
35893	113838	35889	whsbul1	Pycnonotus xanthopygos	White-spectacled Bulbul	1
35894	113838	35889	eurrob1	Erithacus rubecula	European Robin	2
35901	115736	35900	houspa	Passer domesticus	House Sparrow	1
