species_annotation_id	recording_id	annotation_id	species_code	scientific_name	common_name	occurrence
34387	72222	33237	carcro1	Corvus corone	Carrion Crow	1
34392	72423	33246	blackc1	Sylvia atricapilla	Eurasian Blackcap	2
35022	71418	33651	carcro1	Corvus corone	Carrion Crow	1
35061	71170	33663	houspa	Passer domesticus	House Sparrow	2
35071	71447	33688	eurbla	Turdus merula	Eurasian Blackbird	1
35072	71143	33690	carcro1	Corvus corone	Carrion Crow	1
35073	71817	33692	carcro1	Corvus corone	Carrion Crow	1
35074	71817	33692	eurjac	Corvus monedula	Eurasian Jackdaw	1
35023	72076	33652	combuz1	Buteo buteo	Common Buzzard	2
35024	70813	33653	eurjac	Corvus monedula	Eurasian Jackdaw	1
35076	72127	33695	houspa	Passer domesticus	House Sparrow	1
35077	72127	33695	eurkes	Falco tinnunculus	Eurasian Kestrel	1
35078	72127	33695	eurbla	Turdus merula	Eurasian Blackbird	1
35079	70581	33697	eurkes	Falco tinnunculus	Eurasian Kestrel	1
35080	71192	33699	blackc1	Sylvia atricapilla	Eurasian Blackcap	2
35075	71411	33693	eurbla	Turdus merula	Eurasian Blackbird	1
35081	71967	33701	comqua1	Coturnix coturnix	Common Quail	1
35082	71051	33704	comqua1	Coturnix coturnix	Common Quail	1
35083	71774	33705	eurbla	Turdus merula	Eurasian Blackbird	1
35084	70854	33707	houspa	Passer domesticus	House Sparrow	1
35085	72141	33709	eurjac	Corvus monedula	Eurasian Jackdaw	1
35086	72270	33711	eurjac	Corvus monedula	Eurasian Jackdaw	1
35087	72149	33712	carcro1	Corvus corone	Carrion Crow	1
35088	71256	33723	carcro1	Corvus corone	Carrion Crow	1
35089	72135	33736	eurbla	Turdus merula	Eurasian Blackbird	1
35090	71461	33737	eurbla	Turdus merula	Eurasian Blackbird	1
35091	70372	33738	combuz1	Buteo buteo	Common Buzzard	1
35092	71859	33759	combuz1	Buteo buteo	Common Buzzard	2
35093	72349	33762	carcro1	Corvus corone	Carrion Crow	1
35094	71688	33763	eurbla	Turdus merula	Eurasian Blackbird	1
35099	71659	33777	carcro1	Corvus corone	Carrion Crow	1
35100	71264	33779	carcro1	Corvus corone	Carrion Crow	1
34386	71294	33236	eurbla	Turdus merula	Eurasian Blackbird	1
34388	71456	33243	eurbla	Turdus merula	Eurasian Blackbird	1
34389	71456	33243	houspa	Passer domesticus	House Sparrow	1
