species_annotation_id	recording_id	annotation_id	species_code	scientific_name	common_name	occurrence
29394	84724	28565	eurwoo	Scolopax rusticola	Eurasian Woodcock	1
29381	139510	28533	fieldf	Turdus pilaris	Fieldfare	1
29396	84812	28567	hazgro1	Tetrastes bonasia	Hazel Grouse	1
29397	87334	28568	comred2	Phoenicurus phoenicurus	Common Redstart	1
29398	87334	28568	brambl	Fringilla montifringilla	Brambling	1
29399	119675	28572	meapip1	Anthus pratensis	Meadow Pipit	1
29203	105200	28311	winwre4	Troglodytes troglodytes	Eurasian Wren	1
29206	31723	28315	comcha	Fringilla coelebs	Common Chaffinch	1
29221	178719	28333	cogwar1	Locustella naevia	Common Grasshopper-Warbler	1
29231	166812	28350	cetwar1	Cettia cetti	Cetti's Warbler	1
29232	175801	28364	winwre4	Troglodytes troglodytes	Eurasian Wren	1
29233	31707	28368	comrav	Corvus corax	Common Raven	1
29234	14553	28372	tawowl1	Strix aluco	Tawny Owl	1
29545	114015	28745	winwre4	Troglodytes troglodytes	Eurasian Wren	1
29549	6142	28769	martit2	Poecile palustris	Marsh Tit	1
30324	88640	29324	tawowl1	Strix aluco	Tawny Owl	1
30322	4500	29321	redwin	Turdus iliacus	Redwing	1
30326	97372	29331	wlwwar	Phylloscopus trochilus	Willow Warbler	1
30327	92408	29339	goldcr1	Regulus regulus	Goldcrest	1
30330	101711	29350	gretit1	Parus major	Great Tit	2
29543	113525	28737	whsbul1	Pycnonotus xanthopygos	White-spectacled Bulbul	1
29547	113296	28765	winwre4	Troglodytes troglodytes	Eurasian Wren	2
30303	89688	29282	hoocro1	Corvus cornix	Hooded Crow	1
30311	88204	29299	eurrob1	Erithacus rubecula	European Robin	1
30315	89361	29305	hoocro1	Corvus cornix	Hooded Crow	1
30318	87405	29310	comcha	Fringilla coelebs	Common Chaffinch	1
29546	113445	28747	comchi1	Phylloscopus collybita	Common Chiffchaff	1
29548	6684	28767	eurbul	Pyrrhula pyrrhula	Eurasian Bullfinch	2
30302	86471	29280	eurmag1	Pica pica	Eurasian Magpie	1
30298	103984	29274	eurbla	Turdus merula	Eurasian Blackbird	1
30299	96575	29275	comcha	Fringilla coelebs	Common Chaffinch	1
30317	96948	29309	eurrob1	Erithacus rubecula	European Robin	1
30323	100069	29322	sonthr1	Turdus philomelos	Song Thrush	1
30328	99449	29344	sonthr1	Turdus philomelos	Song Thrush	1
30329	4022	29348	eurwoo	Scolopax rusticola	Eurasian Woodcock	1
29539	113660	28667	comchi1	Phylloscopus collybita	Common Chiffchaff	2
29540	114692	28682	eurbla	Turdus merula	Eurasian Blackbird	1
29541	114029	28698	winwre4	Troglodytes troglodytes	Eurasian Wren	1
29542	113462	28733	eurbla	Turdus merula	Eurasian Blackbird	1
29544	115418	28743	eurbla	Turdus merula	Eurasian Blackbird	1
30301	99883	29277	sonthr1	Turdus philomelos	Song Thrush	1
30309	95040	29294	wiltit1	Poecile montanus	Willow Tit	1
30314	4292	29304	eurgol	Carduelis carduelis	European Goldfinch	1
30316	96866	29307	comsni	Gallinago gallinago	Common Snipe	2
30319	95834	29311	sonthr1	Turdus philomelos	Song Thrush	1
30320	81738	29318	blutit	Cyanistes caeruleus	Eurasian Blue Tit	2
30321	102086	29320	eurrob1	Erithacus rubecula	European Robin	1
30325	90516	29326	grswoo	Dendrocopos major	Great Spotted Woodpecker	1
30331	98851	29351	eurrob1	Erithacus rubecula	European Robin	1
