species_annotation_id	recording_id	annotation_id	species_code	scientific_name	common_name	occurrence
43090	62561	40130	firecr1	Regulus ignicapilla	Common Firecrest	2
43088	22584	40142	sonthr1	Turdus philomelos	Song Thrush	1
43089	62561	40130	goldcr1	Regulus regulus	Goldcrest	2
43093	62969	39964	gretit1	Parus major	Great Tit	1
43095	63496	39947	barswa	Hirundo rustica	Barn Swallow	1
42226	62021	39965	eurbla	Turdus merula	Eurasian Blackbird	1
42227	62021	39965	comcha	Fringilla coelebs	Common Chaffinch	1
42236	63434	39974	eurnut2	Sitta europaea	Eurasian Nuthatch	1
42237	63434	39974	eurrob1	Erithacus rubecula	European Robin	1
42238	63434	39974	comcha	Fringilla coelebs	Common Chaffinch	1
42260	150601	39990	firecr1	Regulus ignicapilla	Common Firecrest	2
42261	150601	39990	goldcr1	Regulus regulus	Goldcrest	1
42263	151465	39994	martit2	Poecile palustris	Marsh Tit	1
42264	151465	39994	shttre1	Certhia brachydactyla	Short-toed Treecreeper	1
42349	151406	40039	shttre1	Certhia brachydactyla	Short-toed Treecreeper	1
42351	150279	40041	hoocro1	Corvus cornix	Hooded Crow	1
42457	61665	40106	eurser1	Serinus serinus	European Serin	1
42470	62639	40120	eurbla	Turdus merula	Eurasian Blackbird	1
42471	62639	40120	eurrob1	Erithacus rubecula	European Robin	1
42472	151107	40122	norgos	Accipiter gentilis	Northern Goshawk	1
42474	150947	40125	gretit1	Parus major	Great Tit	1
42482	62423	40134	comcha	Fringilla coelebs	Common Chaffinch	1
42488	22359	40145	hoocro1	Corvus cornix	Hooded Crow	1
42489	61537	40146	comcha	Fringilla coelebs	Common Chaffinch	1
42490	61537	40146	eurrob1	Erithacus rubecula	European Robin	1
42491	61537	40146	hoocro1	Corvus cornix	Hooded Crow	1
43091	62489	40123	eurser1	Serinus serinus	European Serin	1
43092	62489	40123	blackc1	Sylvia atricapilla	Eurasian Blackcap	1
43094	62151	39958	eurbla	Turdus merula	Eurasian Blackbird	1
43137	62472	39971	itaspa1	Passer italiae	Italian Sparrow	1
43138	62472	39971	comswi	Apus apus	Common Swift	1
42704	63639	40149	martit2	Poecile palustris	Marsh Tit	1
42705	63639	40149	eurrob1	Erithacus rubecula	European Robin	1
42713	150793	40271	eurrob1	Erithacus rubecula	European Robin	1
42714	150793	40271	eurbla	Turdus merula	Eurasian Blackbird	1
42213	62401	39946	comswi	Apus apus	Common Swift	1
42214	62401	39946	eurbla	Turdus merula	Eurasian Blackbird	1
42215	61908	39951	eurrob1	Erithacus rubecula	European Robin	1
42222	62818	39961	eurrob1	Erithacus rubecula	European Robin	1
42223	62537	39962	comcha	Fringilla coelebs	Common Chaffinch	1
42224	62537	39962	eurser1	Serinus serinus	European Serin	1
42228	61785	39966	comred2	Phoenicurus phoenicurus	Common Redstart	1
42230	62845	39970	eurrob1	Erithacus rubecula	European Robin	1
42233	62235	39972	eugwoo2	Picus viridis	Eurasian Green Woodpecker	1
42247	151534	39982	eurrob1	Erithacus rubecula	European Robin	1
42235	62375	39973	eurbla	Turdus merula	Eurasian Blackbird	1
42240	61753	39976	gretit1	Parus major	Great Tit	1
42241	61753	39976	coatit2	Periparus ater	Coal Tit	1
42242	61753	39976	firecr1	Regulus ignicapilla	Common Firecrest	1
42245	62056	39979	eurbla	Turdus merula	Eurasian Blackbird	1
42248	151703	39983	eugwoo2	Picus viridis	Eurasian Green Woodpecker	1
42249	150786	39984	eurbla	Turdus merula	Eurasian Blackbird	1
42250	150786	39984	eurrob1	Erithacus rubecula	European Robin	1
42251	61438	39985	lottit1	Aegithalos caudatus	Long-tailed Tit	1
42252	62066	39986	comcha	Fringilla coelebs	Common Chaffinch	1
42253	62066	39986	eurser1	Serinus serinus	European Serin	1
42254	62066	39986	firecr1	Regulus ignicapilla	Common Firecrest	2
42255	62066	39986	goldcr1	Regulus regulus	Goldcrest	2
42256	151662	39987	firecr1	Regulus ignicapilla	Common Firecrest	1
42257	151662	39987	comcha	Fringilla coelebs	Common Chaffinch	1
42259	62299	39989	eurser1	Serinus serinus	European Serin	1
42361	62130	40048	cowpig1	Columba palumbus	Common Wood-Pigeon	1
42362	151457	40049	eurrob1	Erithacus rubecula	European Robin	1
42363	150677	40051	combuz1	Buteo buteo	Common Buzzard	1
42364	150702	40052	eurjay1	Garrulus glandarius	Eurasian Jay	1
42446	150781	40091	tawowl1	Strix aluco	Tawny Owl	1
42447	151722	40093	eurrob1	Erithacus rubecula	European Robin	1
42448	151722	40093	comcha	Fringilla coelebs	Common Chaffinch	1
42449	62658	40094	comred2	Phoenicurus phoenicurus	Common Redstart	1
42450	151787	40095	martit2	Poecile palustris	Marsh Tit	1
42451	151787	40095	comcha	Fringilla coelebs	Common Chaffinch	1
42453	62905	40096	cretit2	Lophophanes cristatus	Crested Tit	1
42454	62905	40096	eurbla	Turdus merula	Eurasian Blackbird	1
42455	151295	40098	comcha	Fringilla coelebs	Common Chaffinch	1
42456	62596	40102	hoocro1	Corvus cornix	Hooded Crow	1
42460	150500	40108	eurrob1	Erithacus rubecula	European Robin	1
42461	150207	40109	eugwoo2	Picus viridis	Eurasian Green Woodpecker	1
42462	151478	40110	blawoo1	Dryocopus martius	Black Woodpecker	1
42463	61683	40113	eurbla	Turdus merula	Eurasian Blackbird	1
42464	61683	40113	eurrob1	Erithacus rubecula	European Robin	1
42468	151170	40117	eurjay1	Garrulus glandarius	Eurasian Jay	1
42469	151170	40117	comcha	Fringilla coelebs	Common Chaffinch	1
42473	63425	40124	eurrob1	Erithacus rubecula	European Robin	1
42475	22672	40126	sonthr1	Turdus philomelos	Song Thrush	1
42476	149934	40127	comcha	Fringilla coelebs	Common Chaffinch	1
42477	22316	40128	gretit1	Parus major	Great Tit	1
42478	150949	40129	martit2	Poecile palustris	Marsh Tit	2
42479	151051	40131	sonthr1	Turdus philomelos	Song Thrush	1
42480	151051	40131	eurrob1	Erithacus rubecula	European Robin	1
42483	22222	40138	shttre1	Certhia brachydactyla	Short-toed Treecreeper	1
42484	22077	40140	comcha	Fringilla coelebs	Common Chaffinch	1
42485	22077	40140	grswoo	Dendrocopos major	Great Spotted Woodpecker	1
42486	22077	40140	sonthr1	Turdus philomelos	Song Thrush	1
42487	151332	40144	eurrob1	Erithacus rubecula	European Robin	1
42492	150721	40147	eugwoo2	Picus viridis	Eurasian Green Woodpecker	2
42493	150721	40147	blackc1	Sylvia atricapilla	Eurasian Blackcap	1
42494	150721	40147	martit2	Poecile palustris	Marsh Tit	1
42706	62169	40266	eurbla	Turdus merula	Eurasian Blackbird	1
42710	151809	40268	firecr1	Regulus ignicapilla	Common Firecrest	2
42711	151809	40268	goldcr1	Regulus regulus	Goldcrest	2
42719	151022	40277	eurrob1	Erithacus rubecula	European Robin	1
42720	61958	40278	hoocro1	Corvus cornix	Hooded Crow	1
42721	150898	40279	eurnut2	Sitta europaea	Eurasian Nuthatch	1
42722	150898	40279	eurjay1	Garrulus glandarius	Eurasian Jay	2
42216	63251	39952	eurrob1	Erithacus rubecula	European Robin	1
42217	61655	39954	eurkes	Falco tinnunculus	Eurasian Kestrel	1
42218	62449	39956	eurbla	Turdus merula	Eurasian Blackbird	1
42219	63265	39957	eurrob1	Erithacus rubecula	European Robin	1
42220	63265	39957	eursco1	Otus scops	Eurasian Scops-Owl	1
42221	61951	39960	eurbla	Turdus merula	Eurasian Blackbird	1
42225	61695	39963	coatit2	Periparus ater	Coal Tit	1
42229	63249	39969	eurjay1	Garrulus glandarius	Eurasian Jay	1
42239	62779	39975	coatit2	Periparus ater	Coal Tit	2
42243	62138	39977	barswa	Hirundo rustica	Barn Swallow	1
42244	63528	39978	eurrob1	Erithacus rubecula	European Robin	1
42246	63250	39980	eurrob1	Erithacus rubecula	European Robin	1
42258	151298	39988	eurrob1	Erithacus rubecula	European Robin	1
42262	22707	39993	coatit2	Periparus ater	Coal Tit	1
42350	151672	40040	tawowl1	Strix aluco	Tawny Owl	1
42348	22652	40037	blutit	Cyanistes caeruleus	Eurasian Blue Tit	1
42458	22400	40107	sonthr1	Turdus philomelos	Song Thrush	1
42459	22400	40107	eurbla	Turdus merula	Eurasian Blackbird	1
42465	151554	40114	blutit	Cyanistes caeruleus	Eurasian Blue Tit	1
42466	151554	40114	martit2	Poecile palustris	Marsh Tit	1
42467	62856	40116	webwar1	Phylloscopus bonelli	Western Bonelli's Warbler	1
42481	61879	40133	eurser1	Serinus serinus	European Serin	1
42495	150741	40148	comcha	Fringilla coelebs	Common Chaffinch	1
42707	61587	40267	wlwwar	Phylloscopus trochilus	Willow Warbler	1
42708	61587	40267	eurbla	Turdus merula	Eurasian Blackbird	1
42709	61587	40267	comcha	Fringilla coelebs	Common Chaffinch	1
42712	151734	40269	comcha	Fringilla coelebs	Common Chaffinch	1
42715	22731	40274	sonthr1	Turdus philomelos	Song Thrush	1
42716	151772	40276	firecr1	Regulus ignicapilla	Common Firecrest	1
42717	151772	40276	lottit1	Aegithalos caudatus	Long-tailed Tit	1
42718	151772	40276	norgos	Accipiter gentilis	Northern Goshawk	1
43086	150167	40280	sonthr1	Turdus philomelos	Song Thrush	1
43087	150167	40280	comcha	Fringilla coelebs	Common Chaffinch	1
