species_annotation_id	recording_id	annotation_id	species_code	scientific_name	common_name	occurrence
34278	129428	32794	comcha	Fringilla coelebs	Common Chaffinch	1
34279	129428	32794	comrav	Corvus corax	Common Raven	1
34286	130287	32801	eurrob1	Erithacus rubecula	European Robin	1
34288	130165	32804	eurbla	Turdus merula	Eurasian Blackbird	1
34292	129012	32808	combuz1	Buteo buteo	Common Buzzard	1
34433	34270	33406	comchi1	Phylloscopus collybita	Common Chiffchaff	2
34435	34706	33411	cretit2	Lophophanes cristatus	Crested Tit	1
34438	34173	33432	misthr1	Turdus viscivorus	Mistle Thrush	2
34308	130117	32845	eurbla	Turdus merula	Eurasian Blackbird	1
34310	129767	32851	eurrob1	Erithacus rubecula	European Robin	1
34311	129767	32851	comcha	Fringilla coelebs	Common Chaffinch	1
34312	129767	32851	combuz1	Buteo buteo	Common Buzzard	1
34313	70641	32864	eurbla	Turdus merula	Eurasian Blackbird	2
34316	129417	32884	eurbla	Turdus merula	Eurasian Blackbird	1
34317	129417	32884	comcha	Fringilla coelebs	Common Chaffinch	1
34321	71363	32892	blackc1	Sylvia atricapilla	Eurasian Blackcap	1
34329	34614	32924	gretit1	Parus major	Great Tit	1
34333	34176	32984	goldcr1	Regulus regulus	Goldcrest	1
34335	34545	32992	cretit2	Lophophanes cristatus	Crested Tit	1
34382	71409	33223	carcro1	Corvus corone	Carrion Crow	1
34341	34174	33078	blutit	Cyanistes caeruleus	Eurasian Blue Tit	1
34342	34215	33079	coatit2	Periparus ater	Coal Tit	1
34366	72525	33152	carcro1	Corvus corone	Carrion Crow	1
34367	72525	33152	eurgol	Carduelis carduelis	European Goldfinch	1
34379	72170	33197	comqua1	Coturnix coturnix	Common Quail	1
34397	71709	33272	eurser1	Serinus serinus	European Serin	1
34398	72127	33273	houspa	Passer domesticus	House Sparrow	1
34399	72127	33273	eurbla	Turdus merula	Eurasian Blackbird	1
34401	72449	33288	barswa	Hirundo rustica	Barn Swallow	1
34409	71513	33328	eurrob1	Erithacus rubecula	European Robin	1
34412	71663	33341	comchi1	Phylloscopus collybita	Common Chiffchaff	2
34413	129032	32836	comcha	Fringilla coelebs	Common Chaffinch	1
34414	129032	32836	comchi1	Phylloscopus collybita	Common Chiffchaff	2
34415	129032	32836	eurbla	Turdus merula	Eurasian Blackbird	1
34426	71025	33376	houspa	Passer domesticus	House Sparrow	1
34440	34590	33437	gretit1	Parus major	Great Tit	1
34442	34343	33440	goldcr1	Regulus regulus	Goldcrest	1
34448	34702	33459	misthr1	Turdus viscivorus	Mistle Thrush	1
34450	34230	33467	eurtre1	Certhia familiaris	Eurasian Treecreeper	1
34290	129814	32806	blackc1	Sylvia atricapilla	Eurasian Blackcap	1
34291	128877	32807	comcha	Fringilla coelebs	Common Chaffinch	1
34293	129848	32810	tawowl1	Strix aluco	Tawny Owl	1
34294	129971	32812	eurrob1	Erithacus rubecula	European Robin	1
34296	129388	32827	grswoo	Dendrocopos major	Great Spotted Woodpecker	1
34297	130221	32830	coatit2	Periparus ater	Coal Tit	1
34298	129658	32832	eurrob1	Erithacus rubecula	European Robin	1
34299	129114	32835	combuz1	Buteo buteo	Common Buzzard	1
34303	130279	32838	comcha	Fringilla coelebs	Common Chaffinch	1
34306	129785	32841	eurbla	Turdus merula	Eurasian Blackbird	1
34307	130081	32844	shttre1	Certhia brachydactyla	Short-toed Treecreeper	2
34314	71548	32867	houspa	Passer domesticus	House Sparrow	1
34315	72063	32869	carcro1	Corvus corone	Carrion Crow	1
34318	71484	32887	whiwag	Motacilla alba	White Wagtail	1
34320	72187	32890	houspa	Passer domesticus	House Sparrow	1
34323	34162	32910	coatit2	Periparus ater	Coal Tit	2
34324	34670	32915	gretit1	Parus major	Great Tit	2
34325	34629	32917	gretit1	Parus major	Great Tit	1
34326	34442	32918	coatit2	Periparus ater	Coal Tit	1
34327	34472	32920	eueowl1	Bubo bubo	Eurasian Eagle-Owl	1
34328	34195	32923	gretit1	Parus major	Great Tit	1
34330	34577	32932	comrav	Corvus corax	Common Raven	1
34331	34435	32982	goldcr1	Regulus regulus	Goldcrest	1
34336	34471	33018	eueowl1	Bubo bubo	Eurasian Eagle-Owl	1
34338	34361	33058	coatit2	Periparus ater	Coal Tit	1
34344	34370	33083	coatit2	Periparus ater	Coal Tit	1
34346	34641	33098	gretit1	Parus major	Great Tit	1
34349	34202	33108	misthr1	Turdus viscivorus	Mistle Thrush	1
34402	72017	33290	eurgol	Carduelis carduelis	European Goldfinch	1
34354	70854	33137	houspa	Passer domesticus	House Sparrow	1
34355	70854	33137	eurser1	Serinus serinus	European Serin	1
34356	70440	33138	houspa	Passer domesticus	House Sparrow	1
34363	71550	33147	houspa	Passer domesticus	House Sparrow	1
34365	71545	33150	houspa	Passer domesticus	House Sparrow	1
34371	72213	33178	eurbla	Turdus merula	Eurasian Blackbird	1
34372	72213	33178	houspa	Passer domesticus	House Sparrow	1
34373	71746	33182	blackc1	Sylvia atricapilla	Eurasian Blackcap	1
34375	71297	33190	eurbla	Turdus merula	Eurasian Blackbird	1
34376	71297	33190	carcro1	Corvus corone	Carrion Crow	1
34380	71860	33205	eurbla	Turdus merula	Eurasian Blackbird	1
34381	71539	33222	eursta	Sturnus vulgaris	European Starling	1
34384	70500	33230	houspa	Passer domesticus	House Sparrow	1
34385	70500	33230	eurlin1	Linaria cannabina	Eurasian Linnet	1
34393	34562	33136	rocbun1	Emberiza cia	Rock Bunting	2
34395	71906	33270	carcro1	Corvus corone	Carrion Crow	1
34396	71535	33271	houspa	Passer domesticus	House Sparrow	1
34403	70942	33300	eurrob1	Erithacus rubecula	European Robin	1
34404	71171	33309	eurkes	Falco tinnunculus	Eurasian Kestrel	1
34405	72390	33313	carcro1	Corvus corone	Carrion Crow	1
34406	70962	33314	carcro1	Corvus corone	Carrion Crow	1
34407	70651	33320	eurrob1	Erithacus rubecula	European Robin	1
34408	70899	33321	eurkes	Falco tinnunculus	Eurasian Kestrel	1
34420	34322	33352	goldcr1	Regulus regulus	Goldcrest	1
34416	129449	32799	comchi1	Phylloscopus collybita	Common Chiffchaff	2
34417	129449	32799	comcha	Fringilla coelebs	Common Chaffinch	1
34418	72076	33347	combuz1	Buteo buteo	Common Buzzard	1
34422	34217	33357	misthr1	Turdus viscivorus	Mistle Thrush	1
34423	34139	33358	gretit1	Parus major	Great Tit	1
34424	34139	33358	goldcr1	Regulus regulus	Goldcrest	1
34425	34324	33361	coatit2	Periparus ater	Coal Tit	1
34429	72152	33389	carcro1	Corvus corone	Carrion Crow	1
34430	71589	33390	eurjac	Corvus monedula	Eurasian Jackdaw	1
34431	71944	33394	carcro1	Corvus corone	Carrion Crow	1
34432	71296	33403	whiwag	Motacilla alba	White Wagtail	1
34436	34433	33416	grywag	Motacilla cinerea	Gray Wagtail	2
34437	34594	33428	cretit2	Lophophanes cristatus	Crested Tit	1
34439	34212	33433	cretit2	Lophophanes cristatus	Crested Tit	1
34441	34136	33439	coatit2	Periparus ater	Coal Tit	1
34443	34387	33442	misthr1	Turdus viscivorus	Mistle Thrush	1
34447	34708	33454	cretit2	Lophophanes cristatus	Crested Tit	1
34449	34423	33464	comrav	Corvus corax	Common Raven	1
34594	34172	33507	gretit1	Parus major	Great Tit	1
34596	34207	33512	gretit1	Parus major	Great Tit	2
34590	34225	33499	misthr1	Turdus viscivorus	Mistle Thrush	1
34287	130126	32802	eurrob1	Erithacus rubecula	European Robin	1
34289	130123	32805	eurbla	Turdus merula	Eurasian Blackbird	1
34295	129291	32826	gretit1	Parus major	Great Tit	1
34304	129901	32840	comcha	Fringilla coelebs	Common Chaffinch	1
34305	129901	32840	eurbla	Turdus merula	Eurasian Blackbird	1
34309	129324	32848	coatit2	Periparus ater	Coal Tit	1
34319	71642	32888	houspa	Passer domesticus	House Sparrow	2
34322	34124	32905	coatit2	Periparus ater	Coal Tit	1
34332	34384	32983	eurtre1	Certhia familiaris	Eurasian Treecreeper	1
34334	34717	32990	goldcr1	Regulus regulus	Goldcrest	1
34337	34155	33056	goldcr1	Regulus regulus	Goldcrest	1
34339	34729	33061	misthr1	Turdus viscivorus	Mistle Thrush	1
34343	34201	33081	misthr1	Turdus viscivorus	Mistle Thrush	1
34351	34154	33132	cretit2	Lophophanes cristatus	Crested Tit	1
34419	34275	33349	cretit2	Lophophanes cristatus	Crested Tit	1
34357	72277	33140	houspa	Passer domesticus	House Sparrow	1
34358	72277	33140	blackc1	Sylvia atricapilla	Eurasian Blackcap	1
34359	71262	33143	houspa	Passer domesticus	House Sparrow	1
34360	71262	33143	carcro1	Corvus corone	Carrion Crow	1
34361	71523	33144	carcro1	Corvus corone	Carrion Crow	1
34362	71523	33144	houspa	Passer domesticus	House Sparrow	1
34364	72204	33149	houspa	Passer domesticus	House Sparrow	1
34368	71309	33155	blackc1	Sylvia atricapilla	Eurasian Blackcap	1
34369	72502	33156	eurbla	Turdus merula	Eurasian Blackbird	1
34370	72502	33156	eutspa	Passer montanus	Eurasian Tree Sparrow	1
34374	72043	33186	eurjac	Corvus monedula	Eurasian Jackdaw	1
34383	70638	33226	comcha	Fringilla coelebs	Common Chaffinch	1
34394	34563	33075	rocbun1	Emberiza cia	Rock Bunting	2
34400	70933	33282	blackc1	Sylvia atricapilla	Eurasian Blackcap	1
34410	71382	33339	meapip1	Anthus pratensis	Meadow Pipit	1
34421	34504	33354	goldcr1	Regulus regulus	Goldcrest	1
34427	71436	33383	carcro1	Corvus corone	Carrion Crow	1
34428	71136	33388	eurbla	Turdus merula	Eurasian Blackbird	1
34434	34260	33407	coatit2	Periparus ater	Coal Tit	1
34444	34561	33446	rocbun1	Emberiza cia	Rock Bunting	2
34445	34264	33449	gretit1	Parus major	Great Tit	1
34446	34264	33449	grywag	Motacilla cinerea	Gray Wagtail	1
34589	34262	33498	misthr1	Turdus viscivorus	Mistle Thrush	1
34591	34216	33500	comrav	Corvus corax	Common Raven	1
34592	34701	33501	gretit1	Parus major	Great Tit	1
34593	34701	33501	blutit	Cyanistes caeruleus	Eurasian Blue Tit	2
34595	34147	33511	misthr1	Turdus viscivorus	Mistle Thrush	1
35350	70817	34232	carcro1	Corvus corone	Carrion Crow	1
35351	71834	34238	blared1	Phoenicurus ochruros	Black Redstart	1
35356	72484	34248	carcro1	Corvus corone	Carrion Crow	1
35357	71049	34249	houspa	Passer domesticus	House Sparrow	1
35361	71643	34256	houspa	Passer domesticus	House Sparrow	1
35363	70595	34261	houspa	Passer domesticus	House Sparrow	1
35364	70595	34261	carcro1	Corvus corone	Carrion Crow	1
35794	34371	35675	coatit2	Periparus ater	Coal Tit	1
35798	34570	35682	gretit1	Parus major	Great Tit	1
35459	34619	34399	misthr1	Turdus viscivorus	Mistle Thrush	1
35461	34244	34410	eurtre1	Certhia familiaris	Eurasian Treecreeper	1
35463	34576	34414	combuz1	Buteo buteo	Common Buzzard	1
35465	34475	34422	goldcr1	Regulus regulus	Goldcrest	1
35352	72545	34239	houspa	Passer domesticus	House Sparrow	1
35354	72260	34243	houspa	Passer domesticus	House Sparrow	1
35359	71619	34254	carcro1	Corvus corone	Carrion Crow	1
35457	34127	34392	gretit1	Parus major	Great Tit	1
35458	34181	34393	coatit2	Periparus ater	Coal Tit	1
35460	34444	34401	coatit2	Periparus ater	Coal Tit	1
35462	34265	34411	gretit1	Parus major	Great Tit	1
35464	34664	34417	combuz1	Buteo buteo	Common Buzzard	1
35913	72396	35929	houspa	Passer domesticus	House Sparrow	1
35919	72201	35941	carcro1	Corvus corone	Carrion Crow	1
35922	70915	35946	eurbla	Turdus merula	Eurasian Blackbird	1
35923	70915	35946	eurgol	Carduelis carduelis	European Goldfinch	1
35926	72467	35952	eurjac	Corvus monedula	Eurasian Jackdaw	1
35932	34610	34403	gretit1	Parus major	Great Tit	1
35909	34205	35914	cretit2	Lophophanes cristatus	Crested Tit	1
35917	72374	35940	houspa	Passer domesticus	House Sparrow	1
35918	72374	35940	eurbla	Turdus merula	Eurasian Blackbird	1
35925	72512	35949	meapip1	Anthus pratensis	Meadow Pipit	1
35931	34227	35959	winwre4	Troglodytes troglodytes	Eurasian Wren	1
35790	34615	35668	gretit1	Parus major	Great Tit	1
35796	34204	35678	cretit2	Lophophanes cristatus	Crested Tit	1
35791	34568	35669	goldcr1	Regulus regulus	Goldcrest	1
35792	34611	35671	goldcr1	Regulus regulus	Goldcrest	1
35793	34611	35671	gretit1	Parus major	Great Tit	1
35795	34445	35676	fieldf	Turdus pilaris	Fieldfare	2
35797	34716	35680	goldcr1	Regulus regulus	Goldcrest	1
35908	34628	35913	gretit1	Parus major	Great Tit	1
35910	72092	35926	comrav	Corvus corax	Common Raven	1
35911	72092	35926	carcro1	Corvus corone	Carrion Crow	1
35915	71127	35933	blutit	Cyanistes caeruleus	Eurasian Blue Tit	1
35921	71017	35944	brambl	Fringilla montifringilla	Brambling	2
35927	71274	35953	eurbla	Turdus merula	Eurasian Blackbird	1
35928	71274	35953	houspa	Passer domesticus	House Sparrow	1
35929	71194	35954	houspa	Passer domesticus	House Sparrow	1
35912	71742	35928	gretit1	Parus major	Great Tit	1
35914	72439	35930	winwre4	Troglodytes troglodytes	Eurasian Wren	1
35916	71387	35939	blared1	Phoenicurus ochruros	Black Redstart	1
35920	70658	35943	houspa	Passer domesticus	House Sparrow	1
35924	71081	35947	blutit	Cyanistes caeruleus	Eurasian Blue Tit	1
35930	34266	35957	misthr1	Turdus viscivorus	Mistle Thrush	1
54019	72054	49416	eurjac	Corvus monedula	Eurasian Jackdaw	1
54020	72054	49416	carcro1	Corvus corone	Carrion Crow	1
54021	72054	49416	houspa	Passer domesticus	House Sparrow	1
