species_annotation_id	recording_id	annotation_id	species_code	scientific_name	common_name	occurrence
46829	5700	42770	eurtre1	Certhia familiaris	Eurasian Treecreeper	1
46830	5700	42770	gretit1	Parus major	Great Tit	1
46831	5700	42770	blutit	Cyanistes caeruleus	Eurasian Blue Tit	1
46832	5700	42770	misthr1	Turdus viscivorus	Mistle Thrush	1
46833	5700	42770	coatit2	Periparus ater	Coal Tit	1
46834	5700	42770	eurgol	Carduelis carduelis	European Goldfinch	2
46839	26376	42774	tawowl1	Strix aluco	Tawny Owl	1
46826	105759	42768	misthr1	Turdus viscivorus	Mistle Thrush	1
46827	105759	42768	blutit	Cyanistes caeruleus	Eurasian Blue Tit	1
46828	105759	42768	comcha	Fringilla coelebs	Common Chaffinch	2
46835	100835	42772	comcha	Fringilla coelebs	Common Chaffinch	1
46836	100835	42772	trepip	Anthus trivialis	Tree Pipit	1
46840	25364	42775	comcha	Fringilla coelebs	Common Chaffinch	1
46841	25364	42775	woowar	Phylloscopus sibilatrix	Wood Warbler	1
46837	97277	42773	grnsan	Tringa ochropus	Green Sandpiper	1
46838	97277	42773	eurrob1	Erithacus rubecula	European Robin	1
