species_annotation_id	recording_id	annotation_id	species_code	scientific_name	common_name	occurrence
14733	124949	18017	eurbla	Turdus merula	Eurasian Blackbird	1
14734	124949	18017	comchi1	Phylloscopus collybita	Common Chiffchaff	1
14725	124185	17996	grswoo	Dendrocopos major	Great Spotted Woodpecker	1
14728	125443	18004	savwar1	Locustella luscinioides	Savi's Warbler	2
14735	124949	18017	eurgol	Carduelis carduelis	European Goldfinch	1
14736	124949	18017	comcha	Fringilla coelebs	Common Chaffinch	1
14737	124289	18018	eurrob1	Erithacus rubecula	European Robin	1
14738	124289	18018	comchi1	Phylloscopus collybita	Common Chiffchaff	1
14748	125257	18030	cowpig1	Columba palumbus	Common Wood-Pigeon	1
14752	125077	18034	eurrob1	Erithacus rubecula	European Robin	1
14753	125077	18034	eurbla	Turdus merula	Eurasian Blackbird	1
14754	125077	18034	comchi1	Phylloscopus collybita	Common Chiffchaff	1
14756	15028	18040	coatit2	Periparus ater	Coal Tit	1
14757	14901	18042	combuz1	Buteo buteo	Common Buzzard	1
14763	14974	18053	gyfwoo1	Picus canus	Gray-headed Woodpecker	1
14764	14974	18053	comchi1	Phylloscopus collybita	Common Chiffchaff	1
14765	14974	18053	comcha	Fringilla coelebs	Common Chaffinch	1
14766	14968	18056	cretit2	Lophophanes cristatus	Crested Tit	1
14771	15162	18072	comchi1	Phylloscopus collybita	Common Chiffchaff	1
14773	34715	18088	comcha	Fringilla coelebs	Common Chaffinch	1
14777	34374	18107	cretit2	Lophophanes cristatus	Crested Tit	1
14778	34374	18107	coatit2	Periparus ater	Coal Tit	1
14780	34358	18113	coatit2	Periparus ater	Coal Tit	1
14864	1199	18297	houspa	Passer domesticus	House Sparrow	1
14866	119879	18318	norwhe	Oenanthe oenanthe	Northern Wheatear	1
14867	119751	18319	meapip1	Anthus pratensis	Meadow Pipit	1
15086	36946	18543	comqua1	Coturnix coturnix	Common Quail	1
15089	37119	18547	tawowl1	Strix aluco	Tawny Owl	1
15091	36840	18565	comqua1	Coturnix coturnix	Common Quail	1
15095	37621	18586	corbun1	Emberiza calandra	Corn Bunting	1
15096	37621	18586	gretit1	Parus major	Great Tit	1
15097	37621	18586	eursis	Spinus spinus	Eurasian Siskin	1
15105	37205	18620	comnig1	Luscinia megarhynchos	Common Nightingale	1
15106	38390	18623	corbun1	Emberiza calandra	Corn Bunting	1
15107	38390	18623	comcha	Fringilla coelebs	Common Chaffinch	1
15113	38452	18658	woolar1	Lullula arborea	Wood Lark	1
15114	36978	18661	woolar1	Lullula arborea	Wood Lark	1
15115	36978	18661	eurrob1	Erithacus rubecula	European Robin	1
15116	37049	18669	corbun1	Emberiza calandra	Corn Bunting	1
15117	38501	18798	shteag1	Circaetus gallicus	Short-toed Snake-Eagle	2
15118	38501	18798	firecr1	Regulus ignicapilla	Common Firecrest	1
15119	19707	18869	eursco1	Otus scops	Eurasian Scops-Owl	1
15120	19707	18869	comnig1	Luscinia megarhynchos	Common Nightingale	1
15121	19635	18870	blackc1	Sylvia atricapilla	Eurasian Blackcap	1
15122	19635	18870	cowpig1	Columba palumbus	Common Wood-Pigeon	1
15123	19635	18870	comcha	Fringilla coelebs	Common Chaffinch	1
15124	17983	18938	eursco1	Otus scops	Eurasian Scops-Owl	1
15171	57691	19026	blutit	Cyanistes caeruleus	Eurasian Blue Tit	1
15172	57691	19026	eurser1	Serinus serinus	European Serin	1
13584	84343	15470	fieldf	Turdus pilaris	Fieldfare	1
13585	84343	15470	eupfly1	Ficedula hypoleuca	European Pied Flycatcher	1
13586	84413	15471	whoswa	Cygnus cygnus	Whooper Swan	1
13601	84414	15479	eurwig	Mareca penelope	Eurasian Wigeon	1
13602	84414	15479	eurrob1	Erithacus rubecula	European Robin	1
13603	84414	15479	hergul	Larus argentatus	Herring Gull	1
13609	84332	15482	mallar3	Anas platyrhynchos	Mallard	1
13637	2551	15506	temsti	Calidris temminckii	Temminck's Stint	2
13641	8012	15534	dunlin	Calidris alpina	Dunlin	1
13642	7846	15536	lotjae	Stercorarius longicaudus	Long-tailed Jaeger	1
13643	7963	15538	bargoo	Branta leucopsis	Barnacle Goose	1
13645	7965	15540	lotjae	Stercorarius longicaudus	Long-tailed Jaeger	1
13648	7829	15546	dunlin	Calidris alpina	Dunlin	1
13662	7486	15560	lotjae	Stercorarius longicaudus	Long-tailed Jaeger	1
13663	7588	15561	pifgoo	Anser brachyrhynchus	Pink-footed Goose	1
13668	7781	15566	lotjae	Stercorarius longicaudus	Long-tailed Jaeger	1
13683	2539	15585	perfal	Falco peregrinus	Peregrine Falcon	1
13676	7809	15574	retloo	Gavia stellata	Red-throated Loon	1
13678	2546	15577	perfal	Falco peregrinus	Peregrine Falcon	1
13691	84747	15597	comchi1	Phylloscopus collybita	Common Chiffchaff	1
13692	84747	15597	eurbul	Pyrrhula pyrrhula	Eurasian Bullfinch	1
13699	84855	15605	comcuc	Cuculus canorus	Common Cuckoo	1
13700	84855	15605	eurrob1	Erithacus rubecula	European Robin	1
13761	84776	15677	hazgro1	Tetrastes bonasia	Hazel Grouse	1
13762	84776	15677	comcha	Fringilla coelebs	Common Chaffinch	1
13766	84859	15680	eursis	Spinus spinus	Eurasian Siskin	1
13768	84890	15682	grnsan	Tringa ochropus	Green Sandpiper	1
13769	84769	15683	eurrob1	Erithacus rubecula	European Robin	1
13770	84769	15683	eursis	Spinus spinus	Eurasian Siskin	1
13771	84769	15683	comgre	Tringa nebularia	Common Greenshank	1
13776	84821	15687	hazgro1	Tetrastes bonasia	Hazel Grouse	1
13777	84953	15688	trepip	Anthus trivialis	Tree Pipit	1
13778	84953	15688	woowar	Phylloscopus sibilatrix	Wood Warbler	1
13780	85030	15690	comcha	Fringilla coelebs	Common Chaffinch	1
13783	85140	15694	trepip	Anthus trivialis	Tree Pipit	1
13786	85041	15698	comcha	Fringilla coelebs	Common Chaffinch	1
13790	84919	15707	blawoo1	Dryocopus martius	Black Woodpecker	1
13800	84496	15718	eurrob1	Erithacus rubecula	European Robin	1
13811	84689	15729	redwin	Turdus iliacus	Redwing	1
13817	82238	15734	dunnoc1	Prunella modularis	Dunnock	1
13847	6607	15787	comrav	Corvus corax	Common Raven	1
13845	6407	15785	eursis	Spinus spinus	Eurasian Siskin	1
13846	6022	15786	comrav	Corvus corax	Common Raven	1
13865	6476	15827	eurnut2	Sitta europaea	Eurasian Nuthatch	1
13866	6476	15827	gretit1	Parus major	Great Tit	1
13889	6121	15897	grswoo	Dendrocopos major	Great Spotted Woodpecker	1
13890	6121	15897	eurnut2	Sitta europaea	Eurasian Nuthatch	1
13891	6121	15897	lottit1	Aegithalos caudatus	Long-tailed Tit	1
13892	6480	15906	blawoo1	Dryocopus martius	Black Woodpecker	1
13893	6480	15906	eurnut2	Sitta europaea	Eurasian Nuthatch	1
13894	6667	15908	tawowl1	Strix aluco	Tawny Owl	1
13903	6545	15958	eurjay1	Garrulus glandarius	Eurasian Jay	1
13905	6341	15961	combuz1	Buteo buteo	Common Buzzard	1
13908	6485	15973	combuz1	Buteo buteo	Common Buzzard	1
13912	6170	15988	comred1	Tringa totanus	Common Redshank	2
13961	47406	16095	comred	Acanthis flammea	Common Redpoll	1
13966	47420	16107	redwin	Turdus iliacus	Redwing	1
13974	47321	16126	redwin	Turdus iliacus	Redwing	1
13988	119634	16169	meapip1	Anthus pratensis	Meadow Pipit	1
13990	119647	16171	meapip1	Anthus pratensis	Meadow Pipit	1
14031	119699	16222	meapip1	Anthus pratensis	Meadow Pipit	1
14033	119352	16257	meapip1	Anthus pratensis	Meadow Pipit	1
14034	119337	16259	comred1	Tringa totanus	Common Redshank	1
14035	119337	16259	meapip1	Anthus pratensis	Meadow Pipit	1
14038	119787	16266	corplo	Charadrius hiaticula	Common Ringed Plover	1
14040	119468	16271	corplo	Charadrius hiaticula	Common Ringed Plover	1
14041	119351	16281	meapip1	Anthus pratensis	Meadow Pipit	1
14052	144735	16296	grewhi1	Sylvia communis	Greater Whitethroat	1
14053	144735	16296	yellow2	Emberiza citrinella	Yellowhammer	1
14059	145400	16299	sonthr1	Turdus philomelos	Song Thrush	1
14060	145661	16304	comros	Carpodacus erythrinus	Common Rosefinch	1
14061	145661	16304	grewhi1	Sylvia communis	Greater Whitethroat	1
14062	145661	16304	watrai1	Rallus aquaticus	Water Rail	1
14063	145275	16305	reebun	Emberiza schoeniclus	Reed Bunting	1
14064	145275	16305	comchi1	Phylloscopus collybita	Common Chiffchaff	1
14065	145275	16305	comcha	Fringilla coelebs	Common Chaffinch	1
14072	145221	16308	reebun	Emberiza schoeniclus	Reed Bunting	1
14073	145221	16308	blackc1	Sylvia atricapilla	Eurasian Blackcap	1
14074	145221	16308	comcha	Fringilla coelebs	Common Chaffinch	1
14075	145255	16310	mallar3	Anas platyrhynchos	Mallard	2
14076	144862	16315	leswhi4	Sylvia curruca	Lesser Whitethroat	1
14077	144862	16315	grewhi1	Sylvia communis	Greater Whitethroat	1
14079	145222	16324	reebun	Emberiza schoeniclus	Reed Bunting	1
14087	85960	16341	eurjac	Corvus monedula	Eurasian Jackdaw	1
14090	89994	16360	mewgul	Larus canus	Mew Gull	1
14096	98034	16381	goldcr1	Regulus regulus	Goldcrest	1
14097	139455	16406	meapip1	Anthus pratensis	Meadow Pipit	1
14102	119710	16447	mewgul	Larus canus	Mew Gull	1
14114	145514	16482	eurwar1	Acrocephalus scirpaceus	Eurasian Reed Warbler	1
14115	145514	16482	comcuc	Cuculus canorus	Common Cuckoo	1
14116	145198	16483	reebun	Emberiza schoeniclus	Reed Bunting	1
14127	145207	16494	reebun	Emberiza schoeniclus	Reed Bunting	1
14128	145207	16494	comcha	Fringilla coelebs	Common Chaffinch	1
14129	144939	16496	comchi1	Phylloscopus collybita	Common Chiffchaff	1
14148	145559	16577	grewhi1	Sylvia communis	Greater Whitethroat	1
14149	145559	16577	comcha	Fringilla coelebs	Common Chaffinch	1
14150	145559	16577	comchi1	Phylloscopus collybita	Common Chiffchaff	1
14168	144891	16608	comchi1	Phylloscopus collybita	Common Chiffchaff	1
14170	144772	16619	skylar	Alauda arvensis	Eurasian Skylark	1
14171	144772	16619	hoocro1	Corvus cornix	Hooded Crow	1
14167	144891	16608	eurlin1	Linaria cannabina	Eurasian Linnet	1
14179	91501	16695	hergul	Larus argentatus	Herring Gull	2
14181	87818	16706	sonthr1	Turdus philomelos	Song Thrush	1
14182	87818	16706	goldcr1	Regulus regulus	Goldcrest	1
14183	87818	16706	eurrob1	Erithacus rubecula	European Robin	1
14188	165285	16778	eurrob1	Erithacus rubecula	European Robin	1
14189	165285	16778	redwin	Turdus iliacus	Redwing	1
14202	164372	16811	cohmar1	Delichon urbicum	Common House-Martin	2
14349	144746	17085	eaywag1	Motacilla flava	Western Yellow Wagtail	1
14350	144746	17085	grewhi1	Sylvia communis	Greater Whitethroat	1
14357	145151	17087	comsni	Gallinago gallinago	Common Snipe	1
14358	145151	17087	sheowl	Asio flammeus	Short-eared Owl	1
14380	145208	17110	reebun	Emberiza schoeniclus	Reed Bunting	1
14381	145208	17110	comcha	Fringilla coelebs	Common Chaffinch	1
14382	145208	17110	comchi1	Phylloscopus collybita	Common Chiffchaff	1
14407	145508	17135	garwar1	Sylvia borin	Garden Warbler	1
14408	145508	17135	grebit1	Botaurus stellaris	Great Bittern	1
14434	145157	17181	comsni	Gallinago gallinago	Common Snipe	1
14435	145157	17181	sheowl	Asio flammeus	Short-eared Owl	1
14426	144871	17169	blackc1	Sylvia atricapilla	Eurasian Blackcap	1
14427	144871	17169	ictwar1	Hippolais icterina	Icterine Warbler	1
14433	144967	17180	bkhgul	Chroicocephalus ridibundus	Black-headed Gull	1
14441	145608	17189	comcuc	Cuculus canorus	Common Cuckoo	1
14442	145608	17189	comchi1	Phylloscopus collybita	Common Chiffchaff	1
14443	145608	17189	trepip	Anthus trivialis	Tree Pipit	1
14444	145608	17189	comcha	Fringilla coelebs	Common Chaffinch	1
14445	145608	17189	grewhi1	Sylvia communis	Greater Whitethroat	1
14460	93273	17229	comrav	Corvus corax	Common Raven	1
14461	93273	17229	goldcr1	Regulus regulus	Goldcrest	1
14463	93603	17237	blutit	Cyanistes caeruleus	Eurasian Blue Tit	1
14470	93621	17256	eurbla	Turdus merula	Eurasian Blackbird	1
14474	94108	17272	eurnut2	Sitta europaea	Eurasian Nuthatch	1
14475	94108	17272	eursis	Spinus spinus	Eurasian Siskin	1
14476	94108	17272	goldcr1	Regulus regulus	Goldcrest	1
14478	83239	17279	comrav	Corvus corax	Common Raven	1
14479	82469	17282	eursis	Spinus spinus	Eurasian Siskin	1
14489	82443	17316	blagro1	Tetrao tetrix	Black Grouse	1
14490	82443	17316	wlwwar	Phylloscopus trochilus	Willow Warbler	1
14493	82698	17324	sonthr1	Turdus philomelos	Song Thrush	1
14500	78817	17470	firecr1	Regulus ignicapilla	Common Firecrest	1
14513	151785	17550	sonthr1	Turdus philomelos	Song Thrush	1
14514	151292	17551	comcha	Fringilla coelebs	Common Chaffinch	1
14512	151785	17550	firecr1	Regulus ignicapilla	Common Firecrest	1
14515	151292	17551	blutit	Cyanistes caeruleus	Eurasian Blue Tit	1
14518	150790	17607	eurrob1	Erithacus rubecula	European Robin	1
14519	151107	17628	norgos	Accipiter gentilis	Northern Goshawk	1
14520	151107	17628	comcha	Fringilla coelebs	Common Chaffinch	1
14530	45847	17680	comcha	Fringilla coelebs	Common Chaffinch	1
14531	46331	17682	comcha	Fringilla coelebs	Common Chaffinch	1
14532	46331	17682	blutit	Cyanistes caeruleus	Eurasian Blue Tit	1
14533	45697	17685	winwre4	Troglodytes troglodytes	Eurasian Wren	2
14540	45878	17697	tawowl1	Strix aluco	Tawny Owl	1
14551	45820	17712	firecr1	Regulus ignicapilla	Common Firecrest	1
14552	45820	17712	gretit1	Parus major	Great Tit	1
14558	82297	17728	winwre4	Troglodytes troglodytes	Eurasian Wren	1
14559	82297	17728	comcha	Fringilla coelebs	Common Chaffinch	1
14560	82255	17729	cretit2	Lophophanes cristatus	Crested Tit	1
14567	82375	17739	sonthr1	Turdus philomelos	Song Thrush	1
14569	82295	17742	winwre4	Troglodytes troglodytes	Eurasian Wren	1
14570	82295	17742	comchi1	Phylloscopus collybita	Common Chiffchaff	1
14577	82218	17749	comcra	Grus grus	Common Crane	1
14578	82384	17750	rebfly	Ficedula parva	Red-breasted Flycatcher	1
14579	82384	17750	comcha	Fringilla coelebs	Common Chaffinch	1
14593	106253	17766	comchi1	Phylloscopus collybita	Common Chiffchaff	1
14594	106253	17766	comcha	Fringilla coelebs	Common Chaffinch	1
14595	106253	17766	grswoo	Dendrocopos major	Great Spotted Woodpecker	2
14599	106224	17773	eugori2	Oriolus oriolus	Eurasian Golden Oriole	1
14600	106224	17773	winwre4	Troglodytes troglodytes	Eurasian Wren	1
14601	106224	17773	comcha	Fringilla coelebs	Common Chaffinch	1
14602	106224	17773	firecr1	Regulus ignicapilla	Common Firecrest	2
14603	106291	17779	firecr1	Regulus ignicapilla	Common Firecrest	1
14604	106291	17779	comchi1	Phylloscopus collybita	Common Chiffchaff	1
14606	4900	17786	sonthr1	Turdus philomelos	Song Thrush	1
14611	5550	17794	sonthr1	Turdus philomelos	Song Thrush	1
14622	5721	17802	eurnut2	Sitta europaea	Eurasian Nuthatch	1
14632	4683	17812	eursis	Spinus spinus	Eurasian Siskin	1
14634	5619	17819	comcha	Fringilla coelebs	Common Chaffinch	1
14635	5619	17819	eurbla	Turdus merula	Eurasian Blackbird	1
14636	5619	17819	eurrob1	Erithacus rubecula	European Robin	1
14637	4749	17822	fieldf	Turdus pilaris	Fieldfare	1
14645	5774	17831	eurnut2	Sitta europaea	Eurasian Nuthatch	1
14650	4791	17843	winwre4	Troglodytes troglodytes	Eurasian Wren	1
14651	4791	17843	eurrob1	Erithacus rubecula	European Robin	1
14652	4791	17843	eurnut2	Sitta europaea	Eurasian Nuthatch	1
14656	5034	17849	firecr1	Regulus ignicapilla	Common Firecrest	1
14657	5034	17849	eurbla	Turdus merula	Eurasian Blackbird	1
14660	4949	17861	eursis	Spinus spinus	Eurasian Siskin	1
14665	83811	17872	sonthr1	Turdus philomelos	Song Thrush	1
14666	83811	17872	eurrob1	Erithacus rubecula	European Robin	1
14669	83399	17875	goldcr1	Regulus regulus	Goldcrest	1
14672	130326	17882	eurrob1	Erithacus rubecula	European Robin	1
14673	130306	17883	carcro1	Corvus corone	Carrion Crow	1
14674	130306	17883	gretit1	Parus major	Great Tit	1
14675	130306	17883	eurbla	Turdus merula	Eurasian Blackbird	1
14695	34395	17928	cretit2	Lophophanes cristatus	Crested Tit	1
14722	125570	17990	comchi1	Phylloscopus collybita	Common Chiffchaff	1
14723	124959	17994	eurnut2	Sitta europaea	Eurasian Nuthatch	1
14724	124959	17994	eurrob1	Erithacus rubecula	European Robin	1
14726	124186	17999	carcro1	Corvus corone	Carrion Crow	1
14727	124569	18003	combuz1	Buteo buteo	Common Buzzard	1
14729	124743	18005	comchi1	Phylloscopus collybita	Common Chiffchaff	1
14730	124743	18005	eurbla	Turdus merula	Eurasian Blackbird	1
14731	124743	18005	comcha	Fringilla coelebs	Common Chaffinch	1
14739	125506	18019	comcuc	Cuculus canorus	Common Cuckoo	1
14740	125506	18019	eurbla	Turdus merula	Eurasian Blackbird	1
14741	125506	18019	eurrob1	Erithacus rubecula	European Robin	1
14742	125649	18020	comcha	Fringilla coelebs	Common Chaffinch	1
14743	125649	18020	blawoo1	Dryocopus martius	Black Woodpecker	2
14744	124366	18025	firecr1	Regulus ignicapilla	Common Firecrest	1
14745	124366	18025	comcha	Fringilla coelebs	Common Chaffinch	1
14747	124868	18027	eurrob1	Erithacus rubecula	European Robin	1
14749	124767	18031	eurnut2	Sitta europaea	Eurasian Nuthatch	1
14750	124767	18031	comchi1	Phylloscopus collybita	Common Chiffchaff	1
14751	124767	18031	comcha	Fringilla coelebs	Common Chaffinch	1
14758	14847	18046	comrav	Corvus corax	Common Raven	1
14759	15140	18048	comchi1	Phylloscopus collybita	Common Chiffchaff	1
14760	15140	18048	garwar1	Sylvia borin	Garden Warbler	2
14761	15095	18051	coatit2	Periparus ater	Coal Tit	1
14768	14676	18060	comchi1	Phylloscopus collybita	Common Chiffchaff	1
14769	14244	18066	coatit2	Periparus ater	Coal Tit	1
14770	14174	18069	lottit1	Aegithalos caudatus	Long-tailed Tit	1
14772	14494	18084	tawowl1	Strix aluco	Tawny Owl	1
14775	34388	18099	misthr1	Turdus viscivorus	Mistle Thrush	1
14776	34514	18100	combuz1	Buteo buteo	Common Buzzard	1
14782	34154	18118	cretit2	Lophophanes cristatus	Crested Tit	1
14785	70526	18120	whiwag	Motacilla alba	White Wagtail	1
14786	70526	18120	blared1	Phoenicurus ochruros	Black Redstart	1
14787	70879	18124	blared1	Phoenicurus ochruros	Black Redstart	1
14788	70879	18124	eurbla	Turdus merula	Eurasian Blackbird	1
14857	793	18264	meapip1	Anthus pratensis	Meadow Pipit	1
14858	1802	18268	mallar3	Anas platyrhynchos	Mallard	1
14862	971	18292	mallar3	Anas platyrhynchos	Mallard	1
14863	971	18292	carcro1	Corvus corone	Carrion Crow	1
14868	119339	18320	mewgul	Larus canus	Mew Gull	1
13577	84349	15466	hoocro1	Corvus cornix	Hooded Crow	1
13578	84349	15466	comcha	Fringilla coelebs	Common Chaffinch	1
13579	84349	15466	wlwwar	Phylloscopus trochilus	Willow Warbler	1
13580	84349	15466	blutit	Cyanistes caeruleus	Eurasian Blue Tit	1
13612	84395	15484	comcha	Fringilla coelebs	Common Chaffinch	1
13613	84395	15484	fieldf	Turdus pilaris	Fieldfare	1
13614	84395	15484	eurrob1	Erithacus rubecula	European Robin	1
13633	139470	15502	rocpta1	Lagopus muta	Rock Ptarmigan	2
13638	140008	15510	wilpta	Lagopus lagopus	Willow Ptarmigan	2
13639	7638	15511	pifgoo	Anser brachyrhynchus	Pink-footed Goose	2
13640	87362	15512	brambl	Fringilla montifringilla	Brambling	1
13644	7472	15539	lotjae	Stercorarius longicaudus	Long-tailed Jaeger	1
13653	7985	15551	lotjae	Stercorarius longicaudus	Long-tailed Jaeger	1
13659	7400	15556	retloo	Gavia stellata	Red-throated Loon	1
13673	7410	15571	lotjae	Stercorarius longicaudus	Long-tailed Jaeger	1
13675	7664	15573	retloo	Gavia stellata	Red-throated Loon	1
13677	2524	15575	redcro	Loxia curvirostra	Red Crossbill	1
13680	2682	15580	trepip	Anthus trivialis	Tree Pipit	1
13686	2683	15589	parcro2	Loxia pytyopsittacus	Parrot Crossbill	2
13687	2683	15589	redcro	Loxia curvirostra	Red Crossbill	2
13693	84892	15598	wiltit1	Poecile montanus	Willow Tit	1
13694	84892	15598	comcha	Fringilla coelebs	Common Chaffinch	1
13697	84875	15602	eurrob1	Erithacus rubecula	European Robin	1
13701	84730	15607	comgre	Tringa nebularia	Common Greenshank	1
13702	84730	15607	goldcr1	Regulus regulus	Goldcrest	1
13703	84730	15607	comchi1	Phylloscopus collybita	Common Chiffchaff	1
13704	84730	15607	comcha	Fringilla coelebs	Common Chaffinch	1
13763	84889	15678	comchi1	Phylloscopus collybita	Common Chiffchaff	1
13764	84889	15678	goldcr1	Regulus regulus	Goldcrest	1
13775	84836	15686	gyfwoo1	Picus canus	Gray-headed Woodpecker	1
13781	85039	15692	bkhgul	Chroicocephalus ridibundus	Black-headed Gull	1
13782	85223	15693	tawowl1	Strix aluco	Tawny Owl	1
13784	84985	15695	comcha	Fringilla coelebs	Common Chaffinch	1
13787	85050	15700	spofly1	Muscicapa striata	Spotted Flycatcher	1
13789	85042	15705	tawowl1	Strix aluco	Tawny Owl	1
13795	84967	15712	comrav	Corvus corax	Common Raven	1
13796	85133	15713	trepip	Anthus trivialis	Tree Pipit	1
13799	84584	15717	dunnoc1	Prunella modularis	Dunnock	1
13807	84547	15726	blutit	Cyanistes caeruleus	Eurasian Blue Tit	1
13820	82230	15740	trepip	Anthus trivialis	Tree Pipit	1
13821	82230	15740	gretit1	Parus major	Great Tit	1
13822	82230	15740	comcha	Fringilla coelebs	Common Chaffinch	1
13823	93162	15744	redwin	Turdus iliacus	Redwing	1
13569	84387	15463	gyfwoo1	Picus canus	Gray-headed Woodpecker	1
13570	84387	15463	gretit1	Parus major	Great Tit	1
13571	84387	15463	comcha	Fringilla coelebs	Common Chaffinch	1
13572	84387	15463	fieldf	Turdus pilaris	Fieldfare	1
13573	84387	15463	blutit	Cyanistes caeruleus	Eurasian Blue Tit	1
13575	84318	15465	gretit1	Parus major	Great Tit	1
13576	84318	15465	eupfly1	Ficedula hypoleuca	European Pied Flycatcher	1
13581	84396	15467	redwin	Turdus iliacus	Redwing	1
13582	84396	15467	comcha	Fringilla coelebs	Common Chaffinch	1
13583	84396	15467	trepip	Anthus trivialis	Tree Pipit	1
13589	84435	15473	bkhgul	Chroicocephalus ridibundus	Black-headed Gull	1
13590	84435	15473	comcha	Fringilla coelebs	Common Chaffinch	1
13595	84416	15476	bkhgul	Chroicocephalus ridibundus	Black-headed Gull	1
13596	84416	15476	comcha	Fringilla coelebs	Common Chaffinch	1
13597	84416	15476	barswa	Hirundo rustica	Barn Swallow	2
13608	84378	15481	comcha	Fringilla coelebs	Common Chaffinch	1
13622	87353	15490	lottit1	Aegithalos caudatus	Long-tailed Tit	1
13631	2584	15500	comred	Acanthis flammea	Common Redpoll	1
13632	2584	15500	perfal	Falco peregrinus	Peregrine Falcon	1
13652	7757	15550	retloo	Gavia stellata	Red-throated Loon	1
13656	7634	15554	comrav	Corvus corax	Common Raven	2
13657	7427	15555	snobun	Plectrophenax nivalis	Snow Bunting	2
13658	7427	15555	laplon	Calcarius lapponicus	Lapland Longspur	2
13679	2643	15578	brambl	Fringilla montifringilla	Brambling	1
13667	7768	15564	pifgoo	Anser brachyrhynchus	Pink-footed Goose	1
13670	7857	15568	corplo	Charadrius hiaticula	Common Ringed Plover	1
13681	2566	15582	gyhchi	Poecile cinctus	Gray-headed Chickadee	1
13682	2678	15584	comrav	Corvus corax	Common Raven	1
13684	2516	15588	wiltit1	Poecile montanus	Willow Tit	2
13685	2516	15588	gyhchi	Poecile cinctus	Gray-headed Chickadee	2
13690	84822	15596	hazgro1	Tetrastes bonasia	Hazel Grouse	1
13696	84820	15600	hazgro1	Tetrastes bonasia	Hazel Grouse	1
13765	84725	15679	goldcr1	Regulus regulus	Goldcrest	1
13772	84744	15684	eurbul	Pyrrhula pyrrhula	Eurasian Bullfinch	1
13773	84744	15684	eurrob1	Erithacus rubecula	European Robin	1
13774	84755	15685	sonthr1	Turdus philomelos	Song Thrush	1
13785	85047	15696	cogwar1	Locustella naevia	Common Grasshopper-Warbler	1
13791	85157	15709	blawoo1	Dryocopus martius	Black Woodpecker	1
13792	85157	15709	comcha	Fringilla coelebs	Common Chaffinch	1
13793	85157	15709	wlwwar	Phylloscopus trochilus	Willow Warbler	1
13797	84623	15716	eurrob1	Erithacus rubecula	European Robin	1
13798	84623	15716	eupfly1	Ficedula hypoleuca	European Pied Flycatcher	1
13801	84635	15719	comchi1	Phylloscopus collybita	Common Chiffchaff	1
13804	84613	15724	woowar	Phylloscopus sibilatrix	Wood Warbler	1
13805	84613	15724	sonthr1	Turdus philomelos	Song Thrush	1
13806	84709	15725	spofly1	Muscicapa striata	Spotted Flycatcher	1
13808	84505	15727	eurjay1	Garrulus glandarius	Eurasian Jay	1
13809	84505	15727	cretit2	Lophophanes cristatus	Crested Tit	1
13812	84606	15731	woowar	Phylloscopus sibilatrix	Wood Warbler	1
13813	84606	15731	eurbla	Turdus merula	Eurasian Blackbird	1
13819	82361	15737	fieldf	Turdus pilaris	Fieldfare	1
13824	93162	15744	goldcr1	Regulus regulus	Goldcrest	1
13825	93111	15745	grswoo	Dendrocopos major	Great Spotted Woodpecker	1
13826	93111	15745	coatit2	Periparus ater	Coal Tit	1
13827	93072	15750	grswoo	Dendrocopos major	Great Spotted Woodpecker	1
13828	88807	15753	cowpig1	Columba palumbus	Common Wood-Pigeon	1
13844	6516	15782	eurnut2	Sitta europaea	Eurasian Nuthatch	1
13848	6040	15788	gretit1	Parus major	Great Tit	1
13849	6423	15790	whbwoo1	Dendrocopos leucotos	White-backed Woodpecker	1
13851	6442	15795	comrav	Corvus corax	Common Raven	1
13852	6497	15797	grswoo	Dendrocopos major	Great Spotted Woodpecker	2
13862	6696	15823	eurnut2	Sitta europaea	Eurasian Nuthatch	1
13863	6696	15823	martit2	Poecile palustris	Marsh Tit	1
13587	84327	15472	eupfly1	Ficedula hypoleuca	European Pied Flycatcher	1
13588	84327	15472	wlwwar	Phylloscopus trochilus	Willow Warbler	1
13625	7748	15495	dunlin	Calidris alpina	Dunlin	1
13634	87223	15503	redcro	Loxia curvirostra	Red Crossbill	2
13636	7328	15505	lotjae	Stercorarius longicaudus	Long-tailed Jaeger	1
13646	7658	15543	temsti	Calidris temminckii	Temminck's Stint	2
13647	7878	15545	lotjae	Stercorarius longicaudus	Long-tailed Jaeger	1
13649	7992	15547	lotjae	Stercorarius longicaudus	Long-tailed Jaeger	1
13650	7798	15549	comrav	Corvus corax	Common Raven	1
13651	7798	15549	lotjae	Stercorarius longicaudus	Long-tailed Jaeger	1
13654	7806	15552	lotjae	Stercorarius longicaudus	Long-tailed Jaeger	1
13655	7806	15552	bargoo	Branta leucopsis	Barnacle Goose	2
13660	7879	15557	lotjae	Stercorarius longicaudus	Long-tailed Jaeger	1
13661	7652	15559	pifgoo	Anser brachyrhynchus	Pink-footed Goose	2
13664	7336	15562	retloo	Gavia stellata	Red-throated Loon	2
13666	7329	15563	retloo	Gavia stellata	Red-throated Loon	1
13669	7497	15567	bargoo	Branta leucopsis	Barnacle Goose	2
13672	7340	15570	lotjae	Stercorarius longicaudus	Long-tailed Jaeger	1
13674	7747	15572	dunlin	Calidris alpina	Dunlin	1
13688	2670	15590	brambl	Fringilla montifringilla	Brambling	1
13695	84858	15599	fieldf	Turdus pilaris	Fieldfare	1
13698	84788	15604	sonthr1	Turdus philomelos	Song Thrush	1
13705	84834	15608	comcuc	Cuculus canorus	Common Cuckoo	1
13706	84834	15608	eurrob1	Erithacus rubecula	European Robin	1
13757	84878	15675	comchi1	Phylloscopus collybita	Common Chiffchaff	1
13758	84878	15675	eurtre1	Certhia familiaris	Eurasian Treecreeper	1
13759	84878	15675	sonthr1	Turdus philomelos	Song Thrush	1
13760	84878	15675	comcha	Fringilla coelebs	Common Chaffinch	1
13767	84766	15681	comcha	Fringilla coelebs	Common Chaffinch	1
13794	85043	15710	blawoo1	Dryocopus martius	Black Woodpecker	1
13802	84645	15722	winwre4	Troglodytes troglodytes	Eurasian Wren	1
13803	84645	15722	goldcr1	Regulus regulus	Goldcrest	1
13810	84468	15728	eurrob1	Erithacus rubecula	European Robin	1
13814	82267	15732	wiltit1	Poecile montanus	Willow Tit	1
13815	82309	15733	redwin	Turdus iliacus	Redwing	1
13816	82309	15733	gretit1	Parus major	Great Tit	1
13818	82235	15736	sonthr1	Turdus philomelos	Song Thrush	1
13838	5987	15778	lottit1	Aegithalos caudatus	Long-tailed Tit	1
13839	6572	15781	blutit	Cyanistes caeruleus	Eurasian Blue Tit	1
13854	6535	15805	gretit1	Parus major	Great Tit	1
13861	6157	15817	martit2	Poecile palustris	Marsh Tit	1
13870	6630	15845	combuz1	Buteo buteo	Common Buzzard	1
13871	6630	15845	comrav	Corvus corax	Common Raven	1
13873	6595	15847	hoocro1	Corvus cornix	Hooded Crow	1
13879	6315	15878	eursis	Spinus spinus	Eurasian Siskin	1
13897	6619	15917	uraowl1	Strix uralensis	Ural Owl	1
13906	6653	15970	cretit2	Lophophanes cristatus	Crested Tit	1
13907	6653	15970	combuz1	Buteo buteo	Common Buzzard	1
13909	6227	15974	whbwoo1	Dendrocopos leucotos	White-backed Woodpecker	1
13910	6227	15974	grswoo	Dendrocopos major	Great Spotted Woodpecker	1
13914	6418	15997	eursis	Spinus spinus	Eurasian Siskin	1
13921	25405	16017	winwre4	Troglodytes troglodytes	Eurasian Wren	1
13929	25581	16030	grnsan	Tringa ochropus	Green Sandpiper	1
13930	25581	16030	comcha	Fringilla coelebs	Common Chaffinch	1
13935	25301	16034	woowar	Phylloscopus sibilatrix	Wood Warbler	1
13936	25301	16034	blackc1	Sylvia atricapilla	Eurasian Blackcap	1
13937	25301	16034	cowpig1	Columba palumbus	Common Wood-Pigeon	1
13938	25301	16034	eugori2	Oriolus oriolus	Eurasian Golden Oriole	1
13939	25301	16034	comcha	Fringilla coelebs	Common Chaffinch	1
13940	26193	16036	woowar	Phylloscopus sibilatrix	Wood Warbler	1
13941	67717	16037	blutit	Cyanistes caeruleus	Eurasian Blue Tit	1
13942	25787	16044	eurbla	Turdus merula	Eurasian Blackbird	1
13943	25787	16044	cowpig1	Columba palumbus	Common Wood-Pigeon	1
13944	25787	16044	eurrob1	Erithacus rubecula	European Robin	1
13945	25705	16046	winwre4	Troglodytes troglodytes	Eurasian Wren	1
13948	25987	16067	woowar	Phylloscopus sibilatrix	Wood Warbler	1
13949	25987	16067	comcha	Fringilla coelebs	Common Chaffinch	1
13962	47476	16097	comrav	Corvus corax	Common Raven	1
13963	47642	16100	comred	Acanthis flammea	Common Redpoll	1
13964	47667	16104	comred	Acanthis flammea	Common Redpoll	1
13969	47656	16121	comrav	Corvus corax	Common Raven	1
13971	47673	16123	comred	Acanthis flammea	Common Redpoll	1
13978	47349	16136	redwin	Turdus iliacus	Redwing	1
13982	47670	16145	comred	Acanthis flammea	Common Redpoll	1
13983	47327	16146	snobun	Plectrophenax nivalis	Snow Bunting	1
13984	47331	16156	comred	Acanthis flammea	Common Redpoll	1
13989	119730	16170	mewgul	Larus canus	Mew Gull	2
13991	119547	16172	meapip1	Anthus pratensis	Meadow Pipit	1
14030	119595	16220	norwhe	Oenanthe oenanthe	Northern Wheatear	1
14032	119384	16227	corplo	Charadrius hiaticula	Common Ringed Plover	1
14037	119741	16265	corplo	Charadrius hiaticula	Common Ringed Plover	1
14039	119867	16268	norwhe	Oenanthe oenanthe	Northern Wheatear	1
14042	144809	16288	barswa	Hirundo rustica	Barn Swallow	1
14043	144809	16288	eaywag1	Motacilla flava	Western Yellow Wagtail	1
14044	145219	16289	skylar	Alauda arvensis	Eurasian Skylark	1
14045	145219	16289	comchi1	Phylloscopus collybita	Common Chiffchaff	1
14046	144720	16292	yellow2	Emberiza citrinella	Yellowhammer	1
14047	144720	16292	grewhi1	Sylvia communis	Greater Whitethroat	2
14048	144720	16292	trepip	Anthus trivialis	Tree Pipit	1
14049	144720	16292	cowpig1	Columba palumbus	Common Wood-Pigeon	1
14050	145037	16295	comcha	Fringilla coelebs	Common Chaffinch	1
14051	145037	16295	comchi1	Phylloscopus collybita	Common Chiffchaff	1
14054	144737	16297	grewhi1	Sylvia communis	Greater Whitethroat	1
14055	144737	16297	cowpig1	Columba palumbus	Common Wood-Pigeon	1
14056	145625	16298	comcuc	Cuculus canorus	Common Cuckoo	1
14057	145625	16298	cowpig1	Columba palumbus	Common Wood-Pigeon	1
14058	145625	16298	eupfly1	Ficedula hypoleuca	European Pied Flycatcher	1
14066	144928	16306	norlap	Vanellus vanellus	Northern Lapwing	1
14067	145597	16307	whoswa	Cygnus cygnus	Whooper Swan	1
14068	145597	16307	comchi1	Phylloscopus collybita	Common Chiffchaff	1
14069	145597	16307	grewhi1	Sylvia communis	Greater Whitethroat	1
14070	145597	16307	leswhi4	Sylvia curruca	Lesser Whitethroat	1
14071	145597	16307	comcha	Fringilla coelebs	Common Chaffinch	1
14078	145677	16318	barswa	Hirundo rustica	Barn Swallow	1
14080	145616	16325	comcuc	Cuculus canorus	Common Cuckoo	1
14081	145616	16325	grewhi1	Sylvia communis	Greater Whitethroat	1
14082	145616	16325	eurbla	Turdus merula	Eurasian Blackbird	1
14083	145616	16325	yellow2	Emberiza citrinella	Yellowhammer	1
14084	144668	16328	sonthr1	Turdus philomelos	Song Thrush	1
14085	145189	16331	comred1	Tringa totanus	Common Redshank	1
14086	145189	16331	grewhi1	Sylvia communis	Greater Whitethroat	1
14088	89298	16355	eurbla	Turdus merula	Eurasian Blackbird	1
14094	96392	16373	misthr1	Turdus viscivorus	Mistle Thrush	1
14091	89135	16361	cowpig1	Columba palumbus	Common Wood-Pigeon	1
14092	89135	16361	comcha	Fringilla coelebs	Common Chaffinch	1
14093	95354	16372	wlwwar	Phylloscopus trochilus	Willow Warbler	1
14095	96392	16373	eurbla	Turdus merula	Eurasian Blackbird	1
14098	140075	16428	wilpta	Lagopus lagopus	Willow Ptarmigan	1
14099	139561	16430	fieldf	Turdus pilaris	Fieldfare	1
14100	139591	16441	trepip	Anthus trivialis	Tree Pipit	1
14101	139640	16446	meapip1	Anthus pratensis	Meadow Pipit	1
14103	119752	16451	meapip1	Anthus pratensis	Meadow Pipit	1
14104	119638	16452	meapip1	Anthus pratensis	Meadow Pipit	1
14105	65184	16466	eurmag1	Pica pica	Eurasian Magpie	1
14106	65184	16466	eurrob1	Erithacus rubecula	European Robin	1
14107	124330	16468	blawoo1	Dryocopus martius	Black Woodpecker	1
14108	124330	16468	comchi1	Phylloscopus collybita	Common Chiffchaff	1
14109	124330	16468	eurbla	Turdus merula	Eurasian Blackbird	1
14110	84397	16476	whoswa	Cygnus cygnus	Whooper Swan	1
14111	84397	16476	comcha	Fringilla coelebs	Common Chaffinch	1
14112	84397	16476	gretit1	Parus major	Great Tit	1
14113	145329	16479	grewhi1	Sylvia communis	Greater Whitethroat	1
14117	145121	16485	whiwag	Motacilla alba	White Wagtail	1
14118	145111	16486	comcha	Fringilla coelebs	Common Chaffinch	1
14119	145111	16486	eurbla	Turdus merula	Eurasian Blackbird	1
14120	144561	16487	gretit1	Parus major	Great Tit	1
14121	144561	16487	hoocro1	Corvus cornix	Hooded Crow	2
14122	145135	16491	comsni	Gallinago gallinago	Common Snipe	1
14123	145433	16493	gretit1	Parus major	Great Tit	1
14124	145433	16493	hoocro1	Corvus cornix	Hooded Crow	2
14125	145433	16493	houspa	Passer domesticus	House Sparrow	1
14126	145433	16493	cowpig1	Columba palumbus	Common Wood-Pigeon	1
14130	145154	16502	sheowl	Asio flammeus	Short-eared Owl	2
14132	144708	16543	watrai1	Rallus aquaticus	Water Rail	1
14133	144708	16543	grewhi1	Sylvia communis	Greater Whitethroat	1
14134	144708	16543	gretit1	Parus major	Great Tit	1
14135	105985	16546	stodov1	Columba oenas	Stock Dove	1
14136	105985	16546	woowar	Phylloscopus sibilatrix	Wood Warbler	1
14137	105985	16546	comcha	Fringilla coelebs	Common Chaffinch	1
14138	105735	16550	eugori2	Oriolus oriolus	Eurasian Golden Oriole	1
14139	105735	16550	cowpig1	Columba palumbus	Common Wood-Pigeon	1
14140	105735	16550	eupfly1	Ficedula hypoleuca	European Pied Flycatcher	1
14141	105735	16550	comcha	Fringilla coelebs	Common Chaffinch	1
14142	144878	16573	comcuc	Cuculus canorus	Common Cuckoo	1
14143	144878	16573	reebun	Emberiza schoeniclus	Reed Bunting	1
14144	144878	16573	eurbla	Turdus merula	Eurasian Blackbird	1
14145	144633	16574	barswa	Hirundo rustica	Barn Swallow	1
14146	144633	16574	woolar1	Lullula arborea	Wood Lark	2
14151	145295	16581	yellow2	Emberiza citrinella	Yellowhammer	1
14152	145295	16581	comcha	Fringilla coelebs	Common Chaffinch	1
14153	145295	16581	cowpig1	Columba palumbus	Common Wood-Pigeon	1
14154	145126	16583	comsni	Gallinago gallinago	Common Snipe	1
14158	145063	16584	graher1	Ardea cinerea	Gray Heron	1
14159	145063	16584	barswa	Hirundo rustica	Barn Swallow	1
14160	145063	16584	trepip	Anthus trivialis	Tree Pipit	1
14161	144914	16587	comchi1	Phylloscopus collybita	Common Chiffchaff	1
14162	144861	16590	garwar1	Sylvia borin	Garden Warbler	1
14163	144861	16590	comcha	Fringilla coelebs	Common Chaffinch	1
14164	144861	16590	leswhi4	Sylvia curruca	Lesser Whitethroat	1
14165	144955	16597	eurjac	Corvus monedula	Eurasian Jackdaw	1
14174	145148	16632	sheowl	Asio flammeus	Short-eared Owl	2
14175	86079	16643	eurjac	Corvus monedula	Eurasian Jackdaw	1
14176	87101	16645	norlap	Vanellus vanellus	Northern Lapwing	1
14177	86244	16647	gragoo	Anser anser	Graylag Goose	1
14178	87532	16675	eurwoo	Scolopax rusticola	Eurasian Woodcock	1
14180	87521	16700	blawoo1	Dryocopus martius	Black Woodpecker	1
14184	90781	16710	eurjay1	Garrulus glandarius	Eurasian Jay	1
14185	88073	16714	cretit2	Lophophanes cristatus	Crested Tit	1
14186	91565	16723	grswoo	Dendrocopos major	Great Spotted Woodpecker	1
14187	164869	16758	eurser1	Serinus serinus	European Serin	1
14190	165976	16782	eucdov	Streptopelia decaocto	Eurasian Collared-Dove	1
14191	165976	16782	itaspa1	Passer italiae	Italian Sparrow	2
14192	165976	16782	eurbla	Turdus merula	Eurasian Blackbird	1
14193	27925	16783	woosan	Tringa glareola	Wood Sandpiper	1
14200	167081	16808	comswi	Apus apus	Common Swift	2
14201	167081	16808	euptit1	Remiz pendulinus	Eurasian Penduline-Tit	1
14203	28767	16861	comnig1	Luscinia megarhynchos	Common Nightingale	1
14319	84369	17028	hoocro1	Corvus cornix	Hooded Crow	1
14320	84369	17028	comcha	Fringilla coelebs	Common Chaffinch	1
14329	145339	17050	reebun	Emberiza schoeniclus	Reed Bunting	1
14330	145339	17050	comros	Carpodacus erythrinus	Common Rosefinch	2
14324	145150	17047	comsni	Gallinago gallinago	Common Snipe	1
14325	145150	17047	sheowl	Asio flammeus	Short-eared Owl	1
14326	145150	17047	grebit1	Botaurus stellaris	Great Bittern	1
14327	145339	17050	grewhi1	Sylvia communis	Greater Whitethroat	1
14328	145339	17050	norlap	Vanellus vanellus	Northern Lapwing	2
14336	144724	17062	comchi1	Phylloscopus collybita	Common Chiffchaff	1
14337	144724	17062	eurbla	Turdus merula	Eurasian Blackbird	1
14338	144724	17062	eurrob1	Erithacus rubecula	European Robin	1
14339	144986	17064	cowpig1	Columba palumbus	Common Wood-Pigeon	1
14340	144986	17064	comcha	Fringilla coelebs	Common Chaffinch	1
14341	144968	17067	bkhgul	Chroicocephalus ridibundus	Black-headed Gull	1
14342	145666	17068	grewhi1	Sylvia communis	Greater Whitethroat	1
14343	144907	17071	comchi1	Phylloscopus collybita	Common Chiffchaff	1
14344	145185	17077	wlwwar	Phylloscopus trochilus	Willow Warbler	1
14345	145658	17079	yellow2	Emberiza citrinella	Yellowhammer	1
14346	145141	17082	comsni	Gallinago gallinago	Common Snipe	1
14347	145141	17082	sheowl	Asio flammeus	Short-eared Owl	1
14348	144798	17083	comcuc	Cuculus canorus	Common Cuckoo	1
14351	145372	17086	hergul	Larus argentatus	Herring Gull	2
14352	145372	17086	blutit	Cyanistes caeruleus	Eurasian Blue Tit	1
14353	145372	17086	eurbla	Turdus merula	Eurasian Blackbird	1
14354	145372	17086	comchi1	Phylloscopus collybita	Common Chiffchaff	1
14362	145144	17091	sheowl	Asio flammeus	Short-eared Owl	1
14363	145142	17093	sheowl	Asio flammeus	Short-eared Owl	1
14359	145038	17089	comcha	Fringilla coelebs	Common Chaffinch	1
14360	145038	17089	comchi1	Phylloscopus collybita	Common Chiffchaff	1
14361	145363	17090	eurbla	Turdus merula	Eurasian Blackbird	1
14364	145032	17094	comchi1	Phylloscopus collybita	Common Chiffchaff	1
14365	145032	17094	hergul	Larus argentatus	Herring Gull	2
14366	144726	17096	thrnig1	Luscinia luscinia	Thrush Nightingale	1
14367	144726	17096	eurbla	Turdus merula	Eurasian Blackbird	1
14368	145423	17097	hergul	Larus argentatus	Herring Gull	1
14369	145423	17097	houspa	Passer domesticus	House Sparrow	1
14370	145423	17097	comcha	Fringilla coelebs	Common Chaffinch	1
14371	145033	17099	barswa	Hirundo rustica	Barn Swallow	1
14372	145033	17099	hergul	Larus argentatus	Herring Gull	2
14373	144509	17100	gretit1	Parus major	Great Tit	1
14374	144744	17102	eurrob1	Erithacus rubecula	European Robin	1
14375	144744	17102	sonthr1	Turdus philomelos	Song Thrush	1
14376	145254	17104	skylar	Alauda arvensis	Eurasian Skylark	1
14377	145254	17104	hoocro1	Corvus cornix	Hooded Crow	2
14378	144898	17105	comchi1	Phylloscopus collybita	Common Chiffchaff	1
14383	145443	17111	mallar3	Anas platyrhynchos	Mallard	2
14384	145443	17111	reebun	Emberiza schoeniclus	Reed Bunting	1
14385	145443	17111	hoocro1	Corvus cornix	Hooded Crow	1
14386	145062	17114	barswa	Hirundo rustica	Barn Swallow	1
14387	145062	17114	graher1	Ardea cinerea	Gray Heron	1
14388	145094	17116	eursis	Spinus spinus	Eurasian Siskin	1
14389	145094	17116	comchi1	Phylloscopus collybita	Common Chiffchaff	1
14390	145094	17116	eurbla	Turdus merula	Eurasian Blackbird	1
14391	145143	17117	sheowl	Asio flammeus	Short-eared Owl	1
14392	145398	17122	eurbla	Turdus merula	Eurasian Blackbird	1
14393	145093	17123	comchi1	Phylloscopus collybita	Common Chiffchaff	1
14394	145093	17123	eurbla	Turdus merula	Eurasian Blackbird	1
14395	145581	17124	leswhi4	Sylvia curruca	Lesser Whitethroat	1
14396	145581	17124	eurbla	Turdus merula	Eurasian Blackbird	1
14397	145581	17124	comcha	Fringilla coelebs	Common Chaffinch	1
14398	145581	17124	comcuc	Cuculus canorus	Common Cuckoo	1
14399	145074	17126	comchi1	Phylloscopus collybita	Common Chiffchaff	1
14400	145330	17127	grewhi1	Sylvia communis	Greater Whitethroat	1
14401	145330	17127	comchi1	Phylloscopus collybita	Common Chiffchaff	1
14402	145081	17129	gretit1	Parus major	Great Tit	1
14403	145081	17129	eurbul	Pyrrhula pyrrhula	Eurasian Bullfinch	1
14404	145520	17130	grrwar1	Acrocephalus arundinaceus	Great Reed Warbler	2
14405	145520	17130	comcha	Fringilla coelebs	Common Chaffinch	1
14406	145520	17130	hoocro1	Corvus cornix	Hooded Crow	1
14409	145308	17136	cowpig1	Columba palumbus	Common Wood-Pigeon	1
14410	145308	17136	gretit1	Parus major	Great Tit	1
14411	145308	17136	comcha	Fringilla coelebs	Common Chaffinch	1
14412	144856	17140	marwar3	Acrocephalus palustris	Marsh Warbler	2
14413	144856	17140	grewhi1	Sylvia communis	Greater Whitethroat	1
14414	145177	17146	sheowl	Asio flammeus	Short-eared Owl	1
14415	144997	17151	yellow2	Emberiza citrinella	Yellowhammer	1
14416	144503	17157	gretit1	Parus major	Great Tit	1
14417	144691	17160	sonthr1	Turdus philomelos	Song Thrush	1
14418	144691	17160	comcha	Fringilla coelebs	Common Chaffinch	1
14419	144691	17160	hoocro1	Corvus cornix	Hooded Crow	1
14420	145170	17163	sheowl	Asio flammeus	Short-eared Owl	1
14423	144969	17165	eugori2	Oriolus oriolus	Eurasian Golden Oriole	2
14424	144969	17165	gretit1	Parus major	Great Tit	1
14425	144839	17166	watrai1	Rallus aquaticus	Water Rail	1
14428	145672	17173	yellow2	Emberiza citrinella	Yellowhammer	1
14429	145672	17173	leswhi4	Sylvia curruca	Lesser Whitethroat	1
14430	145672	17173	comchi1	Phylloscopus collybita	Common Chiffchaff	1
14431	144672	17174	sonthr1	Turdus philomelos	Song Thrush	1
14432	144653	17177	mallar3	Anas platyrhynchos	Mallard	2
14436	144544	17184	norwhe	Oenanthe oenanthe	Northern Wheatear	1
14437	144544	17184	meapip1	Anthus pratensis	Meadow Pipit	1
14438	144544	17184	yellow2	Emberiza citrinella	Yellowhammer	1
14439	144543	17185	meapip1	Anthus pratensis	Meadow Pipit	1
14440	144842	17188	watrai1	Rallus aquaticus	Water Rail	1
14446	145683	17199	watrai1	Rallus aquaticus	Water Rail	1
14447	145530	17202	comcuc	Cuculus canorus	Common Cuckoo	1
14448	145530	17202	eurbla	Turdus merula	Eurasian Blackbird	1
14449	145530	17202	mallar3	Anas platyrhynchos	Mallard	2
14450	144786	17207	trepip	Anthus trivialis	Tree Pipit	1
14451	144786	17207	comcha	Fringilla coelebs	Common Chaffinch	1
14452	145364	17208	eurbla	Turdus merula	Eurasian Blackbird	1
14453	145186	17219	skylar	Alauda arvensis	Eurasian Skylark	1
14454	145089	17221	eurbla	Turdus merula	Eurasian Blackbird	1
14455	145089	17221	comcha	Fringilla coelebs	Common Chaffinch	1
14456	144937	17225	meapip1	Anthus pratensis	Meadow Pipit	1
14457	144937	17225	hergul	Larus argentatus	Herring Gull	1
14458	144937	17225	comchi1	Phylloscopus collybita	Common Chiffchaff	1
14459	94141	17228	goldcr1	Regulus regulus	Goldcrest	2
14462	93272	17230	tawowl1	Strix aluco	Tawny Owl	1
14464	93767	17238	goldcr1	Regulus regulus	Goldcrest	1
14465	93982	17240	comcha	Fringilla coelebs	Common Chaffinch	1
14466	93554	17242	cretit2	Lophophanes cristatus	Crested Tit	1
14467	93554	17242	goldcr1	Regulus regulus	Goldcrest	1
14468	93220	17246	grswoo	Dendrocopos major	Great Spotted Woodpecker	1
14471	93467	17258	comrav	Corvus corax	Common Raven	1
14472	94044	17263	misthr1	Turdus viscivorus	Mistle Thrush	1
14473	93386	17264	tawowl1	Strix aluco	Tawny Owl	1
14477	93916	17274	coatit2	Periparus ater	Coal Tit	1
14480	82410	17283	mewgul	Larus canus	Mew Gull	1
14481	82410	17283	meapip1	Anthus pratensis	Meadow Pipit	1
14482	83280	17286	eurrob1	Erithacus rubecula	European Robin	1
14483	82961	17288	wlwwar	Phylloscopus trochilus	Willow Warbler	1
14484	82557	17291	redwin	Turdus iliacus	Redwing	1
14485	82415	17294	coatit2	Periparus ater	Coal Tit	1
14486	82499	17304	cowpig1	Columba palumbus	Common Wood-Pigeon	1
14487	84287	17310	tawowl1	Strix aluco	Tawny Owl	1
14491	83250	17317	comrav	Corvus corax	Common Raven	1
14492	83666	17318	tawowl1	Strix aluco	Tawny Owl	1
14494	82417	17329	tawowl1	Strix aluco	Tawny Owl	1
14495	83510	17331	redwin	Turdus iliacus	Redwing	1
14496	83500	17333	comred1	Tringa totanus	Common Redshank	1
14497	81610	17396	eurnut2	Sitta europaea	Eurasian Nuthatch	1
14498	88027	17447	eurtre1	Certhia familiaris	Eurasian Treecreeper	1
14501	79457	17471	eurspa1	Accipiter nisus	Eurasian Sparrowhawk	1
14502	78985	17478	eurkes	Falco tinnunculus	Eurasian Kestrel	2
14505	79173	17492	eugwoo2	Picus viridis	Eurasian Green Woodpecker	1
14506	79173	17492	blutit	Cyanistes caeruleus	Eurasian Blue Tit	1
14508	78418	17517	eurgol	Carduelis carduelis	European Goldfinch	1
14509	149967	17533	lirplo	Charadrius dubius	Little Ringed Plover	1
14521	151111	17641	coatit2	Periparus ater	Coal Tit	1
14511	151327	17547	eurnig1	Caprimulgus europaeus	Eurasian Nightjar	1
14516	149901	17558	blawoo1	Dryocopus martius	Black Woodpecker	1
14517	151043	17578	grswoo	Dendrocopos major	Great Spotted Woodpecker	1
14522	150372	17669	eurspa1	Accipiter nisus	Eurasian Sparrowhawk	2
14525	46332	17677	comcha	Fringilla coelebs	Common Chaffinch	1
14526	46332	17677	eurrob1	Erithacus rubecula	European Robin	1
14527	46332	17677	grswoo	Dendrocopos major	Great Spotted Woodpecker	1
14528	46332	17677	blutit	Cyanistes caeruleus	Eurasian Blue Tit	1
14529	45759	17678	eurbla	Turdus merula	Eurasian Blackbird	1
14535	46378	17689	gretit1	Parus major	Great Tit	1
14536	45617	17694	tawowl1	Strix aluco	Tawny Owl	1
14537	45833	17695	grswoo	Dendrocopos major	Great Spotted Woodpecker	1
14538	46055	17696	eurbla	Turdus merula	Eurasian Blackbird	1
14539	46055	17696	fieldf	Turdus pilaris	Fieldfare	1
14541	46169	17700	firecr1	Regulus ignicapilla	Common Firecrest	2
14542	46169	17700	gretit1	Parus major	Great Tit	1
14543	45915	17702	grswoo	Dendrocopos major	Great Spotted Woodpecker	2
14544	45915	17702	gretit1	Parus major	Great Tit	1
14545	46372	17703	firecr1	Regulus ignicapilla	Common Firecrest	1
14546	46372	17703	comcha	Fringilla coelebs	Common Chaffinch	1
14547	46215	17709	eurgol	Carduelis carduelis	European Goldfinch	1
14548	46215	17709	gretit1	Parus major	Great Tit	1
14549	46215	17709	firecr1	Regulus ignicapilla	Common Firecrest	2
14553	46284	17717	eurnut2	Sitta europaea	Eurasian Nuthatch	1
14555	82224	17724	hazgro1	Tetrastes bonasia	Hazel Grouse	1
14556	82257	17725	goldcr1	Regulus regulus	Goldcrest	1
14557	82257	17725	trepip	Anthus trivialis	Tree Pipit	1
14561	82382	17732	sonthr1	Turdus philomelos	Song Thrush	1
14562	82382	17732	gretit1	Parus major	Great Tit	1
14563	82330	17734	winwre4	Troglodytes troglodytes	Eurasian Wren	1
14564	82330	17734	eurbul	Pyrrhula pyrrhula	Eurasian Bullfinch	1
14565	82357	17736	spofly1	Muscicapa striata	Spotted Flycatcher	1
14566	82217	17737	goldcr1	Regulus regulus	Goldcrest	1
14568	82275	17740	gretit1	Parus major	Great Tit	1
14571	82358	17743	dunnoc1	Prunella modularis	Dunnock	1
14572	82265	17745	eurwoo	Scolopax rusticola	Eurasian Woodcock	1
14573	82265	17745	sonthr1	Turdus philomelos	Song Thrush	1
14574	82368	17746	cretit2	Lophophanes cristatus	Crested Tit	1
14575	82209	17747	comchi1	Phylloscopus collybita	Common Chiffchaff	1
14576	82209	17747	comcha	Fringilla coelebs	Common Chaffinch	1
14580	82240	17755	wiltit1	Poecile montanus	Willow Tit	1
14581	82301	17758	redcro	Loxia curvirostra	Red Crossbill	2
14582	82301	17758	parcro2	Loxia pytyopsittacus	Parrot Crossbill	2
14583	82301	17758	winwre4	Troglodytes troglodytes	Eurasian Wren	1
14584	82301	17758	comcha	Fringilla coelebs	Common Chaffinch	1
14585	82328	17760	goldcr1	Regulus regulus	Goldcrest	1
14586	82324	17761	uraowl1	Strix uralensis	Ural Owl	1
14596	105913	17769	eugori2	Oriolus oriolus	Eurasian Golden Oriole	1
14597	105913	17769	tawowl1	Strix aluco	Tawny Owl	1
14598	105913	17769	comcha	Fringilla coelebs	Common Chaffinch	1
14605	106066	17781	gretit1	Parus major	Great Tit	1
14607	5372	17789	whbwoo1	Dendrocopos leucotos	White-backed Woodpecker	2
14608	5785	17790	eurtre1	Certhia familiaris	Eurasian Treecreeper	2
14609	5602	17792	winwre4	Troglodytes troglodytes	Eurasian Wren	1
14610	5602	17792	eurnut2	Sitta europaea	Eurasian Nuthatch	1
14612	4873	17795	stodov1	Columba oenas	Stock Dove	1
14613	4873	17795	winwre4	Troglodytes troglodytes	Eurasian Wren	1
14614	4873	17795	eurbla	Turdus merula	Eurasian Blackbird	1
14615	5547	17797	eurjay1	Garrulus glandarius	Eurasian Jay	1
14616	5440	17799	eurnut2	Sitta europaea	Eurasian Nuthatch	1
14617	5824	17800	grswoo	Dendrocopos major	Great Spotted Woodpecker	1
14618	5824	17800	eurnut2	Sitta europaea	Eurasian Nuthatch	1
14619	5824	17800	eurbla	Turdus merula	Eurasian Blackbird	1
14620	5824	17800	comcha	Fringilla coelebs	Common Chaffinch	1
14621	5824	17800	blutit	Cyanistes caeruleus	Eurasian Blue Tit	1
14623	4641	17803	grswoo	Dendrocopos major	Great Spotted Woodpecker	2
14624	5397	17804	winwre4	Troglodytes troglodytes	Eurasian Wren	1
14625	5397	17804	grswoo	Dendrocopos major	Great Spotted Woodpecker	1
14626	5038	17806	cowpig1	Columba palumbus	Common Wood-Pigeon	1
14627	5192	17807	comcha	Fringilla coelebs	Common Chaffinch	1
14628	5192	17807	eurbla	Turdus merula	Eurasian Blackbird	1
14629	4899	17808	eurbla	Turdus merula	Eurasian Blackbird	1
14630	4899	17808	comcha	Fringilla coelebs	Common Chaffinch	1
14631	5694	17811	eurnut2	Sitta europaea	Eurasian Nuthatch	1
14638	4718	17823	cowpig1	Columba palumbus	Common Wood-Pigeon	1
14639	5022	17825	winwre4	Troglodytes troglodytes	Eurasian Wren	1
14640	5022	17825	grswoo	Dendrocopos major	Great Spotted Woodpecker	2
14641	4850	17826	eurnut2	Sitta europaea	Eurasian Nuthatch	1
14642	4850	17826	winwre4	Troglodytes troglodytes	Eurasian Wren	1
14643	4850	17826	blutit	Cyanistes caeruleus	Eurasian Blue Tit	1
14646	5040	17832	tawowl1	Strix aluco	Tawny Owl	1
14647	5847	17834	blawoo1	Dryocopus martius	Black Woodpecker	1
14648	5847	17834	gretit1	Parus major	Great Tit	1
14649	5290	17836	eurnut2	Sitta europaea	Eurasian Nuthatch	1
14653	5245	17845	comcha	Fringilla coelebs	Common Chaffinch	1
14654	5455	17847	eurnut2	Sitta europaea	Eurasian Nuthatch	1
14655	5725	17848	eurnut2	Sitta europaea	Eurasian Nuthatch	1
14658	5462	17855	cowpig1	Columba palumbus	Common Wood-Pigeon	1
14661	4681	17862	martit2	Poecile palustris	Marsh Tit	1
14662	83533	17870	eurrob1	Erithacus rubecula	European Robin	1
14663	83534	17871	eurwoo	Scolopax rusticola	Eurasian Woodcock	1
14664	83534	17871	eurrob1	Erithacus rubecula	European Robin	1
14667	82669	17874	eurrob1	Erithacus rubecula	European Robin	1
14668	82669	17874	sonthr1	Turdus philomelos	Song Thrush	1
14670	83195	17876	sonthr1	Turdus philomelos	Song Thrush	1
14671	83771	17878	eurrob1	Erithacus rubecula	European Robin	1
14676	130316	17884	combuz1	Buteo buteo	Common Buzzard	2
14677	130316	17884	eurrob1	Erithacus rubecula	European Robin	1
14678	130316	17884	gretit1	Parus major	Great Tit	1
14679	130316	17884	comcha	Fringilla coelebs	Common Chaffinch	1
14680	129169	17885	eurbla	Turdus merula	Eurasian Blackbird	1
14681	129659	17886	eurrob1	Erithacus rubecula	European Robin	1
14682	129868	17889	carcro1	Corvus corone	Carrion Crow	1
14683	129820	17890	blackc1	Sylvia atricapilla	Eurasian Blackcap	1
14684	130037	17894	eurrob1	Erithacus rubecula	European Robin	1
14685	130358	17902	comcha	Fringilla coelebs	Common Chaffinch	1
14686	130033	17905	eurbla	Turdus merula	Eurasian Blackbird	1
14687	129523	17908	gretit1	Parus major	Great Tit	1
14688	130278	17911	comcha	Fringilla coelebs	Common Chaffinch	1
14689	129415	17912	eurrob1	Erithacus rubecula	European Robin	1
14690	129694	17913	comcha	Fringilla coelebs	Common Chaffinch	1
14691	129748	17915	comcha	Fringilla coelebs	Common Chaffinch	1
14692	34237	17917	cretit2	Lophophanes cristatus	Crested Tit	1
14694	34287	17918	comred2	Phoenicurus phoenicurus	Common Redstart	2
14696	34147	17929	fieldf	Turdus pilaris	Fieldfare	2
14697	34275	17937	cretit2	Lophophanes cristatus	Crested Tit	1
14732	124678	18006	savwar1	Locustella luscinioides	Savi's Warbler	2
14746	125286	18026	savwar1	Locustella luscinioides	Savi's Warbler	2
14755	124197	18035	lottit1	Aegithalos caudatus	Long-tailed Tit	1
14762	15220	18052	tawowl1	Strix aluco	Tawny Owl	1
14767	15260	18058	comrav	Corvus corax	Common Raven	1
14779	34215	18112	coatit2	Periparus ater	Coal Tit	1
14781	34444	18114	coatit2	Periparus ater	Coal Tit	1
14856	773	18260	houspa	Passer domesticus	House Sparrow	1
14859	1390	18272	eurrob1	Erithacus rubecula	European Robin	1
14861	18	18275	houspa	Passer domesticus	House Sparrow	1
14865	1482	18313	carcro1	Corvus corone	Carrion Crow	1
15339	20102	19327	eutdov	Streptopelia turtur	European Turtle-Dove	1
15340	20102	19327	winwre4	Troglodytes troglodytes	Eurasian Wren	1
15518	13386	19708	coatit2	Periparus ater	Coal Tit	1
15519	13386	19708	cowpig1	Columba palumbus	Common Wood-Pigeon	1
15520	13386	19708	sonthr1	Turdus philomelos	Song Thrush	1
15528	54411	19821	eurmag1	Pica pica	Eurasian Magpie	1
15529	54411	19821	gretit1	Parus major	Great Tit	1
15530	54411	19821	blutit	Cyanistes caeruleus	Eurasian Blue Tit	1
15544	31685	19936	redkit1	Milvus milvus	Red Kite	1
15552	28152	20013	eugori2	Oriolus oriolus	Eurasian Golden Oriole	1
15562	82386	20117	rebfly	Ficedula parva	Red-breasted Flycatcher	1
15321	30747	19137	sarwar1	Sylvia melanocephala	Sardinian Warbler	1
15334	38827	19318	tawowl1	Strix aluco	Tawny Owl	1
15373	18683	19531	eursco1	Otus scops	Eurasian Scops-Owl	1
15374	18874	19539	webwar1	Phylloscopus bonelli	Western Bonelli's Warbler	1
15512	14012	19671	cowpig1	Columba palumbus	Common Wood-Pigeon	1
15513	14012	19671	eurjay1	Garrulus glandarius	Eurasian Jay	1
15524	13033	19759	comchi1	Phylloscopus collybita	Common Chiffchaff	1
15526	55786	19813	shttre1	Certhia brachydactyla	Short-toed Treecreeper	1
15527	55786	19813	blutit	Cyanistes caeruleus	Eurasian Blue Tit	1
15531	55716	19884	eurbla	Turdus merula	Eurasian Blackbird	1
15532	55566	19899	eurmag1	Pica pica	Eurasian Magpie	1
15533	55566	19899	gretit1	Parus major	Great Tit	1
15546	31193	19949	eupowl1	Glaucidium passerinum	Eurasian Pygmy-Owl	1
15549	28180	19984	crelar2	Galerida cristata	Crested Lark	1
15550	27657	20006	eugori2	Oriolus oriolus	Eurasian Golden Oriole	1
15553	27439	20015	eurhob	Falco subbuteo	Eurasian Hobby	2
15556	82318	20064	rebfly	Ficedula parva	Red-breasted Flycatcher	1
15557	82308	20066	redwin	Turdus iliacus	Redwing	1
15558	82279	20073	uraowl1	Strix uralensis	Ural Owl	1
15563	82285	20118	cretit2	Lophophanes cristatus	Crested Tit	1
15564	82334	20130	trepip	Anthus trivialis	Tree Pipit	1
15567	82383	20153	cretit2	Lophophanes cristatus	Crested Tit	1
15569	82261	20160	wiltit1	Poecile montanus	Willow Tit	1
15522	13011	19738	euhbuz1	Pernis apivorus	European Honey-buzzard	1
15523	12975	19745	eurnut2	Sitta europaea	Eurasian Nuthatch	1
15548	27446	19978	eugori2	Oriolus oriolus	Eurasian Golden Oriole	1
15561	82388	20108	rebfly	Ficedula parva	Red-breasted Flycatcher	1
15565	82371	20134	blawoo1	Dryocopus martius	Black Woodpecker	1
15566	82251	20141	spofly1	Muscicapa striata	Spotted Flycatcher	1
15568	82360	20158	comcha	Fringilla coelebs	Common Chaffinch	1
15329	18971	19269	firecr1	Regulus ignicapilla	Common Firecrest	1
15337	19717	19322	eursco1	Otus scops	Eurasian Scops-Owl	1
15510	13988	19669	gretit1	Parus major	Great Tit	1
15511	13988	19669	eurnut2	Sitta europaea	Eurasian Nuthatch	1
15514	12868	19672	blawoo1	Dryocopus martius	Black Woodpecker	1
15515	12868	19672	grswoo	Dendrocopos major	Great Spotted Woodpecker	1
15516	13380	19696	sonthr1	Turdus philomelos	Song Thrush	1
15517	13380	19696	firecr1	Regulus ignicapilla	Common Firecrest	1
15521	13392	19728	firecr1	Regulus ignicapilla	Common Firecrest	1
15525	55166	19781	eurbla	Turdus merula	Eurasian Blackbird	1
15534	55745	19900	carcro1	Corvus corone	Carrion Crow	2
15535	55745	19900	eurrob1	Erithacus rubecula	European Robin	1
15536	54683	19905	eurrob1	Erithacus rubecula	European Robin	1
15537	54683	19905	eurmag1	Pica pica	Eurasian Magpie	1
15538	31682	19925	tawowl1	Strix aluco	Tawny Owl	1
15539	31939	19926	comcha	Fringilla coelebs	Common Chaffinch	1
15540	31939	19926	eurrob1	Erithacus rubecula	European Robin	1
15541	31939	19926	blutit	Cyanistes caeruleus	Eurasian Blue Tit	1
15542	31238	19931	comchi1	Phylloscopus collybita	Common Chiffchaff	1
15543	31238	19931	comcha	Fringilla coelebs	Common Chaffinch	1
15545	31746	19947	blutit	Cyanistes caeruleus	Eurasian Blue Tit	1
15551	28876	20008	eugori2	Oriolus oriolus	Eurasian Golden Oriole	1
15554	82214	20063	blawoo1	Dryocopus martius	Black Woodpecker	1
15555	82214	20063	cretit2	Lophophanes cristatus	Crested Tit	1
15559	82345	20101	whoswa	Cygnus cygnus	Whooper Swan	1
15560	82351	20103	goldcr1	Regulus regulus	Goldcrest	1
15570	82283	20161	winwre4	Troglodytes troglodytes	Eurasian Wren	1
