annotation_id	recording_id	is_low_quality	contains_human_speech	contains_unknown_birds	does_not_contain_birds	contains_birds_not_on_list	birds_not_on_list	has_boxes_for_all_bird_sounds	non_bird_area_x1	non_bird_area_x2	non_bird_area_y1	non_bird_area_y2	created	edited
203	84326	False	False	False	False	False		False	7.108098914060878	7.382185419532548	0.0	10827.90762652369	2022-06-02 16:33:57	2022-06-02 16:33:57
193	6022	False	False	False	False	False		False	6.724503729430545	6.957061868965427	2265.967860502356	10956.262403358432	2022-06-02 16:24:30	2022-06-02 16:24:30
192	84514	True	False	False	False	False		True					2022-06-02 16:23:22	2022-06-02 16:23:22
196	6715	False	False	False	False	False		False					2022-06-02 16:27:20	2022-06-02 16:27:20
199	6029	False	False	False	False	False		True					2022-06-02 16:28:10	2022-06-02 16:28:10
201	84419	False	False	False	False	False		False					2022-06-02 16:30:19	2022-06-02 16:30:19
202	84315	False	False	False	False	False		True					2022-06-02 16:32:09	2022-06-02 16:32:09
204	84408	False	False	False	False	False		False					2022-06-02 16:34:43	2022-06-02 16:34:43
187	84447	False	False	False	False	False		False					2022-06-02 16:19:20	2022-06-02 16:19:20
188	84561	False	False	False	False	False		False					2022-06-02 16:20:10	2022-06-02 16:20:10
189	84617	False	False	False	False	False		False					2022-06-02 16:21:46	2022-06-02 16:21:46
190	84637	False	False	False	False	False		False					2022-06-02 16:22:10	2022-06-02 16:22:10
191	84663	True	False	False	False	False		False					2022-06-02 16:22:42	2022-06-02 16:22:42
194	6207	False	False	False	False	False		True					2022-06-02 16:25:46	2022-06-02 16:25:46
195	6146	True	False	False	False	False		True					2022-06-02 16:26:27	2022-06-02 16:26:27
198	6108	True	False	False	True	False		False					2022-06-02 16:27:34	2022-06-02 16:27:34
20569	84345	False	False	False	False	False		True					2023-04-13 14:29:59	2023-04-13 14:32:24
20570	84370	False	False	False	False	False		True					2023-04-13 14:32:19	2023-04-13 14:32:26
20572	84433	False	False	False	False	False		True					2023-04-13 14:35:41	2023-04-13 14:35:41
20571	84359	False	False	False	False	False		True					2023-04-13 14:33:20	2023-04-13 14:33:20
20574	84311	True	False	False	False	False		False					2023-04-13 14:38:26	2023-04-13 14:38:26
20573	84368	False	False	False	False	False		True					2023-04-13 14:36:23	2023-04-13 14:36:23
