annotation_id	recording_id	is_low_quality	contains_human_speech	contains_unknown_birds	does_not_contain_birds	contains_birds_not_on_list	birds_not_on_list	has_boxes_for_all_bird_sounds	non_bird_area_x1	non_bird_area_x2	non_bird_area_y1	non_bird_area_y2	created	edited
11	81253	False	False	False	True	False		False	5.0	14.982443879090665	0.0	4722.4729021857775	2022-06-01 11:17:17	2022-06-01 11:17:17
15	100768	False	False	False	False	False		False	6.336325453074705	8.490053103205472	2458.515862857595	10264.450617818271	2022-06-01 11:25:07	2022-06-01 11:25:07
21	97520	False	False	False	False	False		False	7.054233796606759	15.0	0.0	1680.2805687399466	2022-06-01 11:35:43	2022-06-01 11:35:43
22	88966	True	False	False	False	False		False	5.150214592274677	15.0	0.0	2081.1860611859493	2022-06-01 11:37:06	2022-06-01 11:37:06
13	102721	False	False	False	True	False		False	5.150214592274677	15.0	0.0	2340.5998050465305	2022-06-01 11:19:25	2022-06-01 11:19:25
241	86110	False	False	False	False	False		False	5.243855095728272	15.0	3000.9215152964875	4722.473396974451	2022-06-02 21:34:38	2022-06-02 21:34:38
244	88446	False	False	False	False	False		False	13.640265075945548	15.0	0.0	1302.9507670683024	2022-06-02 21:38:10	2022-06-02 21:38:10
249	102807	True	False	True	False	False		False	5.025361024258986	15.0	29.47753008674154	760.547588572783	2022-06-02 21:45:48	2022-06-02 21:45:48
737	93196	False	False	False	True	False		False	9.020679130063037	15.0	0.0	4981.883677314309	2022-06-07 22:36:51	2022-06-07 22:36:51
867	3943	False	False	False	False	False		False	5.0	7.572055538324839	0.0	3373.4404866835653	2022-06-10 18:47:05	2022-06-10 18:47:05
1331	92351	False	False	False	True	False		False	5.306282534619769	13.546624572491952	0.0	4274.39821579877	2022-07-07 11:40:41	2022-07-07 11:40:41
1323	83145	True	False	False	True	False		False	5.181428966604077	14.763948497854077	2576.4299415139594	5052.633509916418	2022-07-07 11:33:41	2022-07-07 11:33:41
726	82030	True	False	False	False	False		False	5.0	15.0	0.0	1798.1936578189632	2022-06-07 22:29:45	2022-06-07 22:29:45
733	82456	False	False	False	True	False		False	6.086618317043321	15.0	2859.424324035645	5099.799735125373	2022-06-07 22:34:38	2022-06-07 22:34:38
1475	103019	False	False	False	True	False		False	5.087788463150483	15.0	0.0	3967.819236306583	2022-07-08 11:00:49	2022-07-08 11:00:49
728	81517	False	False	False	True	False		False	5.555990980418455	15.0	0.0	2175.5214803359086	2022-06-07 22:31:22	2022-06-07 22:31:22
7720	82431	False	False	False	True	False		False	5.493562231759657	15.0	5.891943538890468	3378.2448847153614	2022-10-26 17:01:37	2022-10-26 17:01:37
242	96566	False	False	False	True	False		False					2022-06-02 21:34:59	2022-06-02 21:34:59
250	82386	False	False	False	False	False		False					2022-06-02 21:46:50	2022-06-02 21:46:50
251	85572	True	False	False	False	False		False					2022-06-02 21:47:57	2022-06-02 21:47:57
1	99540	False	False	False	False	False		False					2022-06-01 10:39:25	2022-06-01 10:39:25
2	82884	False	False	False	False	False		False					2022-06-01 10:40:09	2022-06-01 10:40:09
3	104620	False	False	False	False	False		False					2022-06-01 10:42:30	2022-06-01 10:42:30
4	103618	False	False	True	False	False		False					2022-06-01 10:43:33	2022-06-01 10:43:33
5	85689	True	False	True	False	False		False					2022-06-01 10:45:16	2022-06-01 10:45:16
6	91982	False	False	False	False	False		False					2022-06-01 10:45:49	2022-06-01 10:45:49
7	92430	False	True	False	True	False		False					2022-06-01 10:47:35	2022-06-01 10:47:35
8	83682	False	False	True	False	False		False					2022-06-01 10:53:16	2022-06-01 10:53:16
10	92377	False	False	False	False	False		False					2022-06-01 11:13:42	2022-06-01 11:13:42
12	93542	False	False	False	False	False		False					2022-06-01 11:18:47	2022-06-01 11:18:47
14	87080	True	False	False	False	False		False					2022-06-01 11:23:13	2022-06-01 11:23:13
16	81422	True	False	False	False	False		False					2022-06-01 11:27:19	2022-06-01 11:27:19
17	89404	False	False	True	False	False		False					2022-06-01 11:29:42	2022-06-01 11:29:42
18	94414	False	False	True	False	False		False					2022-06-01 11:31:10	2022-06-01 11:31:10
24	103405	False	False	False	False	False		False					2022-06-01 11:38:44	2022-06-01 11:38:44
9	99884	False	False	False	False	False		False					2022-06-01 11:07:54	2022-06-01 11:07:54
19	84529	False	False	True	False	False		False					2022-06-01 11:32:46	2022-06-01 11:32:46
20	2974	False	False	True	False	False		False					2022-06-01 11:34:12	2022-06-01 11:34:12
23	3875	False	False	False	False	False		False					2022-06-01 11:38:18	2022-06-01 11:38:18
235	94401	False	False	True	False	False		False					2022-06-02 21:27:02	2022-06-02 21:27:02
236	91305	False	False	True	False	False		False					2022-06-02 21:27:40	2022-06-02 21:27:40
237	95613	False	False	False	False	False		False					2022-06-02 21:28:33	2022-06-02 21:28:33
238	87644	False	False	False	False	False		False					2022-06-02 21:30:05	2022-06-02 21:30:05
239	2529	False	False	False	False	False		False					2022-06-02 21:31:06	2022-06-02 21:31:06
240	104702	False	False	False	False	False		False					2022-06-02 21:33:26	2022-06-02 21:33:26
243	2816	False	False	False	False	False		False					2022-06-02 21:36:24	2022-06-02 21:36:24
245	103284	False	False	False	False	False		False					2022-06-02 21:39:15	2022-06-02 21:39:15
246	92022	False	False	False	False	False		False					2022-06-02 21:39:52	2022-06-02 21:39:52
247	86395	False	False	False	False	False		False					2022-06-02 21:40:49	2022-06-02 21:40:49
248	82602	False	False	False	False	False		False					2022-06-02 21:42:34	2022-06-02 21:42:34
252	87851	False	False	False	False	False		False					2022-06-02 21:48:40	2022-06-02 21:48:40
720	84465	False	False	False	False	False		False					2022-06-07 22:19:45	2022-06-07 22:19:45
723	86001	True	False	True	False	False		False					2022-06-07 22:24:50	2022-06-07 22:24:50
724	102967	False	False	False	False	False		False					2022-06-07 22:25:23	2022-06-07 22:25:23
725	101622	False	False	False	False	False		False					2022-06-07 22:27:12	2022-06-07 22:27:12
727	98976	False	False	False	False	False		False					2022-06-07 22:30:45	2022-06-07 22:30:45
731	102401	False	False	True	False	False		False					2022-06-07 22:33:22	2022-06-07 22:33:22
853	2779	False	False	True	False	False		False					2022-06-10 18:35:09	2022-06-10 18:35:09
868	104706	False	False	True	False	False		False					2022-06-10 18:47:43	2022-06-10 18:47:43
870	104073	False	False	False	False	False		False					2022-06-10 18:49:13	2022-06-10 18:49:13
877	93637	False	False	True	False	False		False					2022-06-10 18:54:00	2022-06-10 18:54:00
879	100414	False	False	False	False	False		False					2022-06-10 18:55:46	2022-06-10 18:55:46
881	93192	False	False	False	True	False		False					2022-06-10 18:56:35	2022-06-10 18:56:35
729	84680	False	False	False	False	False		False					2022-06-07 22:32:19	2022-06-07 22:32:19
730	91724	False	False	False	False	False		False					2022-06-07 22:32:48	2022-06-07 22:32:48
734	85182	False	False	False	True	False		False					2022-06-07 22:35:12	2022-06-07 22:35:12
735	86929	False	False	False	False	False		False					2022-06-07 22:35:57	2022-06-07 22:35:57
738	104297	True	False	False	False	False		False					2022-06-07 22:37:27	2022-06-07 22:37:27
739	90473	False	False	False	False	False		False					2022-06-07 22:38:15	2022-06-07 22:38:15
740	87652	False	False	False	False	False		False					2022-06-07 22:40:21	2022-06-07 22:40:21
856	103691	False	False	False	False	False		False					2022-06-10 18:38:34	2022-06-10 18:38:34
858	83009	True	False	False	False	False		False					2022-06-10 18:41:19	2022-06-10 18:41:19
859	103153	False	False	False	False	False		False					2022-06-10 18:42:03	2022-06-10 18:42:03
861	2795	False	False	False	False	False		False					2022-06-10 18:43:09	2022-06-10 18:43:09
863	83692	False	False	False	True	False		False					2022-06-10 18:43:53	2022-06-10 18:43:53
871	90112	False	False	False	False	False		False					2022-06-10 18:49:52	2022-06-10 18:49:52
872	84809	False	False	False	False	False		False					2022-06-10 18:50:22	2022-06-10 18:50:22
874	100406	False	False	False	False	False		False					2022-06-10 18:52:06	2022-06-10 18:52:06
876	84225	True	False	False	True	False		False					2022-06-10 18:53:04	2022-06-10 18:53:04
878	92862	False	False	False	False	False		False					2022-06-10 18:54:32	2022-06-10 18:54:32
880	96975	False	False	False	False	False		False					2022-06-10 18:56:05	2022-06-10 18:56:05
736	99860	False	False	False	False	False		False					2022-06-07 22:36:27	2022-06-07 22:36:27
741	93856	False	False	False	False	False		False					2022-06-07 22:40:54	2022-06-07 22:40:54
855	96491	False	False	False	False	False		False					2022-06-10 18:38:05	2022-06-10 18:38:05
857	100399	False	False	False	False	False		False					2022-06-10 18:39:51	2022-06-10 18:39:51
860	94551	False	False	False	False	False		False					2022-06-10 18:42:26	2022-06-10 18:42:26
862	95926	False	False	False	False	False		False					2022-06-10 18:43:32	2022-06-10 18:43:32
864	103427	False	False	True	False	False		False					2022-06-10 18:44:29	2022-06-10 18:44:29
865	2600	False	False	False	False	False		False					2022-06-10 18:45:29	2022-06-10 18:45:29
869	102135	False	False	False	False	False		False					2022-06-10 18:48:09	2022-06-10 18:48:09
873	93032	False	False	False	False	False		False					2022-06-10 18:51:12	2022-06-10 18:51:12
875	89260	False	False	False	False	False		False					2022-06-10 18:52:35	2022-06-10 18:52:35
721	85930	False	False	False	False	False		False					2022-06-07 22:20:28	2022-06-07 22:20:28
722	89403	False	False	False	False	False		False					2022-06-07 22:22:03	2022-06-07 22:22:03
732	93375	True	False	False	False	False		False					2022-06-07 22:34:10	2022-06-07 22:34:10
854	93904	False	False	False	False	False		False					2022-06-10 18:35:12	2022-06-10 18:36:52
866	101946	False	False	False	False	False		False					2022-06-10 18:45:52	2022-06-10 18:45:52
1310	104384	False	False	False	False	False		False					2022-07-07 11:20:32	2022-07-07 11:20:32
1311	91401	True	False	False	False	False		False					2022-07-07 11:21:32	2022-07-07 11:21:32
1312	103576	False	False	True	False	False		False					2022-07-07 11:23:41	2022-07-07 11:23:41
1314	86156	False	False	True	False	False		False					2022-07-07 11:24:19	2022-07-07 11:25:00
1315	85055	False	False	False	False	False		False					2022-07-07 11:26:39	2022-07-07 11:26:39
1316	85344	False	False	False	False	False		False					2022-07-07 11:27:19	2022-07-07 11:27:19
1317	104069	False	False	False	False	False		False					2022-07-07 11:28:29	2022-07-07 11:28:29
1318	104068	False	False	True	False	False		False					2022-07-07 11:29:33	2022-07-07 11:29:33
1319	99474	False	False	True	False	False		False					2022-07-07 11:30:24	2022-07-07 11:30:24
1320	100368	False	False	True	False	False		False					2022-07-07 11:31:32	2022-07-07 11:31:32
1321	97372	False	False	False	False	False		False					2022-07-07 11:32:29	2022-07-07 11:32:29
1322	90528	False	False	False	False	False		False					2022-07-07 11:32:59	2022-07-07 11:32:59
1325	6631	False	False	True	False	False		False					2022-07-07 11:34:54	2022-07-07 11:34:54
1326	100327	False	False	False	True	False		False					2022-07-07 11:35:15	2022-07-07 11:35:15
1327	95457	False	False	False	False	False		False					2022-07-07 11:36:40	2022-07-07 11:36:40
1328	92858	True	False	True	False	False		False					2022-07-07 11:37:50	2022-07-07 11:37:50
1329	94657	False	False	False	False	False		False					2022-07-07 11:39:35	2022-07-07 11:39:35
1330	93750	True	False	False	False	False		False					2022-07-07 11:40:08	2022-07-07 11:40:08
1332	3664	False	False	False	False	False		False					2022-07-07 11:41:34	2022-07-07 11:41:34
1463	92516	False	False	False	True	False		False					2022-07-08 10:48:26	2022-07-08 10:48:26
1464	99807	True	False	False	False	False		False					2022-07-08 10:50:46	2022-07-08 10:50:46
1466	103055	False	False	False	False	False		False					2022-07-08 10:52:10	2022-07-08 10:52:10
1467	102482	True	False	False	False	False		False					2022-07-08 10:52:42	2022-07-08 10:52:42
1468	99201	False	False	False	False	False		False					2022-07-08 10:53:21	2022-07-08 10:53:21
1469	89735	True	False	False	False	False		False					2022-07-08 10:54:35	2022-07-08 10:54:35
1470	98731	False	False	False	False	False		False					2022-07-08 10:55:25	2022-07-08 10:55:25
1471	93090	False	False	False	False	False		False					2022-07-08 10:56:17	2022-07-08 10:56:17
1472	100303	False	False	False	True	False		False					2022-07-08 10:56:42	2022-07-08 10:56:42
1473	94850	False	False	False	False	False		False					2022-07-08 10:59:01	2022-07-08 10:59:01
1474	87297	False	False	False	False	False		False					2022-07-08 11:00:21	2022-07-08 11:00:21
7718	2625	False	False	False	True	False		False					2022-10-26 17:00:34	2022-10-26 17:00:34
7719	86979	False	False	False	True	False		False					2022-10-26 17:01:06	2022-10-26 17:01:06
7717	90305	False	False	False	False	False		False					2022-10-26 16:59:47	2022-10-26 16:59:47
