annotation_id	recording_id	is_low_quality	contains_human_speech	contains_unknown_birds	does_not_contain_birds	contains_birds_not_on_list	birds_not_on_list	has_boxes_for_all_bird_sounds	non_bird_area_x1	non_bird_area_x2	non_bird_area_y1	non_bird_area_y2	created	edited
53925	255898	False	True	False	True	False		False	0.06677350427350427	1.2419871794871795	4142.481617647059	5828.658088235295	2025-06-02 16:03:18	2025-06-02 16:03:18
53928	214382	False	True	False	True	False		False	9.618055555555555	11.39155982905983	1678.0698529411766	5893.511029411765	2025-06-02 16:29:55	2025-06-02 16:29:55
53926	214543	False	True	False	False	False		False	9.539304123711341	11.065077319587628	4215.441176470587	5447.64705882353	2025-06-02 16:10:53	2025-06-02 16:10:53
53922	226534	False	True	False	True	False		False	12.609508547008549	13.977029914529915	56.74632352941156	10692.62867647059	2025-06-02 16:00:38	2025-06-02 16:00:38
53960	216296	True	False	False	True	False		False					2025-06-05 19:08:34	2025-06-05 19:08:34
53962	113002	False	False	False	False	False		False					2025-06-05 19:10:18	2025-06-05 19:10:18
53959	212212	False	True	False	True	False		False					2025-06-05 19:08:26	2025-06-05 19:08:26
53964	213005	False	False	True	False	False		False					2025-06-05 19:10:55	2025-06-05 19:10:55
53966	108051	False	False	False	False	False		False					2025-06-05 19:12:38	2025-06-05 19:12:38
53968	214772	False	False	False	True	False		False					2025-06-05 19:13:49	2025-06-05 19:13:49
53961	107893	False	False	False	True	False		False					2025-06-05 19:08:52	2025-06-05 19:08:52
53963	118288	False	False	True	False	False		False					2025-06-05 19:10:32	2025-06-05 19:10:32
53967	214163	False	False	False	False	False		False					2025-06-05 19:13:39	2025-06-05 19:13:39
53924	171946	False	False	True	False	False		False					2025-06-02 16:02:46	2025-06-02 16:02:46
53927	171246	False	False	True	False	False		False					2025-06-02 16:28:04	2025-06-02 16:28:04
53930	216467	False	False	False	True	False		False					2025-06-02 16:31:33	2025-06-02 16:31:33
53933	117549	False	False	False	False	False		False					2025-06-03 17:07:51	2025-06-03 17:07:51
53934	207455	True	True	True	True	False		False					2025-06-03 17:08:21	2025-06-03 17:08:21
53939	215081	True	False	False	True	False		False					2025-06-03 17:18:09	2025-06-03 17:18:09
53940	206979	True	False	False	True	False		False					2025-06-03 17:18:22	2025-06-03 17:18:22
53956	112201	False	False	True	False	False		False					2025-06-03 17:29:24	2025-06-03 17:29:24
53958	215498	False	False	True	False	False		False					2025-06-05 19:08:13	2025-06-05 19:08:13
53965	209594	True	False	False	True	False		False					2025-06-05 19:11:05	2025-06-05 19:11:05
53931	209209	True	False	False	True	False		False					2025-06-02 16:32:11	2025-06-02 16:32:11
53932	109034	True	False	False	False	False		False					2025-06-02 16:35:36	2025-06-02 16:35:36
53937	211960	True	False	False	True	False		False					2025-06-03 17:17:46	2025-06-03 17:17:46
53942	214492	True	False	False	True	False		False					2025-06-03 17:19:20	2025-06-03 17:19:20
53949	210012	False	False	True	False	False		False					2025-06-03 17:27:09	2025-06-03 17:27:09
53929	110552	True	True	False	True	False		False					2025-06-02 16:30:17	2025-06-02 16:30:17
53938	116840	False	False	False	True	False		False					2025-06-03 17:18:01	2025-06-03 17:18:01
53945	206488	True	False	True	False	False		False					2025-06-03 17:21:52	2025-06-03 17:21:52
53955	106965	False	False	False	True	False		False					2025-06-03 17:29:17	2025-06-03 17:29:17
53923	220153	False	False	True	False	False		False					2025-06-02 16:01:53	2025-06-02 16:01:53
53935	112077	True	False	True	True	False		False					2025-06-03 17:08:43	2025-06-03 17:08:43
53936	111546	False	False	False	False	True		False					2025-06-03 17:17:33	2025-06-03 17:17:33
53941	112843	True	False	False	True	False		False					2025-06-03 17:18:34	2025-06-03 17:18:34
53943	210619	False	False	False	False	False		False					2025-06-03 17:21:17	2025-06-03 17:21:17
