annotation_id	recording_id	is_low_quality	contains_human_speech	contains_unknown_birds	does_not_contain_birds	contains_birds_not_on_list	birds_not_on_list	has_boxes_for_all_bird_sounds	non_bird_area_x1	non_bird_area_x2	non_bird_area_y1	non_bird_area_y2	created	edited
38288	94225	True	False	False	False	False		False					2024-03-21 12:28:22	2024-03-21 12:28:22
38296	3601	False	False	False	False	False		False					2024-03-21 14:08:27	2024-03-21 14:08:27
38310	3659	False	False	False	False	False		False					2024-03-21 14:20:53	2024-03-21 14:20:53
38313	81235	False	False	False	False	False		False					2024-03-21 14:23:02	2024-03-21 14:23:02
38378	3011	False	False	False	False	False		False					2024-03-22 14:08:48	2024-03-22 14:08:48
38394	2851	False	False	True	False	False		False					2024-03-22 14:24:22	2024-03-22 14:24:22
38395	93357	False	False	True	False	False		False					2024-03-22 14:25:11	2024-03-22 14:25:11
38396	93487	False	False	True	False	False		False					2024-03-22 14:25:55	2024-03-22 14:25:55
38397	3837	False	False	False	False	False		False					2024-03-22 14:27:19	2024-03-22 14:27:19
38401	93327	False	False	False	False	False		False					2024-03-22 14:36:05	2024-03-22 14:36:05
38551	93400	False	False	False	True	False		False					2024-03-26 08:38:02	2024-03-26 08:38:02
38553	81899	False	False	False	False	False		False					2024-03-26 08:41:17	2024-03-26 08:41:17
38558	93980	False	False	False	False	False		False					2024-03-26 08:45:12	2024-03-26 08:45:12
38559	93982	False	False	False	False	False		False					2024-03-26 08:45:44	2024-03-26 08:45:44
38566	3345	False	False	False	False	False		False					2024-03-26 08:53:27	2024-03-26 08:53:27
38570	93942	False	False	False	True	False		False					2024-03-26 08:57:09	2024-03-26 08:57:09
38232	86851	False	False	False	False	False		False					2024-03-20 08:53:23	2024-03-20 08:53:25
38287	93995	False	False	False	False	False		False					2024-03-21 12:27:25	2024-03-21 12:27:25
38289	2700	False	False	False	False	False		False					2024-03-21 13:59:27	2024-03-21 13:59:27
38290	81616	False	False	False	False	False		False					2024-03-21 14:01:00	2024-03-21 14:01:00
38291	4027	True	False	False	False	False		False					2024-03-21 14:01:25	2024-03-21 14:01:25
38292	3782	False	False	False	False	False		False					2024-03-21 14:01:51	2024-03-21 14:01:51
38293	2875	False	False	False	False	False		False					2024-03-21 14:04:14	2024-03-21 14:04:14
38294	81551	False	False	False	False	False		False					2024-03-21 14:05:18	2024-03-21 14:05:18
38304	81410	False	False	False	False	False		False					2024-03-21 14:17:52	2024-03-21 14:17:52
38305	4128	False	False	False	False	False		False					2024-03-21 14:18:40	2024-03-21 14:18:40
38306	93682	False	False	False	True	False		False					2024-03-21 14:19:11	2024-03-21 14:19:11
38307	82074	False	False	False	True	False		False					2024-03-21 14:19:24	2024-03-21 14:19:24
38309	81376	False	False	False	True	False		False					2024-03-21 14:19:42	2024-03-21 14:19:42
38311	81890	False	False	False	False	False		False					2024-03-21 14:21:33	2024-03-21 14:21:33
38314	4033	False	False	False	False	False		False					2024-03-21 14:24:29	2024-03-21 14:24:29
38315	81382	False	False	False	True	False		False					2024-03-21 14:24:52	2024-03-21 14:24:52
38377	93962	False	False	True	False	False		False					2024-03-22 14:07:51	2024-03-22 14:07:51
38379	94063	False	False	False	False	False		False					2024-03-22 14:09:23	2024-03-22 14:09:23
38380	93865	False	False	False	False	False		False					2024-03-22 14:12:31	2024-03-22 14:12:31
38381	81916	False	False	False	False	False		False					2024-03-22 14:13:14	2024-03-22 14:13:14
38383	3797	False	False	False	False	False		False					2024-03-22 14:14:25	2024-03-22 14:14:25
38384	93936	False	False	False	False	False		False					2024-03-22 14:16:08	2024-03-22 14:16:08
38385	81987	False	False	False	True	False		False					2024-03-22 14:16:21	2024-03-22 14:16:21
38386	4545	False	False	True	False	False		False					2024-03-22 14:17:23	2024-03-22 14:17:23
38387	2992	False	False	False	False	False		False					2024-03-22 14:18:37	2024-03-22 14:18:37
38389	93968	False	False	False	False	False		False					2024-03-22 14:20:13	2024-03-22 14:20:13
38391	94208	False	False	False	False	False		False					2024-03-22 14:21:22	2024-03-22 14:21:22
38392	3599	False	False	True	False	False		False					2024-03-22 14:22:40	2024-03-22 14:22:40
38398	81504	False	False	False	True	False		False					2024-03-22 14:27:33	2024-03-22 14:27:33
38399	93702	False	False	False	False	False		False					2024-03-22 14:31:55	2024-03-22 14:31:55
38400	93358	False	False	True	False	False		False					2024-03-22 14:33:20	2024-03-22 14:33:20
38402	2827	False	False	True	False	False		False					2024-03-22 14:36:34	2024-03-22 14:36:34
38403	93862	False	False	False	False	False		False					2024-03-22 14:37:05	2024-03-22 14:37:05
38404	3677	False	False	True	False	False		False					2024-03-22 14:37:20	2024-03-22 14:37:20
38405	81929	False	False	False	False	False		False					2024-03-22 14:38:23	2024-03-22 14:38:23
38550	2868	False	False	False	False	False		False					2024-03-26 08:37:17	2024-03-26 08:37:17
38552	93905	False	False	False	False	False		False					2024-03-26 08:40:24	2024-03-26 08:40:24
38554	81762	False	False	False	True	False		False					2024-03-26 08:41:32	2024-03-26 08:41:32
38555	3992	False	False	False	False	False		False					2024-03-26 08:42:15	2024-03-26 08:42:15
38556	81211	False	False	False	True	False		False					2024-03-26 08:42:27	2024-03-26 08:42:27
38557	3603	False	False	False	False	False		False					2024-03-26 08:44:44	2024-03-26 08:44:44
38560	3091	False	False	False	False	False		False					2024-03-26 08:48:28	2024-03-26 08:48:28
38561	3112	False	False	False	False	False		False					2024-03-26 08:48:51	2024-03-26 08:48:51
38563	81727	False	False	False	False	False		False					2024-03-26 08:50:29	2024-03-26 08:50:29
38564	3514	False	False	True	True	False		False					2024-03-26 08:51:00	2024-03-26 08:51:00
38565	3009	False	False	False	False	False		False					2024-03-26 08:52:09	2024-03-26 08:52:09
38567	4504	False	False	False	False	False		False					2024-03-26 08:54:34	2024-03-26 08:54:34
38568	4078	False	False	False	False	False		False					2024-03-26 08:56:12	2024-03-26 08:56:12
38569	3702	False	False	True	False	False		False					2024-03-26 08:56:56	2024-03-26 08:56:56
38571	3696	False	False	True	False	False		False					2024-03-26 09:03:25	2024-03-26 09:03:25
38572	93559	False	False	False	False	False		False					2024-03-26 09:03:51	2024-03-26 09:03:51
38573	3629	False	False	False	False	False		False					2024-03-26 09:04:12	2024-03-26 09:04:12
38574	93751	False	False	True	False	False		False					2024-03-26 09:04:25	2024-03-26 09:04:25
38575	94082	False	False	False	False	False		False					2024-03-26 09:05:01	2024-03-26 09:05:01
38576	81381	False	False	False	True	False		False					2024-03-26 09:05:14	2024-03-26 09:05:14
38583	4215	False	False	True	False	False		False					2024-03-26 09:28:35	2024-03-26 09:28:35
38584	3579	False	False	False	False	False		False					2024-03-26 09:28:59	2024-03-26 09:28:59
38585	82061	False	False	False	True	False		False					2024-03-26 09:29:17	2024-03-26 09:29:17
38586	93616	False	False	False	False	False		False					2024-03-26 09:29:36	2024-03-26 09:29:36
38587	93302	False	False	False	False	False		False					2024-03-26 09:30:21	2024-03-26 09:30:21
38588	81636	False	False	False	False	False		False					2024-03-26 09:31:03	2024-03-26 09:31:03
52985	276511	False	False	True	False	False		False					2025-03-03 20:30:19	2025-03-03 20:30:19
52996	276516	False	False	True	False	False		False					2025-03-06 23:25:29	2025-03-06 23:25:29
52999	276519	False	False	False	False	False		True					2025-03-06 23:45:25	2025-03-06 23:45:25
53002	276522	False	False	True	False	False		False					2025-03-07 11:57:12	2025-03-07 11:57:12
53005	276525	False	False	False	False	False		True					2025-03-07 13:09:18	2025-03-07 13:09:18
53020	276540	False	False	False	False	False		True					2025-03-10 17:57:18	2025-03-10 17:57:18
53028	276548	False	False	False	False	False		True					2025-03-10 22:08:40	2025-03-10 22:08:40
53032	276552	False	False	False	False	False		False					2025-03-11 11:51:48	2025-03-11 11:51:48
53048	276568	False	False	False	False	False		False					2025-03-12 18:00:46	2025-03-12 18:00:46
53049	276569	False	False	False	False	False		False					2025-03-12 18:15:54	2025-03-12 18:15:54
53055	276575	False	False	False	False	False		True					2025-03-12 20:29:25	2025-03-12 20:29:25
53061	276581	True	False	False	False	False		True					2025-03-14 00:16:52	2025-03-14 00:16:52
53073	276593	False	False	False	False	False		True					2025-03-18 12:43:30	2025-03-18 12:43:30
53075	276595	False	False	False	False	False		True					2025-03-18 13:06:23	2025-03-18 13:06:23
53077	276597	False	False	True	False	False		False					2025-03-18 13:11:15	2025-03-18 19:25:31
53136	276617	False	False	False	False	False		True					2025-03-23 13:13:43	2025-03-23 13:13:43
53140	276621	True	False	False	False	False		True					2025-03-23 13:43:21	2025-03-23 13:43:21
53143	276624	False	False	False	False	False		True					2025-03-23 15:49:24	2025-03-23 15:49:24
53171	276646	False	False	False	False	False		True					2025-03-24 11:52:41	2025-03-24 11:52:41
53173	276648	False	False	False	False	False		True					2025-03-24 12:30:00	2025-03-24 12:30:00
53177	276652	False	False	False	False	False		True					2025-03-25 20:09:32	2025-03-25 20:09:32
53178	276653	False	False	False	False	False		True					2025-03-25 20:30:05	2025-03-25 20:30:05
53180	276655	False	False	False	False	False		True					2025-03-25 21:18:12	2025-03-25 21:18:12
53183	276658	False	False	False	False	False		True					2025-03-25 23:43:20	2025-03-25 23:43:20
53191	276666	False	False	False	False	False		True					2025-03-27 07:20:28	2025-03-27 07:20:28
53200	276675	False	False	False	False	False		True					2025-03-27 10:24:03	2025-03-27 10:24:03
53240	276682	False	False	True	False	False		False					2025-03-28 09:41:46	2025-03-28 09:41:46
53244	276686	False	False	False	False	False		True					2025-03-28 10:10:02	2025-03-28 10:10:02
53246	276688	False	False	False	False	False		True					2025-03-28 10:34:50	2025-03-28 10:34:50
53255	276697	False	False	False	False	False		True					2025-03-28 12:02:59	2025-03-28 12:02:59
53004	276524	False	False	False	False	False		True					2025-03-07 12:33:38	2025-03-07 12:33:38
53006	276526	False	False	True	False	False		False					2025-03-07 13:31:03	2025-03-07 13:31:03
53009	276529	False	False	False	False	False		False					2025-03-08 12:37:48	2025-03-08 12:37:48
53011	276531	False	False	False	False	False		False					2025-03-08 13:00:49	2025-03-08 13:00:49
53013	276533	False	False	False	False	False		True					2025-03-08 13:23:29	2025-03-08 13:23:29
53026	276546	True	False	False	False	False		True					2025-03-10 21:32:39	2025-03-10 21:32:39
53030	276550	False	False	False	False	False		True					2025-03-11 00:08:27	2025-03-11 00:08:27
53034	276554	False	False	False	False	False		True					2025-03-11 12:34:03	2025-03-11 12:34:03
53038	276558	False	False	False	False	False		True					2025-03-11 15:41:21	2025-03-11 15:41:21
53046	276566	True	False	True	False	False		False					2025-03-12 17:34:28	2025-03-12 17:34:28
53053	276573	False	False	False	False	False		True					2025-03-12 20:16:32	2025-03-12 20:16:32
53060	276580	False	False	True	False	False		False					2025-03-13 23:58:06	2025-03-13 23:58:06
53063	276583	False	False	False	False	False		True					2025-03-15 16:00:26	2025-03-15 16:00:26
53064	276584	False	False	False	False	False		True					2025-03-15 16:02:18	2025-03-16 10:29:51
53071	276591	False	False	True	False	False		False					2025-03-18 11:16:55	2025-03-18 11:16:55
53072	276592	False	False	True	False	False		False					2025-03-18 11:17:50	2025-03-18 12:37:23
53076	276596	False	False	False	False	False		False					2025-03-18 13:09:30	2025-03-18 13:09:30
53080	276600	False	False	False	False	False		True					2025-03-18 20:39:07	2025-03-18 20:39:07
53082	276602	False	False	True	False	False		False					2025-03-19 15:16:25	2025-03-19 15:16:25
53132	276613	False	False	False	False	False		True					2025-03-22 09:20:27	2025-03-22 09:20:27
53133	276614	False	False	False	False	False		True					2025-03-22 09:29:59	2025-03-22 09:29:59
53135	276616	False	False	False	False	False		True					2025-03-22 10:02:27	2025-03-23 13:01:16
53138	276619	False	False	False	False	False		True					2025-03-23 13:31:41	2025-03-23 13:31:41
53147	276628	False	False	True	False	False		False					2025-03-23 16:42:52	2025-03-23 16:42:52
53158	276639	False	False	False	False	False		True					2025-03-23 19:31:30	2025-03-23 19:31:30
53167	276642	True	False	False	False	False		True					2025-03-24 11:14:33	2025-03-24 11:14:33
53175	276650	False	False	False	False	False		True					2025-03-25 09:01:49	2025-03-25 09:01:49
53197	276672	False	False	False	False	False		True					2025-03-27 08:19:14	2025-03-27 08:19:14
53199	276674	False	False	False	False	False		True					2025-03-27 08:36:13	2025-03-27 08:36:13
53204	276679	False	False	False	False	False		True					2025-03-27 10:48:57	2025-03-27 10:48:57
53239	276681	False	False	False	False	False		True					2025-03-28 09:30:29	2025-03-28 09:30:29
53250	276692	False	False	False	False	False		True					2025-03-28 11:11:41	2025-03-28 11:11:41
53252	276694	False	False	False	False	False		True					2025-03-28 11:29:39	2025-03-28 11:29:39
53261	276699	False	False	True	False	False		False					2025-03-29 10:13:02	2025-03-29 10:13:02
53273	276708	False	False	True	False	False		False					2025-04-01 16:57:24	2025-04-01 16:57:24
53274	276709	False	False	False	False	False		True					2025-04-01 17:06:04	2025-04-01 17:06:04
53275	276710	False	False	True	False	False		False					2025-04-01 17:22:00	2025-04-01 17:22:00
53277	276712	False	False	False	False	False		True					2025-04-01 17:53:37	2025-04-02 13:13:39
53278	276713	False	False	True	False	False		False					2025-04-02 16:55:36	2025-04-02 16:55:36
52964	276490	False	False	False	False	False		False					2025-02-25 13:00:42	2025-02-25 13:00:42
52965	276491	False	False	False	False	False		True					2025-02-25 14:11:41	2025-02-25 14:11:41
52969	276495	False	False	False	False	False		True					2025-02-27 00:24:54	2025-02-27 00:24:54
52970	276496	False	False	True	False	False		False					2025-02-27 11:51:07	2025-02-27 11:51:07
52971	276497	False	False	False	False	False		True					2025-02-27 12:08:13	2025-02-27 12:08:13
52972	276498	False	False	False	False	False		True					2025-02-27 12:20:35	2025-02-27 12:20:35
52973	276499	False	False	False	False	False		False					2025-03-02 21:36:48	2025-03-02 21:36:48
52974	276500	False	False	True	False	False		False					2025-03-02 22:13:45	2025-03-02 22:13:45
52975	276501	False	False	False	False	False		False					2025-03-02 22:22:53	2025-03-02 22:22:53
52976	276502	False	False	False	False	False		True					2025-03-02 22:30:48	2025-03-02 22:30:48
52977	276503	False	False	True	False	False		False					2025-03-02 23:31:30	2025-03-02 23:31:30
52978	276504	True	False	False	False	False		False					2025-03-02 23:53:55	2025-03-03 12:00:47
52979	276505	False	False	False	False	False		True					2025-03-03 12:14:36	2025-03-03 12:14:36
52980	276506	False	False	False	False	False		False					2025-03-03 12:27:53	2025-03-03 12:27:53
52982	276508	True	False	False	False	False		True					2025-03-03 12:55:02	2025-03-03 12:55:02
52984	276510	False	False	False	False	False		False					2025-03-03 19:58:30	2025-03-03 19:58:30
52986	276512	False	False	False	False	False		False					2025-03-03 21:42:13	2025-03-03 21:42:13
52987	276513	False	False	False	False	False		True					2025-03-03 22:27:06	2025-03-03 22:27:06
52988	276514	False	False	False	False	False		False					2025-03-03 23:50:23	2025-03-03 23:50:23
52997	276517	False	False	False	False	False		True					2025-03-06 23:31:54	2025-03-06 23:31:54
52998	276518	True	False	False	False	False		True					2025-03-06 23:37:02	2025-03-06 23:37:02
53001	276521	False	False	False	False	False		True					2025-03-07 11:36:17	2025-03-07 11:36:17
53003	276523	False	False	True	False	False		False					2025-03-07 12:13:50	2025-03-07 12:13:50
53008	276528	False	False	False	False	False		True					2025-03-08 12:30:31	2025-03-08 12:30:31
53012	276532	False	False	False	False	False		True					2025-03-08 13:12:02	2025-03-08 13:12:02
53014	276534	False	False	False	False	False		True					2025-03-08 13:40:13	2025-03-08 13:40:13
53015	276535	False	False	False	False	False		False					2025-03-08 14:01:00	2025-03-08 14:01:00
53016	276536	False	False	False	False	False		True					2025-03-09 15:43:21	2025-03-09 15:43:21
53018	276538	False	False	True	False	False		True					2025-03-09 15:55:47	2025-03-10 17:43:03
53019	276539	False	False	False	False	False		False					2025-03-10 17:48:28	2025-03-10 17:48:28
53021	276541	False	False	False	False	False		True					2025-03-10 18:55:12	2025-03-10 18:55:12
53023	276543	False	False	False	False	False		True					2025-03-10 19:07:57	2025-03-10 19:07:57
53025	276545	False	False	True	False	False		False					2025-03-10 21:20:49	2025-03-10 21:20:49
53027	276547	False	False	True	False	False		False					2025-03-10 21:44:52	2025-03-10 21:44:52
53031	276551	False	False	False	False	False		True					2025-03-11 00:41:10	2025-03-11 00:41:10
53033	276553	False	False	False	False	False		True					2025-03-11 12:10:05	2025-03-11 12:10:05
53035	276555	False	False	False	False	False		True					2025-03-11 12:56:49	2025-03-11 12:56:59
53036	276556	False	False	False	False	False		True					2025-03-11 13:31:49	2025-03-11 13:31:49
53039	276559	False	False	False	False	False		False					2025-03-11 17:38:57	2025-03-11 17:38:57
53040	276560	True	False	False	False	False		True					2025-03-11 17:41:22	2025-03-11 17:41:22
53042	276562	False	False	True	False	False		False					2025-03-12 11:55:35	2025-03-12 11:55:35
53044	276564	False	False	False	False	False		False					2025-03-12 17:09:43	2025-03-12 17:09:43
53045	276565	False	False	False	False	False		True					2025-03-12 17:23:52	2025-03-12 17:23:52
53051	276571	False	False	True	False	False		False					2025-03-12 19:57:58	2025-03-12 19:57:58
53052	276572	False	False	False	False	False		True					2025-03-12 20:07:18	2025-03-12 20:07:18
53056	276576	False	False	False	False	False		True					2025-03-12 20:57:45	2025-03-12 20:57:45
53057	276577	False	False	True	False	False		False					2025-03-12 20:58:42	2025-03-13 23:24:00
53058	276578	False	False	False	False	False		True					2025-03-13 23:33:24	2025-03-13 23:33:24
53062	276582	False	False	False	False	False		True					2025-03-15 14:59:16	2025-03-15 14:59:16
53065	276585	True	False	False	False	False		True					2025-03-16 10:38:19	2025-03-16 10:38:19
53066	276586	True	False	True	False	False		False					2025-03-17 23:55:54	2025-03-17 23:55:54
53067	276587	False	False	True	False	False		False					2025-03-18 00:07:49	2025-03-18 00:07:49
53074	276594	False	False	True	False	False		False					2025-03-18 12:49:14	2025-03-18 12:49:14
53078	276598	False	False	True	False	False		False					2025-03-18 19:37:24	2025-03-18 19:37:24
53079	276599	False	False	True	False	False		False					2025-03-18 20:30:51	2025-03-18 20:30:51
53089	276604	True	False	False	False	False		True					2025-03-19 15:41:27	2025-03-19 15:41:27
53094	276605	True	False	True	False	False		False					2025-03-19 15:48:18	2025-03-19 15:48:18
53102	276607	False	False	False	False	False		True					2025-03-19 16:01:10	2025-03-19 16:01:10
53105	276608	False	False	False	False	False		True					2025-03-19 16:06:09	2025-03-19 16:06:09
53106	276609	False	False	False	False	False		True					2025-03-19 16:06:27	2025-03-21 22:48:20
53129	276610	False	False	False	False	False		True					2025-03-22 08:43:50	2025-03-22 08:43:50
53130	276611	False	False	False	False	False		True					2025-03-22 08:58:39	2025-03-22 08:58:39
53131	276612	True	False	False	False	False		True					2025-03-22 09:09:26	2025-03-22 09:09:26
53134	276615	False	False	False	False	False		True					2025-03-22 09:51:49	2025-03-22 09:51:49
53139	276620	False	False	False	False	False		True					2025-03-23 13:42:00	2025-03-23 13:42:00
53141	276622	True	False	True	False	False		False					2025-03-23 13:53:12	2025-03-23 13:53:12
53144	276625	False	False	False	False	False		True					2025-03-23 16:02:20	2025-03-23 16:07:15
53145	276626	False	False	False	False	False		True					2025-03-23 16:19:35	2025-03-23 16:19:35
53148	276629	False	False	False	False	False		True					2025-03-23 16:49:39	2025-03-23 16:49:39
53149	276630	False	False	False	False	False		True					2025-03-23 16:59:38	2025-03-23 16:59:38
53150	276631	False	False	False	False	False		True					2025-03-23 17:07:32	2025-03-23 17:07:32
53152	276633	False	False	False	False	False		True					2025-03-23 18:42:13	2025-03-23 18:42:13
53153	276634	False	False	False	False	False		True					2025-03-23 18:51:47	2025-03-23 18:51:47
53154	276635	False	False	False	False	False		True					2025-03-23 18:56:48	2025-03-23 18:56:48
53166	276641	False	False	False	False	False		True					2025-03-24 11:12:00	2025-03-24 11:12:00
53168	276643	False	False	False	False	False		True					2025-03-24 11:22:33	2025-03-24 11:22:33
53169	276644	False	False	False	False	False		True					2025-03-24 11:36:15	2025-03-24 11:36:15
53174	276649	False	False	False	False	False		True					2025-03-24 12:35:23	2025-03-24 12:35:23
53176	276651	False	False	True	False	False		False					2025-03-25 09:15:27	2025-03-25 09:15:27
53179	276654	False	False	False	False	False		True					2025-03-25 21:08:59	2025-03-25 21:08:59
53182	276657	False	False	False	False	False		True					2025-03-25 23:30:24	2025-03-25 23:30:24
53186	276661	False	False	False	False	False		True					2025-03-26 21:02:30	2025-03-26 21:02:30
53187	276662	True	False	True	False	False		False					2025-03-26 21:09:48	2025-03-26 21:09:48
53189	276664	True	False	True	False	False		False					2025-03-26 21:21:05	2025-03-26 21:21:05
53190	276665	False	False	False	False	False		True					2025-03-27 07:15:23	2025-03-27 07:15:23
53192	276667	True	False	False	False	False		True					2025-03-27 07:27:40	2025-03-27 07:27:40
53193	276668	False	False	True	False	False		False					2025-03-27 07:38:37	2025-03-27 07:38:37
53195	276670	False	False	False	False	False		True					2025-03-27 07:50:20	2025-03-27 07:50:20
53196	276671	False	False	False	False	False		True					2025-03-27 07:58:18	2025-03-27 07:58:18
53198	276673	False	False	False	False	False		True					2025-03-27 08:28:32	2025-03-27 08:28:32
53201	276676	False	False	False	False	False		True					2025-03-27 10:25:59	2025-03-27 10:25:59
53202	276677	False	False	False	False	False		True					2025-03-27 10:30:00	2025-03-27 10:30:00
53203	276678	False	False	False	False	False		True					2025-03-27 10:36:28	2025-03-27 10:37:39
53238	276680	False	False	False	False	False		True					2025-03-28 09:17:02	2025-03-28 09:17:02
53241	276683	False	False	False	False	False		True					2025-03-28 09:51:00	2025-03-28 09:51:00
53243	276685	False	False	False	False	False		True					2025-03-28 09:59:55	2025-03-28 09:59:55
53245	276687	False	False	False	False	False		True					2025-03-28 10:15:35	2025-03-28 10:15:46
53247	276689	False	False	True	False	False		False					2025-03-28 10:38:53	2025-03-28 10:38:53
53249	276691	False	False	False	False	False		True					2025-03-28 11:03:49	2025-03-28 11:03:49
53251	276693	False	False	False	False	False		True					2025-03-28 11:28:09	2025-03-28 11:28:09
53253	276695	False	False	False	False	False		True					2025-03-28 11:43:22	2025-03-28 11:43:22
53254	276696	False	False	False	False	False		True					2025-03-28 11:54:02	2025-03-28 11:54:02
53256	276698	False	False	False	False	False		True					2025-03-28 12:24:27	2025-03-28 12:24:27
53262	276700	False	False	False	False	False		True					2025-03-29 10:34:15	2025-03-29 10:45:10
53263	276701	False	False	False	False	False		True					2025-03-29 10:54:33	2025-03-29 10:54:33
53264	276702	False	False	True	False	False		False					2025-03-29 11:01:38	2025-03-29 11:01:38
53265	276703	False	False	False	False	False		True					2025-03-29 11:09:43	2025-03-29 11:09:43
53267	276705	False	False	False	False	False		True					2025-03-29 11:30:53	2025-03-29 11:30:53
53268	276706	False	False	False	False	False		True					2025-03-29 11:50:30	2025-03-29 11:50:30
52963	276489	False	False	False	False	False		True					2025-02-25 12:41:28	2025-02-25 12:41:28
52966	276492	False	False	False	False	False		False					2025-02-26 23:42:27	2025-02-26 23:42:27
52967	276493	False	False	False	False	False		False					2025-02-27 00:05:05	2025-02-27 00:05:05
52968	276494	False	False	True	False	False		False					2025-02-27 00:13:15	2025-02-27 00:13:15
52981	276507	False	False	False	False	False		True					2025-03-03 12:33:12	2025-03-03 12:33:12
52983	276509	False	False	True	False	False		False					2025-03-03 19:41:03	2025-03-03 19:41:03
52995	276515	False	False	False	False	False		True					2025-03-06 07:52:50	2025-03-06 23:04:22
53269	276707	False	False	False	False	False		True					2025-03-29 11:53:15	2025-04-01 16:47:58
53276	276711	False	False	False	False	False		True					2025-04-01 17:28:12	2025-04-01 17:28:12
53280	276715	False	False	True	False	False		False					2025-04-02 17:07:03	2025-04-02 17:07:03
53281	276716	False	False	False	False	False		True					2025-04-02 17:19:12	2025-04-02 17:19:12
53297	276717	False	False	False	False	False		True					2025-04-04 17:19:48	2025-04-04 17:19:48
53298	276718	False	False	False	False	False		True					2025-04-04 17:42:14	2025-04-04 17:42:14
53000	276520	False	False	True	False	False		False					2025-03-07 00:30:29	2025-03-07 00:30:29
53007	276527	False	False	True	False	False		False					2025-03-08 12:23:54	2025-03-08 12:23:54
53010	276530	False	False	False	False	False		False					2025-03-08 12:51:07	2025-03-08 12:51:07
53017	276537	False	False	False	False	False		True					2025-03-09 15:52:38	2025-03-09 15:52:38
53022	276542	False	False	True	False	False		False					2025-03-10 19:01:35	2025-03-10 19:01:35
53024	276544	False	False	False	False	False		True					2025-03-10 19:37:14	2025-03-10 19:37:34
53029	276549	False	False	False	False	False		True					2025-03-10 23:58:43	2025-03-10 23:58:43
53037	276557	False	False	True	False	False		False					2025-03-11 15:34:23	2025-03-11 15:34:23
53041	276561	False	False	False	False	False		True					2025-03-11 17:57:35	2025-03-11 17:57:35
53043	276563	False	False	False	False	False		True					2025-03-12 12:06:38	2025-03-12 12:06:38
53047	276567	False	False	False	False	False		True					2025-03-12 17:44:01	2025-03-12 17:44:01
53050	276570	False	False	False	False	False		True					2025-03-12 19:10:08	2025-03-12 19:10:08
53054	276574	False	False	False	False	False		True					2025-03-12 20:24:13	2025-03-12 20:24:13
53059	276579	False	False	False	False	False		True					2025-03-13 23:40:39	2025-03-13 23:40:39
53068	276588	False	False	True	False	False		False					2025-03-18 00:18:38	2025-03-18 00:18:38
53069	276589	False	False	True	False	False		False					2025-03-18 00:23:05	2025-03-18 10:20:30
53070	276590	False	True	True	False	False		False					2025-03-18 10:34:17	2025-03-18 10:34:17
53081	276601	False	False	False	False	False		True					2025-03-18 20:50:47	2025-03-18 20:50:47
53083	276603	False	False	False	False	False		True					2025-03-19 15:30:42	2025-03-19 15:30:42
53097	276606	False	False	False	False	False		True					2025-03-19 15:54:01	2025-03-19 15:54:01
53137	276618	False	False	False	False	False		True					2025-03-23 13:25:12	2025-03-23 13:25:28
53142	276623	False	False	False	False	False		True					2025-03-23 13:59:57	2025-03-23 15:39:00
53146	276627	False	False	False	False	False		True					2025-03-23 16:26:25	2025-03-23 16:26:25
53151	276632	False	False	False	False	False		True					2025-03-23 17:18:23	2025-03-23 17:18:23
53155	276636	False	False	False	False	False		True					2025-03-23 19:05:45	2025-03-23 19:05:45
53156	276637	False	False	False	False	False		True					2025-03-23 19:14:45	2025-03-23 19:14:45
53157	276638	True	False	False	False	False		True					2025-03-23 19:21:32	2025-03-23 19:21:32
53159	276640	False	False	False	False	False		True					2025-03-23 19:34:11	2025-03-24 11:02:25
53170	276645	False	False	False	False	False		True					2025-03-24 11:43:50	2025-03-24 11:43:50
53172	276647	False	False	False	False	False		True					2025-03-24 11:55:04	2025-03-24 11:55:04
53181	276656	False	False	False	False	False		True					2025-03-25 23:21:47	2025-03-25 23:21:47
53184	276659	True	False	False	False	False		True					2025-03-25 23:48:08	2025-03-25 23:48:08
53185	276660	False	False	False	False	False		True					2025-03-26 20:58:49	2025-03-26 20:58:49
53188	276663	True	False	True	False	False		False					2025-03-26 21:13:31	2025-03-26 21:13:31
53194	276669	False	False	False	False	False		True					2025-03-27 07:44:20	2025-03-27 07:44:20
53242	276684	False	False	False	False	False		True					2025-03-28 09:53:19	2025-03-28 09:53:19
53248	276690	False	False	False	False	False		True					2025-03-28 10:52:02	2025-03-28 10:52:02
53266	276704	False	False	False	False	False		True					2025-03-29 11:19:33	2025-03-29 11:19:33
53279	276714	True	False	False	False	False		True					2025-04-02 16:57:21	2025-04-02 16:57:21
