annotation_id	recording_id	is_low_quality	contains_human_speech	contains_unknown_birds	does_not_contain_birds	contains_birds_not_on_list	birds_not_on_list	has_boxes_for_all_bird_sounds	non_bird_area_x1	non_bird_area_x2	non_bird_area_y1	non_bird_area_y2	created	edited
49915	261987	True	False	False	False	False		False	57.80531609195402	59.93175287356322	1751.0294117647059	3307.5000000000005	2024-11-13 08:51:28	2024-11-13 08:51:28
45361	244863	False	True	False	False	False		False	4.573269272438367	9.072498856413713	0.0	1277.632073396762	2024-08-06 13:25:34	2024-08-06 13:25:34
25241	84333	False	False	False	False	False		False					2023-08-03 12:27:02	2023-08-03 12:27:02
25246	84775	False	False	False	False	False		False					2023-08-03 12:31:53	2023-08-03 12:31:53
25245	84825	False	False	False	False	False		False					2023-08-03 12:31:22	2023-08-03 12:31:22
25250	84745	False	False	False	False	False		False					2023-08-03 12:33:21	2023-08-03 12:33:21
25251	84850	False	False	False	False	False		False					2023-08-03 12:33:52	2023-08-03 12:33:52
25252	84781	False	False	False	False	False		False					2023-08-03 12:34:25	2023-08-03 12:34:25
25253	6195	False	False	False	True	False		False					2023-08-03 12:35:03	2023-08-03 12:35:03
25254	6545	False	False	False	False	False		False					2023-08-03 12:35:51	2023-08-03 12:35:51
25256	6523	False	False	False	False	False		False					2023-08-03 12:36:53	2023-08-03 12:36:53
25259	84657	False	False	False	False	False		False					2023-08-03 12:38:53	2023-08-03 12:38:53
25237	84314	False	False	False	False	False		False					2023-08-03 12:19:36	2023-08-03 12:19:36
25239	84420	False	False	False	False	False		False					2023-08-03 12:23:42	2023-08-03 12:23:42
25240	84389	False	False	False	False	False		False					2023-08-03 12:25:38	2023-08-03 12:25:38
25242	84321	False	False	False	False	False		False					2023-08-03 12:27:42	2023-08-03 12:27:42
25249	84738	False	False	False	False	False		False					2023-08-03 12:32:57	2023-08-03 12:32:57
25255	6259	False	False	False	True	False		False					2023-08-03 12:36:08	2023-08-03 12:36:08
25257	184867	True	True	False	False	False		False					2023-08-03 12:37:26	2023-08-03 12:37:39
25260	2592	True	False	False	False	False		False					2023-08-03 12:39:18	2023-08-03 12:39:18
45538	244679	True	False	False	False	False		False					2024-08-08 11:44:50	2024-08-08 11:44:50
45539	244680	True	False	False	False	False		True					2024-08-08 11:45:24	2024-08-08 11:45:24
45543	244684	False	False	False	False	False		False					2024-08-08 11:50:24	2024-08-08 11:50:24
45547	244688	True	False	False	False	False		False					2024-08-08 11:53:03	2024-08-08 11:53:03
45548	244689	True	False	False	False	False		False					2024-08-08 11:57:17	2024-08-08 11:57:17
45549	244690	True	False	False	False	False		False					2024-08-08 11:57:45	2024-08-08 11:57:45
45550	244691	True	False	False	False	False		False					2024-08-08 11:58:22	2024-08-08 11:58:22
45551	244692	True	False	False	False	False		False					2024-08-08 11:59:32	2024-08-08 11:59:32
45552	244693	False	False	False	False	False		True					2024-08-08 12:01:29	2024-08-08 12:01:29
45553	244724	False	False	False	False	False		True					2024-08-08 12:02:30	2024-08-08 12:02:30
45554	244725	False	False	False	False	False		True					2024-08-08 12:03:34	2024-08-08 12:03:34
45557	244728	False	False	False	False	False		True					2024-08-08 12:08:12	2024-08-08 12:08:12
45558	244729	False	False	False	False	False		True					2024-08-08 12:09:07	2024-08-08 12:09:07
45559	244730	False	False	False	False	False		False					2024-08-08 12:10:22	2024-08-08 12:10:22
45560	244731	False	False	False	False	False		True					2024-08-08 12:11:06	2024-08-08 12:11:06
45567	244738	False	False	False	False	False		False					2024-08-08 12:17:43	2024-08-08 12:17:43
45570	244831	False	False	False	False	False		False					2024-08-08 12:30:37	2024-08-08 12:30:37
45571	244832	False	False	False	False	False		False					2024-08-08 12:34:13	2024-08-08 12:34:13
45572	244833	False	False	False	False	False		False					2024-08-08 12:37:54	2024-08-08 12:37:54
45574	244835	False	False	False	False	False		False					2024-08-08 12:45:30	2024-08-08 12:45:30
45578	244839	False	False	False	False	False		False					2024-08-08 13:03:14	2024-08-08 13:03:14
45580	244841	False	False	False	False	False		False					2024-08-08 13:08:46	2024-08-08 13:08:46
45586	244772	False	False	False	False	False		True					2024-08-08 14:46:49	2024-08-08 14:46:49
45588	244774	False	False	False	False	False		True					2024-08-08 14:50:14	2024-08-08 14:50:14
45591	244777	False	False	False	False	False		True					2024-08-08 14:57:10	2024-08-08 14:57:10
45593	244779	False	False	False	False	False		False					2024-08-08 15:02:13	2024-08-08 15:02:13
45594	244780	False	False	False	False	False		False					2024-08-08 15:04:43	2024-08-08 15:04:43
45595	244781	False	False	False	False	False		False					2024-08-08 15:06:44	2024-08-08 15:06:44
45597	244783	False	False	False	False	False		False					2024-08-08 15:11:02	2024-08-08 15:11:02
45599	244785	False	False	False	False	False		False					2024-08-08 15:13:49	2024-08-08 15:13:49
45600	244786	False	False	False	False	False		True					2024-08-08 15:15:41	2024-08-08 15:15:41
45602	244788	False	False	False	False	False		False					2024-08-08 15:18:20	2024-08-08 15:18:20
45343	244635	True	False	False	False	False		False					2024-08-06 11:18:14	2024-08-06 11:18:14
45344	244636	True	False	False	False	False		False					2024-08-06 11:21:26	2024-08-06 11:21:26
45348	244640	False	False	False	False	False		True					2024-08-06 11:27:26	2024-08-06 11:27:26
45351	244643	False	False	False	False	False		True					2024-08-06 11:35:13	2024-08-06 11:35:13
45353	244645	False	False	False	False	False		True					2024-08-06 11:37:54	2024-08-06 11:37:54
45354	244646	True	False	False	False	False		False					2024-08-06 11:38:22	2024-08-06 11:38:22
45357	244859	False	False	False	False	False		False					2024-08-06 11:43:28	2024-08-06 11:43:28
45360	244862	False	False	False	False	False		False					2024-08-06 13:21:57	2024-08-06 13:21:57
45363	244865	False	False	False	False	False		False					2024-08-06 13:30:39	2024-08-06 13:30:39
45364	244866	False	False	False	False	False		False					2024-08-06 13:31:19	2024-08-06 13:31:19
45365	244867	False	False	False	False	False		False					2024-08-06 13:32:19	2024-08-06 13:32:19
45367	244869	False	False	False	False	False		False					2024-08-06 13:35:17	2024-08-06 13:35:17
45368	244870	False	False	False	False	False		False					2024-08-06 13:36:31	2024-08-06 13:36:31
45369	244871	False	False	False	False	False		False					2024-08-06 13:38:25	2024-08-06 13:38:25
45370	244872	False	False	False	False	False		True					2024-08-06 14:52:10	2024-08-06 14:52:10
45374	244921	False	False	False	False	False		True					2024-08-06 15:09:46	2024-08-06 15:09:46
45375	244922	False	False	False	False	False		False					2024-08-06 15:17:58	2024-08-06 15:17:58
45377	244924	False	False	False	False	False		False					2024-08-06 15:24:43	2024-08-06 15:24:43
45380	244927	True	False	False	False	False		False					2024-08-06 15:30:03	2024-08-06 15:30:03
45382	244929	True	False	False	False	False		False					2024-08-06 15:31:12	2024-08-06 15:31:12
45383	244930	True	False	False	False	False		False					2024-08-06 15:32:26	2024-08-06 15:32:26
45385	244932	False	False	False	False	False		False					2024-08-06 15:37:58	2024-08-06 15:37:58
45386	244933	False	False	False	False	False		False					2024-08-06 15:39:29	2024-08-06 15:39:29
45387	244664	False	False	False	False	False		False					2024-08-06 15:41:29	2024-08-06 15:41:29
45388	244665	False	False	False	False	False		True					2024-08-06 15:42:15	2024-08-06 15:42:15
45389	244666	True	False	False	False	False		True					2024-08-06 15:42:39	2024-08-06 15:42:39
45390	244667	True	False	False	False	False		True					2024-08-06 15:43:22	2024-08-06 15:43:22
45391	244668	True	False	False	False	False		False					2024-08-06 15:44:14	2024-08-06 15:44:14
45393	244670	False	False	False	False	False		True					2024-08-06 15:46:48	2024-08-06 15:46:48
45394	244671	False	False	False	False	False		False					2024-08-06 15:48:34	2024-08-06 15:48:34
45397	244674	True	False	False	False	False		True					2024-08-06 15:51:28	2024-08-06 15:51:28
45398	244675	True	False	False	False	False		False					2024-08-06 15:51:59	2024-08-06 15:51:59
45400	244677	True	False	False	False	False		False					2024-08-06 15:54:51	2024-08-06 15:54:51
45404	244816	True	False	False	False	False		True					2024-08-06 15:59:14	2024-08-06 15:59:14
45407	244819	False	False	False	False	False		False					2024-08-06 16:02:35	2024-08-06 16:02:35
45408	244820	False	False	False	False	False		True					2024-08-06 16:03:32	2024-08-06 16:03:32
45409	244821	False	False	False	False	False		False					2024-08-06 16:04:49	2024-08-06 16:04:49
45410	244822	False	False	False	False	False		True					2024-08-07 10:08:47	2024-08-07 10:08:47
45411	244823	False	False	False	False	False		False					2024-08-07 10:09:18	2024-08-07 10:09:18
45414	244826	True	False	False	False	False		False					2024-08-07 10:11:49	2024-08-07 10:11:49
45415	244827	False	False	False	False	False		False					2024-08-07 10:13:46	2024-08-07 10:13:46
45416	244828	False	False	False	False	False		False					2024-08-07 10:14:41	2024-08-07 10:14:41
45419	244651	True	False	False	False	False		False					2024-08-07 10:18:27	2024-08-07 10:18:27
45420	244652	True	False	False	False	False		False					2024-08-07 10:18:54	2024-08-07 10:18:54
45421	244653	True	False	False	False	False		False					2024-08-07 10:19:22	2024-08-07 10:19:22
45422	244654	True	False	False	False	False		False					2024-08-07 10:20:52	2024-08-07 10:20:52
45424	244656	True	False	False	False	False		False					2024-08-07 10:22:03	2024-08-07 10:22:03
45425	244657	True	False	False	False	False		False					2024-08-07 10:22:24	2024-08-07 10:22:24
45427	244659	True	False	False	False	False		False					2024-08-07 10:23:07	2024-08-07 10:23:07
45428	244660	True	False	False	False	False		False					2024-08-07 10:23:35	2024-08-07 10:23:35
45429	244661	True	False	False	False	False		False					2024-08-07 10:24:52	2024-08-07 10:24:52
45435	244712	False	False	False	False	False		False					2024-08-07 10:32:30	2024-08-07 10:32:30
45437	244714	False	False	False	False	False		False					2024-08-07 10:35:07	2024-08-07 10:35:07
45438	244715	False	False	False	False	False		False					2024-08-07 10:37:01	2024-08-07 10:37:01
45440	244717	False	False	False	False	False		False					2024-08-07 10:39:18	2024-08-07 10:39:18
45448	244695	False	False	False	False	False		True					2024-08-07 10:51:26	2024-08-07 10:51:26
45450	244697	False	False	False	False	False		True					2024-08-07 10:56:12	2024-08-07 10:56:12
45451	244698	False	False	False	False	False		False					2024-08-07 10:57:23	2024-08-07 10:57:23
45452	244699	False	False	False	False	False		False					2024-08-07 11:00:10	2024-08-07 11:00:10
45453	244700	False	False	False	False	False		False					2024-08-07 11:02:58	2024-08-07 11:02:58
45454	244701	False	False	False	False	False		False					2024-08-07 11:04:55	2024-08-07 11:04:55
45456	244703	False	False	False	False	False		False					2024-08-07 11:09:58	2024-08-07 11:09:58
45461	244708	False	False	False	False	False		False					2024-08-07 11:17:21	2024-08-07 11:17:21
45463	244800	False	False	False	False	False		False					2024-08-07 11:20:08	2024-08-07 11:20:08
45465	244802	False	False	False	False	False		False					2024-08-07 11:24:27	2024-08-07 11:24:27
45466	244803	False	False	False	False	False		False					2024-08-07 11:26:43	2024-08-07 11:26:43
45467	244804	False	False	False	False	False		False					2024-08-07 11:29:25	2024-08-07 11:29:25
45469	244806	False	False	False	False	False		False					2024-08-07 11:32:32	2024-08-07 11:32:32
45471	244808	False	False	False	False	False		False					2024-08-07 11:36:49	2024-08-07 11:36:49
45472	244809	False	False	False	False	False		False					2024-08-07 11:38:33	2024-08-07 11:38:33
45475	244812	False	False	False	False	False		False					2024-08-07 11:53:12	2024-08-07 11:53:12
45480	244757	False	False	False	False	False		False					2024-08-07 12:27:08	2024-08-07 12:27:08
45484	244761	False	False	False	False	False		False					2024-08-07 12:41:45	2024-08-07 12:41:45
45486	244763	False	False	False	False	False		False					2024-08-07 14:17:13	2024-08-07 14:17:13
45487	244764	False	False	False	False	False		False					2024-08-07 14:18:29	2024-08-07 14:18:29
45488	244765	False	False	False	False	False		False					2024-08-07 14:21:44	2024-08-07 14:21:44
45489	244766	False	False	False	False	False		False					2024-08-07 14:23:44	2024-08-07 14:23:44
45492	244889	False	False	False	False	False		True					2024-08-07 14:29:36	2024-08-07 14:29:36
45494	244891	True	False	False	False	False		False					2024-08-07 14:32:55	2024-08-07 14:32:55
45495	244892	True	False	False	False	False		False					2024-08-07 14:33:20	2024-08-07 14:33:20
45497	244894	False	False	False	False	False		False					2024-08-07 14:37:02	2024-08-07 14:37:02
45500	244897	False	False	False	False	False		False					2024-08-07 14:50:06	2024-08-07 14:50:06
45506	244903	True	False	False	False	False		True					2024-08-07 14:58:40	2024-08-07 14:58:40
45507	245234	False	False	False	False	False		False					2024-08-07 15:01:38	2024-08-07 15:01:38
45510	245236	False	False	False	False	False		True					2024-08-08 10:47:49	2024-08-08 10:47:49
45511	245237	True	False	False	False	False		False					2024-08-08 10:49:17	2024-08-08 10:49:17
45512	245238	True	False	False	False	False		False					2024-08-08 10:50:17	2024-08-08 10:50:17
45515	245241	False	False	False	False	False		True					2024-08-08 10:52:31	2024-08-08 10:52:31
45516	245242	False	False	False	False	False		False					2024-08-08 10:53:29	2024-08-08 10:53:29
45518	245244	True	False	False	False	False		True					2024-08-08 10:56:15	2024-08-08 10:59:03
45521	245247	False	False	False	False	False		False					2024-08-08 11:05:06	2024-08-08 11:05:06
45522	245248	False	False	False	False	False		True					2024-08-08 11:05:40	2024-08-08 11:05:40
45526	244742	False	False	False	False	False		True					2024-08-08 11:15:49	2024-08-08 11:15:49
45527	244743	False	False	False	False	False		True					2024-08-08 11:17:51	2024-08-08 11:17:51
45528	244744	False	False	False	False	False		True					2024-08-08 11:21:15	2024-08-08 11:21:15
45530	244746	False	False	False	False	False		False					2024-08-08 11:26:21	2024-08-08 11:26:21
45531	244747	True	False	False	False	False		True					2024-08-08 11:30:02	2024-08-08 11:30:02
45532	244748	False	False	False	False	False		True					2024-08-08 11:33:50	2024-08-08 11:33:50
45535	244751	False	False	False	False	False		True					2024-08-08 11:40:42	2024-08-08 11:41:15
45536	244752	False	False	False	False	False		False					2024-08-08 11:42:19	2024-08-08 11:42:19
45342	244634	False	False	False	False	False		False					2024-08-06 11:15:50	2024-08-06 11:15:50
45345	244637	False	False	False	False	False		False					2024-08-06 11:23:04	2024-08-06 11:23:04
45346	244638	True	False	False	False	False		True					2024-08-06 11:23:50	2024-08-06 11:23:50
45347	244639	False	False	False	False	False		False					2024-08-06 11:26:02	2024-08-06 11:26:02
45349	244641	True	False	False	False	False		False					2024-08-06 11:28:11	2024-08-06 11:28:11
45350	244642	True	False	False	False	False		True					2024-08-06 11:31:46	2024-08-06 11:31:46
45352	244644	True	False	False	False	False		False					2024-08-06 11:35:36	2024-08-06 11:35:36
45355	244647	True	False	False	False	False		False					2024-08-06 11:38:43	2024-08-06 11:38:43
45356	244648	True	False	False	False	False		False					2024-08-06 11:39:47	2024-08-06 11:39:47
45358	244860	False	False	False	False	False		True					2024-08-06 13:08:17	2024-08-06 13:18:22
45359	244861	False	False	False	False	False		False					2024-08-06 13:19:57	2024-08-06 13:19:57
45362	244864	True	False	False	False	False		False					2024-08-06 13:26:42	2024-08-06 13:26:42
45366	244868	True	False	False	False	False		False					2024-08-06 13:33:56	2024-08-06 13:33:56
45371	244873	False	False	False	False	False		False					2024-08-06 14:57:31	2024-08-06 14:57:31
45376	244923	False	False	False	False	False		False					2024-08-06 15:20:59	2024-08-06 15:20:59
45379	244926	True	False	False	False	False		False					2024-08-06 15:28:17	2024-08-06 15:28:17
45381	244928	True	False	False	False	False		True					2024-08-06 15:30:57	2024-08-06 15:30:57
45384	244931	True	False	False	False	False		False					2024-08-06 15:35:40	2024-08-06 15:35:40
45395	244672	True	False	False	False	False		False					2024-08-06 15:49:11	2024-08-06 15:49:11
45399	244676	False	False	False	False	False		True					2024-08-06 15:53:42	2024-08-06 15:53:42
45401	244678	True	False	False	False	False		True					2024-08-06 15:56:36	2024-08-06 15:56:36
45405	244817	False	False	False	False	False		True					2024-08-06 16:00:46	2024-08-06 16:01:05
45406	244818	False	False	False	False	False		False					2024-08-06 16:01:57	2024-08-06 16:01:57
45417	244649	False	False	False	False	False		False					2024-08-07 10:16:24	2024-08-07 10:16:24
45418	244650	False	False	False	False	False		False					2024-08-07 10:17:51	2024-08-07 10:17:51
45436	244713	False	False	False	False	False		False					2024-08-07 10:33:53	2024-08-07 10:33:53
45442	244719	False	False	False	False	False		False					2024-08-07 10:43:35	2024-08-07 10:43:35
45443	244720	False	False	False	False	False		False					2024-08-07 10:45:18	2024-08-07 10:45:18
45444	244721	False	False	False	False	False		False					2024-08-07 10:46:17	2024-08-07 10:46:17
45445	244722	False	False	False	False	False		False					2024-08-07 10:47:31	2024-08-07 10:47:31
45457	244704	False	False	False	False	False		False					2024-08-07 11:11:37	2024-08-07 11:11:37
45459	244706	False	False	False	False	False		False					2024-08-07 11:15:13	2024-08-07 11:15:13
45470	244807	False	False	False	False	False		False					2024-08-07 11:34:12	2024-08-07 11:34:12
45473	244810	False	False	False	False	False		True					2024-08-07 11:40:40	2024-08-07 11:40:40
45476	244813	False	False	False	False	False		True					2024-08-07 12:17:53	2024-08-07 12:17:53
45478	244755	True	False	False	False	False		False					2024-08-07 12:20:32	2024-08-07 12:20:32
45479	244756	False	False	False	False	False		False					2024-08-07 12:22:15	2024-08-07 12:22:15
45481	244758	False	False	False	False	False		False					2024-08-07 12:29:36	2024-08-07 12:29:36
45483	244760	False	False	False	False	False		False					2024-08-07 12:36:39	2024-08-07 12:36:39
45485	244762	False	False	False	False	False		False					2024-08-07 14:14:12	2024-08-07 14:14:12
45491	244768	False	False	False	False	False		False					2024-08-07 14:27:37	2024-08-07 14:27:37
45493	244890	False	False	False	False	False		True					2024-08-07 14:32:34	2024-08-07 14:32:34
45498	244895	False	False	False	False	False		True					2024-08-07 14:41:10	2024-08-07 14:44:25
45501	244898	False	False	False	False	False		False					2024-08-07 14:52:03	2024-08-07 14:52:03
45503	244900	False	False	False	False	False		False					2024-08-07 14:54:08	2024-08-07 14:55:29
45504	244901	False	False	False	False	False		False					2024-08-07 14:56:15	2024-08-07 14:56:15
45520	245246	False	False	False	False	False		False					2024-08-08 11:03:53	2024-08-08 11:03:53
45524	244740	False	False	False	False	False		True					2024-08-08 11:10:02	2024-08-08 11:10:02
45534	244750	False	False	False	False	False		False					2024-08-08 11:38:29	2024-08-08 11:38:29
45540	244681	True	False	False	False	False		False					2024-08-08 11:46:29	2024-08-08 11:46:29
45541	244682	True	False	False	False	False		True					2024-08-08 11:47:02	2024-08-08 11:47:02
45542	244683	True	False	False	False	False		True					2024-08-08 11:47:49	2024-08-08 11:47:49
45544	244685	True	False	False	False	False		False					2024-08-08 11:50:43	2024-08-08 11:50:43
45545	244686	True	False	False	False	False		False					2024-08-08 11:51:43	2024-08-08 11:51:43
45546	244687	True	False	False	False	False		False					2024-08-08 11:52:13	2024-08-08 11:52:13
45555	244726	False	False	False	False	False		False					2024-08-08 12:05:32	2024-08-08 12:05:32
45561	244732	False	False	False	False	False		False					2024-08-08 12:12:11	2024-08-08 12:12:11
45562	244733	False	False	False	False	False		False					2024-08-08 12:12:48	2024-08-08 12:12:48
45568	244829	False	False	False	False	False		False					2024-08-08 12:21:42	2024-08-08 12:21:42
45569	244830	False	False	False	False	False		False					2024-08-08 12:27:00	2024-08-08 12:27:00
45573	244834	False	False	False	False	False		False					2024-08-08 12:40:22	2024-08-08 12:41:22
45575	244836	False	False	False	False	False		True					2024-08-08 12:50:25	2024-08-08 12:50:25
45576	244837	False	False	False	False	False		False					2024-08-08 12:54:09	2024-08-08 12:54:09
45583	244769	True	False	False	False	False		False					2024-08-08 13:12:03	2024-08-08 13:12:03
45584	244770	False	False	False	False	False		False					2024-08-08 13:53:32	2024-08-08 13:53:32
45585	244771	False	False	False	False	False		True					2024-08-08 14:44:54	2024-08-08 14:44:54
45587	244773	False	False	False	False	False		False					2024-08-08 14:48:03	2024-08-08 14:48:03
45589	244775	False	False	False	False	False		False					2024-08-08 14:53:03	2024-08-08 14:53:03
45590	244776	False	False	False	False	False		False					2024-08-08 14:55:07	2024-08-08 14:55:07
45592	244778	False	False	False	False	False		False					2024-08-08 14:59:05	2024-08-08 14:59:43
45372	244919	False	False	False	False	False		True					2024-08-06 15:02:07	2024-08-06 15:02:07
45373	244920	False	False	False	False	False		False					2024-08-06 15:05:17	2024-08-06 15:05:17
45378	244925	True	False	False	False	False		False					2024-08-06 15:25:12	2024-08-06 15:25:12
45392	244669	False	False	False	False	False		False					2024-08-06 15:45:59	2024-08-06 15:45:59
45396	244673	True	False	False	False	False		False					2024-08-06 15:49:54	2024-08-06 15:49:54
45402	244814	False	False	False	False	False		False					2024-08-06 15:57:28	2024-08-06 15:57:28
45403	244815	True	False	False	False	False		False					2024-08-06 15:58:06	2024-08-06 15:58:06
45412	244824	False	False	False	False	False		False					2024-08-07 10:10:35	2024-08-07 10:10:35
45413	244825	False	False	False	False	False		False					2024-08-07 10:11:19	2024-08-07 10:11:19
45423	244655	True	False	False	False	False		False					2024-08-07 10:21:41	2024-08-07 10:21:41
45426	244658	True	False	False	False	False		False					2024-08-07 10:22:42	2024-08-07 10:22:42
45430	244662	True	False	False	False	False		False					2024-08-07 10:25:13	2024-08-07 10:25:13
45431	244663	False	False	False	False	False		False					2024-08-07 10:25:54	2024-08-07 10:25:54
45432	244709	False	False	False	False	False		False					2024-08-07 10:28:11	2024-08-07 10:28:11
45433	244710	False	False	False	False	False		False					2024-08-07 10:30:13	2024-08-07 10:30:13
45434	244711	False	False	False	False	False		False					2024-08-07 10:31:02	2024-08-07 10:31:02
45439	244716	False	False	False	False	False		False					2024-08-07 10:37:35	2024-08-07 10:37:35
45441	244718	False	False	False	False	False		False					2024-08-07 10:42:09	2024-08-07 10:42:09
45447	244694	False	False	False	False	False		False					2024-08-07 10:48:43	2024-08-07 10:48:43
45449	244696	False	False	False	False	False		False					2024-08-07 10:54:02	2024-08-07 10:54:02
45455	244702	False	False	False	False	False		False					2024-08-07 11:08:24	2024-08-07 11:08:24
45458	244705	False	False	False	False	False		False					2024-08-07 11:13:26	2024-08-07 11:13:26
45460	244707	False	False	False	False	False		False					2024-08-07 11:16:16	2024-08-07 11:16:16
45462	244799	False	False	False	False	False		False					2024-08-07 11:18:17	2024-08-07 11:18:17
45464	244801	False	False	False	False	False		False					2024-08-07 11:21:48	2024-08-07 11:21:48
45468	244805	False	False	False	False	False		False					2024-08-07 11:31:03	2024-08-07 11:31:03
45474	244811	False	False	False	False	False		False					2024-08-07 11:51:18	2024-08-07 11:51:18
45477	244754	True	False	False	False	False		True					2024-08-07 12:18:34	2024-08-07 12:18:34
45482	244759	False	False	False	False	False		True					2024-08-07 12:32:14	2024-08-07 12:32:14
45490	244767	False	False	False	False	False		True					2024-08-07 14:26:28	2024-08-07 14:26:28
45496	244893	True	False	False	False	False		False					2024-08-07 14:35:58	2024-08-07 14:35:58
45499	244896	False	False	False	False	False		False					2024-08-07 14:47:36	2024-08-07 14:47:36
45502	244899	False	False	False	False	False		False					2024-08-07 14:53:03	2024-08-07 14:53:03
45505	244902	False	False	False	False	False		True					2024-08-07 14:56:44	2024-08-07 14:56:44
45509	245235	False	False	False	False	False		True					2024-08-08 10:45:45	2024-08-08 10:45:45
45513	245239	False	False	False	False	False		False					2024-08-08 10:50:57	2024-08-08 10:50:57
45514	245240	False	False	False	False	False		False					2024-08-08 10:51:19	2024-08-08 10:51:19
45517	245243	False	False	False	False	False		True					2024-08-08 10:55:30	2024-08-08 10:55:30
45519	245245	False	False	False	False	False		False					2024-08-08 11:01:35	2024-08-08 11:01:35
45523	244739	True	False	False	False	False		True					2024-08-08 11:07:47	2024-08-08 11:07:47
45525	244741	False	False	False	False	False		True					2024-08-08 11:13:38	2024-08-08 11:13:38
45529	244745	False	False	False	False	False		False					2024-08-08 11:24:32	2024-08-08 11:24:32
45533	244749	False	False	False	False	False		False					2024-08-08 11:36:14	2024-08-08 11:36:14
45537	244753	False	False	False	False	False		False					2024-08-08 11:44:09	2024-08-08 11:44:09
45556	244727	False	False	False	False	False		True					2024-08-08 12:06:45	2024-08-08 12:06:45
45563	244734	False	False	False	False	False		False					2024-08-08 12:14:15	2024-08-08 12:14:15
45564	244735	False	False	False	False	False		False					2024-08-08 12:15:14	2024-08-08 12:15:14
45565	244736	False	False	False	False	False		False					2024-08-08 12:16:14	2024-08-08 12:16:14
45566	244737	False	False	False	False	False		False					2024-08-08 12:16:57	2024-08-08 12:16:57
45577	244838	False	False	False	False	False		True					2024-08-08 12:59:58	2024-08-08 12:59:58
45579	244840	False	False	False	False	False		True					2024-08-08 13:05:01	2024-08-08 13:05:01
45581	244842	False	False	False	False	False		False					2024-08-08 13:10:06	2024-08-08 13:10:06
45582	244843	True	False	False	False	False		False					2024-08-08 13:11:03	2024-08-08 13:11:03
45596	244782	False	False	False	False	False		True					2024-08-08 15:08:48	2024-08-08 15:08:48
45598	244784	False	False	False	False	False		True					2024-08-08 15:13:04	2024-08-08 15:13:04
45601	244787	False	False	False	False	False		False					2024-08-08 15:17:20	2024-08-08 15:17:20
49806	262015	False	False	False	False	False		False					2024-11-12 09:40:26	2024-11-12 09:40:26
49808	262029	False	False	False	False	False		False					2024-11-12 10:00:12	2024-11-12 10:00:12
49817	262058	False	False	False	False	False		False					2024-11-12 10:57:27	2024-11-12 10:57:27
49822	262026	True	False	False	False	False		False					2024-11-12 11:11:26	2024-11-12 11:11:26
49824	262052	True	False	False	False	False		False					2024-11-12 11:26:13	2024-11-12 11:26:13
49845	262030	False	False	False	False	False		False					2024-11-12 12:40:07	2024-11-12 12:40:07
49850	262063	False	False	False	False	False		False					2024-11-12 13:37:38	2024-11-12 13:37:38
49860	262037	False	False	False	False	False		False					2024-11-12 14:06:00	2024-11-12 14:06:00
49865	262078	True	False	False	False	False		False					2024-11-12 14:22:53	2024-11-12 14:22:53
49874	262049	False	False	False	False	False		False					2024-11-12 14:33:56	2024-11-12 14:33:56
49876	262041	False	False	False	False	False		False					2024-11-12 14:42:25	2024-11-12 14:42:25
49877	262077	False	False	False	False	False		False					2024-11-12 14:45:10	2024-11-12 14:45:10
49880	262024	False	False	False	False	False		False					2024-11-12 14:53:45	2024-11-12 14:54:09
49881	262053	False	False	False	False	False		False					2024-11-12 15:03:45	2024-11-12 15:03:45
49883	262079	False	False	False	False	False		False					2024-11-12 15:07:52	2024-11-12 15:07:52
49894	262020	False	False	False	False	False		False					2024-11-12 15:17:34	2024-11-12 15:17:34
49896	262066	False	False	False	False	False		False					2024-11-12 15:21:53	2024-11-12 15:21:53
49900	262073	True	False	False	False	False		False					2024-11-12 15:55:03	2024-11-12 15:55:03
49902	262076	False	False	False	False	False		False					2024-11-12 16:00:45	2024-11-12 16:00:45
49917	262028	False	False	False	False	False		False					2024-11-13 08:58:35	2024-11-13 08:58:35
49918	262023	False	False	False	False	False		False					2024-11-13 10:20:55	2024-11-13 10:20:55
49920	262033	False	False	False	False	False		False					2024-11-13 10:33:40	2024-11-13 10:33:40
49921	262051	False	False	False	False	False		False					2024-11-13 10:35:26	2024-11-13 10:35:26
49680	262011	False	False	False	False	False		False					2024-11-01 12:25:08	2024-11-01 12:25:08
49811	261995	False	False	False	False	False		False					2024-11-12 10:12:03	2024-11-12 10:12:03
49814	262055	False	False	False	False	False		False					2024-11-12 10:40:21	2024-11-12 10:40:21
49829	262040	False	False	False	False	False		False					2024-11-12 11:54:15	2024-11-12 11:54:15
49830	262004	False	False	False	False	False		False					2024-11-12 11:55:54	2024-11-12 11:55:54
49832	262010	False	False	False	False	False		False					2024-11-12 12:04:10	2024-11-12 12:04:10
49833	262048	False	False	False	False	False		False					2024-11-12 12:09:05	2024-11-12 12:09:05
49834	262008	True	False	False	False	False		False					2024-11-12 12:10:43	2024-11-12 12:10:43
49835	262031	False	False	False	False	False		False					2024-11-12 12:13:21	2024-11-12 12:13:21
49838	262018	False	False	False	False	False		False					2024-11-12 12:20:46	2024-11-12 12:20:46
49839	261996	False	False	False	False	False		False					2024-11-12 12:21:31	2024-11-12 12:21:31
49841	261994	False	False	False	False	False		False					2024-11-12 12:27:58	2024-11-12 12:27:58
49846	262057	False	False	False	False	False		False					2024-11-12 12:47:31	2024-11-12 12:47:31
49851	262009	False	False	False	False	False		False					2024-11-12 13:38:26	2024-11-12 13:38:26
49857	262064	False	False	False	False	False		False					2024-11-12 13:57:23	2024-11-12 13:57:23
49858	262027	False	False	False	False	False		False					2024-11-12 13:58:43	2024-11-12 13:58:43
49859	262035	False	False	False	False	False		False					2024-11-12 14:01:23	2024-11-12 14:01:23
49862	262056	True	False	False	False	False		False					2024-11-12 14:14:39	2024-11-12 14:14:49
49863	261992	False	False	False	False	False		False					2024-11-12 14:19:37	2024-11-12 14:19:37
49871	262019	False	False	False	False	False		False					2024-11-12 14:25:10	2024-11-12 14:25:10
49872	262054	False	False	False	False	False		False					2024-11-12 14:27:20	2024-11-12 14:27:20
49873	262025	False	False	False	False	False		False					2024-11-12 14:30:47	2024-11-12 14:30:47
49875	262022	False	False	False	False	False		False					2024-11-12 14:37:02	2024-11-12 14:37:02
49899	262002	True	False	False	False	False		False					2024-11-12 15:53:19	2024-11-12 15:53:19
49916	261990	False	False	False	False	False		False					2024-11-13 08:54:58	2024-11-13 08:54:58
49919	262007	False	False	False	False	False		False					2024-11-13 10:23:21	2024-11-13 10:23:21
46914	244796	False	False	False	False	False		False					2024-08-19 13:23:42	2024-08-19 13:23:42
46915	244797	False	False	False	False	False		True					2024-08-19 13:24:24	2024-08-19 13:24:24
46916	244798	False	False	False	False	False		True					2024-08-19 13:31:59	2024-08-19 13:31:59
46918	244905	True	False	False	False	False		False					2024-08-19 13:35:10	2024-08-19 13:35:10
46928	244915	True	False	False	False	False		True					2024-08-20 12:38:07	2024-08-20 12:38:07
46933	244845	False	False	False	False	False		False					2024-08-20 12:45:32	2024-08-20 12:45:32
46941	244853	False	False	False	False	False		True					2024-08-20 13:26:58	2024-08-20 13:26:58
46947	244874	False	False	False	False	False		False					2024-08-20 13:45:37	2024-08-20 13:45:37
47328	244875	False	False	False	False	False		True					2024-08-22 13:11:56	2024-08-22 13:11:56
47512	244878	False	False	False	False	False		True					2024-08-23 13:03:19	2024-08-23 13:03:19
47514	244880	False	False	False	False	False		False					2024-08-23 13:07:09	2024-08-23 13:07:09
47516	244882	False	False	False	False	False		False					2024-08-23 13:12:44	2024-08-23 13:12:44
47517	244883	False	False	False	False	False		False					2024-08-23 13:15:28	2024-08-23 13:15:28
47520	244886	False	False	False	False	False		True					2024-08-23 13:24:40	2024-08-23 13:24:40
47521	244887	False	False	False	False	False		True					2024-08-23 13:29:33	2024-08-23 13:29:33
49679	262071	False	False	False	False	False		False					2024-11-01 12:22:37	2024-11-01 12:22:37
46907	244789	False	False	False	False	False		False					2024-08-19 13:10:51	2024-08-19 13:10:51
46924	244911	False	False	False	False	False		True					2024-08-20 12:33:26	2024-08-20 12:33:26
46934	244846	False	False	False	False	False		False					2024-08-20 12:47:26	2024-08-20 12:47:26
46937	244849	False	False	False	False	False		False					2024-08-20 12:54:35	2024-08-20 12:54:35
46940	244852	False	False	False	False	False		False					2024-08-20 13:02:53	2024-08-20 13:02:53
46942	244854	False	False	False	False	False		False					2024-08-20 13:29:22	2024-08-20 13:29:22
46943	244855	False	False	False	False	False		False					2024-08-20 13:31:47	2024-08-20 13:32:26
46945	244857	False	False	False	False	False		False					2024-08-20 13:42:16	2024-08-20 13:42:16
47522	244888	False	False	False	False	False		False					2024-08-23 13:31:50	2024-08-23 13:31:50
46910	244792	False	False	False	False	False		True					2024-08-19 13:19:23	2024-08-19 13:19:23
46912	244794	True	False	False	False	False		False					2024-08-19 13:22:36	2024-08-19 13:22:36
46919	244906	True	False	False	False	False		False					2024-08-19 13:37:22	2024-08-19 13:37:22
46920	244907	True	False	False	False	False		False					2024-08-20 12:16:41	2024-08-20 12:19:31
46922	244909	False	False	False	False	False		True					2024-08-20 12:24:45	2024-08-20 12:24:45
46923	244910	True	False	False	False	False		False					2024-08-20 12:25:30	2024-08-20 12:25:30
46935	244847	False	False	False	False	False		False					2024-08-20 12:48:43	2024-08-20 12:48:43
46936	244848	False	False	False	False	False		False					2024-08-20 12:50:58	2024-08-20 12:50:58
46946	244858	False	False	False	False	False		False					2024-08-20 13:43:41	2024-08-20 13:43:41
47329	244876	False	False	False	False	False		True					2024-08-22 13:15:16	2024-08-22 13:15:16
47513	244879	False	False	False	False	False		False					2024-08-23 13:05:03	2024-08-23 13:05:33
47515	244881	False	False	False	False	False		False					2024-08-23 13:10:13	2024-08-23 13:10:13
47518	244884	False	False	False	False	False		False					2024-08-23 13:18:39	2024-08-23 13:18:39
49676	262047	False	False	False	False	False		False					2024-11-01 12:13:24	2024-11-01 12:13:24
49677	261998	False	False	False	False	False		False					2024-11-01 12:15:45	2024-11-01 12:15:45
49678	262038	False	False	False	False	False		False					2024-11-01 12:18:48	2024-11-01 12:18:48
49803	262044	False	False	False	False	False		True					2024-11-12 09:23:42	2024-11-12 09:23:42
49809	262032	False	False	False	False	False		False					2024-11-12 10:01:50	2024-11-12 10:01:50
49810	262045	False	False	False	False	False		False					2024-11-12 10:05:46	2024-11-12 10:05:46
49816	261999	False	False	False	False	False		False					2024-11-12 10:55:11	2024-11-12 10:55:11
49819	262036	False	False	False	False	False		False					2024-11-12 11:03:30	2024-11-12 11:03:30
49831	262003	False	False	False	False	False		False					2024-11-12 12:00:32	2024-11-12 12:00:32
49837	262006	False	False	False	False	False		False					2024-11-12 12:19:00	2024-11-12 12:19:00
49848	262013	False	False	False	False	False		False					2024-11-12 12:54:57	2024-11-12 12:54:57
49852	262042	False	False	False	False	False		False					2024-11-12 13:44:31	2024-11-12 13:44:31
49854	262065	False	False	False	False	False		False					2024-11-12 13:47:39	2024-11-12 13:47:39
49856	262068	False	False	False	False	False		False					2024-11-12 13:52:47	2024-11-12 13:52:47
49861	262085	False	False	False	False	False		False					2024-11-12 14:13:34	2024-11-12 14:13:34
49864	262080	False	False	False	False	False		False					2024-11-12 14:22:05	2024-11-12 14:22:05
49884	262075	False	False	False	False	False		False					2024-11-12 15:09:58	2024-11-12 15:09:58
49887	261991	False	False	False	False	False		False					2024-11-12 15:15:35	2024-11-12 15:15:35
49897	262074	False	False	False	False	False		False					2024-11-12 15:50:21	2024-11-12 15:50:21
49898	262034	False	False	False	False	False		False					2024-11-12 15:51:44	2024-11-12 15:51:44
49901	262070	False	False	False	False	False		False					2024-11-12 15:56:43	2024-11-12 15:56:43
49913	262017	False	False	False	False	False		False					2024-11-13 08:45:24	2024-11-13 08:45:24
49804	262016	False	False	False	False	False		False					2024-11-12 09:34:58	2024-11-12 09:34:58
49805	262000	True	False	False	False	False		False					2024-11-12 09:37:38	2024-11-12 09:37:38
49807	262012	False	False	False	False	False		False					2024-11-12 09:48:53	2024-11-12 09:48:53
49812	262014	False	False	False	False	False		False					2024-11-12 10:25:54	2024-11-12 10:25:54
49813	261989	False	False	False	False	False		True					2024-11-12 10:27:48	2024-11-12 10:27:48
49818	262050	True	False	False	False	False		False					2024-11-12 11:00:04	2024-11-12 11:00:04
49820	262001	False	False	False	False	False		False					2024-11-12 11:06:01	2024-11-12 11:06:01
49821	262021	False	False	False	False	False		False					2024-11-12 11:09:23	2024-11-12 11:09:23
49823	261993	False	False	False	False	False		False					2024-11-12 11:17:07	2024-11-12 11:17:07
49825	262084	True	False	False	False	False		False					2024-11-12 11:28:17	2024-11-12 11:28:17
49826	261988	False	False	False	False	False		False					2024-11-12 11:45:07	2024-11-12 11:45:07
49827	262039	True	False	False	False	False		False					2024-11-12 11:49:20	2024-11-12 11:49:20
49828	262081	False	False	False	False	False		False					2024-11-12 11:52:17	2024-11-12 11:52:17
49836	262059	False	False	False	False	False		False					2024-11-12 12:16:30	2024-11-12 12:16:30
49840	262062	True	False	False	False	False		False					2024-11-12 12:22:45	2024-11-12 12:22:45
49842	261997	False	False	False	False	False		False					2024-11-12 12:31:53	2024-11-12 12:31:53
49843	262060	False	False	False	False	False		False					2024-11-12 12:33:44	2024-11-12 12:33:44
49844	262061	True	False	False	False	False		False					2024-11-12 12:38:26	2024-11-12 12:38:26
49847	262046	False	False	False	False	False		False					2024-11-12 12:51:00	2024-11-12 12:51:00
49849	262043	False	False	False	False	False		False					2024-11-12 12:58:25	2024-11-12 12:58:25
49853	262083	True	False	False	False	False		False					2024-11-12 13:45:42	2024-11-12 13:45:42
49855	261986	False	False	False	False	False		False					2024-11-12 13:50:38	2024-11-12 13:50:38
49878	262072	True	False	False	False	False		False					2024-11-12 14:48:33	2024-11-12 14:48:33
49882	262069	True	False	False	False	False		False					2024-11-12 15:05:37	2024-11-12 15:05:37
49885	262067	False	False	False	False	False		False					2024-11-12 15:12:43	2024-11-12 15:12:43
49895	262082	False	False	False	False	False		False					2024-11-12 15:20:51	2024-11-12 15:20:51
49914	262005	False	False	False	False	False		False					2024-11-13 08:48:28	2024-11-13 08:48:28
46908	244790	False	False	False	False	False		False					2024-08-19 13:14:23	2024-08-19 13:14:23
46909	244791	False	False	False	False	False		True					2024-08-19 13:17:47	2024-08-19 13:17:47
46911	244793	False	False	False	False	False		True					2024-08-19 13:21:28	2024-08-19 13:21:28
46913	244795	True	False	False	False	False		False					2024-08-19 13:22:57	2024-08-19 13:22:57
46917	244904	False	False	False	False	False		False					2024-08-19 13:35:04	2024-08-19 13:35:04
46921	244908	False	False	False	False	False		False					2024-08-20 12:21:30	2024-08-20 12:21:30
46925	244912	False	False	False	False	False		True					2024-08-20 12:35:35	2024-08-20 12:35:35
46926	244913	True	False	False	False	False		True					2024-08-20 12:36:03	2024-08-20 12:36:03
46927	244914	False	False	False	False	False		True					2024-08-20 12:37:35	2024-08-20 12:37:35
46929	244916	True	False	False	False	False		False					2024-08-20 12:40:19	2024-08-20 12:40:19
46930	244917	True	False	False	False	False		True					2024-08-20 12:41:50	2024-08-20 12:41:50
46931	244918	True	False	False	False	False		False					2024-08-20 12:42:35	2024-08-20 12:42:35
46932	244844	False	False	False	False	False		False					2024-08-20 12:44:23	2024-08-20 12:44:23
46938	244850	False	False	False	False	False		True					2024-08-20 12:57:23	2024-08-20 12:57:23
46939	244851	False	False	False	False	False		False					2024-08-20 12:59:58	2024-08-20 13:00:23
46944	244856	False	False	False	False	False		False					2024-08-20 13:33:38	2024-08-20 13:33:38
47330	244877	False	False	False	False	False		True					2024-08-22 13:17:15	2024-08-22 13:17:15
47519	244885	False	False	False	False	False		False					2024-08-23 13:21:58	2024-08-23 13:21:58
