annotation_id	recording_id	is_low_quality	contains_human_speech	contains_unknown_birds	does_not_contain_birds	contains_birds_not_on_list	birds_not_on_list	has_boxes_for_all_bird_sounds	non_bird_area_x1	non_bird_area_x2	non_bird_area_y1	non_bird_area_y2	created	edited
42392	244607	False	False	False	False	False		True					2024-06-10 11:56:23	2024-06-10 11:56:23
42393	244608	False	False	False	False	False		True					2024-06-11 08:40:12	2024-06-11 08:40:12
42394	244609	False	False	False	False	False		True					2024-06-11 08:41:50	2024-06-11 08:42:07
42406	244616	False	False	False	False	False		True					2024-06-11 14:59:49	2024-06-11 14:59:54
42420	244372	False	False	False	False	False		True					2024-06-14 11:08:08	2024-06-14 11:08:08
42389	244604	False	False	False	False	False		True					2024-06-10 11:45:32	2024-06-10 11:45:32
42391	244606	False	False	False	False	False		True					2024-06-10 11:50:16	2024-06-10 11:50:16
42396	244611	False	False	False	False	False		True					2024-06-11 08:44:52	2024-06-11 08:44:52
42408	244618	False	False	False	False	False		True					2024-06-11 15:02:02	2024-06-11 15:02:07
42410	244365	False	False	True	False	False		False					2024-06-11 15:12:20	2024-06-11 15:12:20
42411	244366	False	False	True	False	False		False					2024-06-11 15:15:04	2024-06-11 15:15:04
42413	244368	False	False	False	False	False		True					2024-06-11 15:19:14	2024-06-11 15:19:14
42414	244369	False	False	True	False	False		False					2024-06-11 15:22:02	2024-06-11 15:22:02
42397	244612	False	False	False	False	False		True					2024-06-11 08:45:34	2024-06-11 08:49:14
42400	244615	False	False	False	False	False		True					2024-06-11 08:56:22	2024-06-11 08:56:22
42407	244617	False	False	False	False	False		True					2024-06-11 15:01:10	2024-06-11 15:01:10
42409	244364	False	False	False	False	False		True					2024-06-11 15:09:27	2024-06-11 15:09:27
42412	244367	False	False	False	False	False		True					2024-06-11 15:17:06	2024-06-11 15:17:06
42415	244370	False	False	True	False	False		False					2024-06-11 15:24:12	2024-06-11 15:24:12
42390	244605	False	False	False	False	False		True					2024-06-10 11:47:51	2024-06-10 11:47:51
42395	244610	False	False	False	False	False		True					2024-06-11 08:42:54	2024-06-11 08:42:54
42398	244613	False	False	False	False	False		True					2024-06-11 08:50:06	2024-06-11 08:50:06
42399	244614	False	False	False	False	False		True					2024-06-11 08:55:09	2024-06-11 08:55:09
42419	244371	False	False	False	False	False		True					2024-06-14 11:05:39	2024-06-14 11:05:39
49433	244377	False	False	False	False	False		False					2024-09-27 17:29:42	2024-10-02 18:08:41
49467	244379	False	False	False	False	False		False					2024-10-02 18:15:22	2024-10-02 18:15:22
49468	244380	False	False	False	False	False		False					2024-10-02 18:16:01	2024-10-02 18:16:01
49469	244381	False	False	False	False	False		False					2024-10-02 18:16:36	2024-10-02 18:16:36
49476	244388	True	True	False	True	False		False					2024-10-02 18:20:37	2024-10-02 18:20:37
49480	244391	True	True	False	False	False		False					2024-10-02 18:22:27	2024-10-02 18:22:27
49496	244362	False	False	False	False	False		False					2024-10-02 19:05:55	2024-10-02 19:05:55
49500	244426	True	False	False	False	False		False					2024-10-02 19:15:33	2024-10-02 19:15:50
49504	244430	True	False	False	False	False		False					2024-10-02 19:19:13	2024-10-02 19:19:13
49505	244431	True	False	False	False	False		False					2024-10-02 19:23:25	2024-10-02 19:23:25
49508	244434	True	False	False	False	False		False					2024-10-02 19:25:55	2024-10-02 19:25:55
49550	244437	False	False	False	False	False		False					2024-10-04 15:35:35	2024-10-04 15:35:35
49551	244438	False	False	False	False	False		False					2024-10-04 15:36:48	2024-10-04 15:36:48
49553	244395	False	False	False	True	False		False					2024-10-04 15:37:48	2024-10-04 15:37:48
49555	244397	False	False	False	True	False		False					2024-10-04 15:50:39	2024-10-04 15:50:39
49557	244399	False	False	False	True	False		False					2024-10-04 15:51:48	2024-10-04 15:51:48
49559	244401	False	False	False	True	False		False					2024-10-04 15:52:36	2024-10-04 15:52:36
49562	244404	False	False	False	True	False		False					2024-10-04 15:53:41	2024-10-04 15:53:41
49564	244406	False	False	False	True	False		False					2024-10-04 17:11:46	2024-10-04 17:11:46
49566	244408	False	False	True	False	False		False					2024-10-04 18:33:43	2024-10-04 18:33:43
49567	244409	False	False	False	True	False		False					2024-10-04 19:15:38	2024-10-04 19:15:38
49429	244373	False	False	False	False	False		False					2024-09-27 17:09:29	2024-09-27 17:11:12
49431	244375	False	False	False	False	False		False					2024-09-27 17:17:38	2024-09-27 17:17:38
49470	244382	False	False	False	False	False		False					2024-10-02 18:17:07	2024-10-02 18:17:07
49471	244383	False	False	False	False	False		False					2024-10-02 18:17:36	2024-10-02 18:17:36
49479	244390	True	True	False	False	False		False					2024-10-02 18:21:52	2024-10-02 18:22:22
49481	244392	True	True	False	False	False		False					2024-10-02 18:23:00	2024-10-02 18:23:00
49483	244349	False	False	False	False	False		False					2024-10-02 18:27:06	2024-10-02 18:27:06
49484	244350	False	False	False	False	False		False					2024-10-02 18:44:10	2024-10-02 18:44:10
49490	244356	False	False	False	False	False		False					2024-10-02 18:55:51	2024-10-02 18:55:51
49491	244357	False	False	False	False	False		False					2024-10-02 18:57:39	2024-10-02 18:57:39
49492	244358	False	False	False	False	False		False					2024-10-02 18:58:41	2024-10-02 18:58:41
49493	244359	False	False	False	False	False		False					2024-10-02 18:59:54	2024-10-02 18:59:54
49494	244360	False	False	False	False	False		False					2024-10-02 19:01:40	2024-10-02 19:02:06
49503	244429	True	False	False	False	False		False					2024-10-02 19:18:22	2024-10-02 19:18:22
49506	244432	True	False	False	False	False		False					2024-10-02 19:23:47	2024-10-02 19:23:47
49509	244435	True	False	False	False	False		False					2024-10-02 19:26:19	2024-10-02 19:34:26
49430	244374	False	False	False	False	False		False					2024-09-27 17:14:06	2024-09-27 17:14:06
49466	244378	False	False	True	False	False		False					2024-10-02 18:13:28	2024-10-02 18:13:28
49472	244384	False	False	False	False	False		False					2024-10-02 18:18:05	2024-10-02 18:18:05
49473	244385	False	False	False	False	False		False					2024-10-02 18:18:36	2024-10-02 18:18:36
49482	244393	True	True	False	False	False		False					2024-10-02 18:25:17	2024-10-02 18:25:17
49485	244351	True	False	False	False	False		False					2024-10-02 18:44:51	2024-10-02 18:44:51
49486	244352	True	False	False	False	False		False					2024-10-02 18:49:48	2024-10-02 18:49:48
49488	244354	False	False	False	False	False		False					2024-10-02 18:52:40	2024-10-02 18:52:40
49495	244361	False	False	False	False	False		False					2024-10-02 19:05:14	2024-10-02 19:05:14
49499	244425	True	False	False	False	False		False					2024-10-02 19:15:09	2024-10-02 19:15:09
49501	244427	True	False	False	False	False		False					2024-10-02 19:16:15	2024-10-02 19:16:24
49502	244428	False	False	False	False	False		False					2024-10-02 19:17:38	2024-10-02 19:17:38
49507	244433	True	False	False	False	False		False					2024-10-02 19:25:14	2024-10-02 19:25:14
49552	244394	False	False	False	True	False		False					2024-10-04 15:37:23	2024-10-04 15:37:23
49554	244396	False	False	False	True	False		False					2024-10-04 15:38:09	2024-10-04 15:38:09
49556	244398	False	False	False	True	False		False					2024-10-04 15:51:06	2024-10-04 15:51:06
49558	244400	False	False	False	True	False		False					2024-10-04 15:52:16	2024-10-04 15:52:16
49560	244402	False	False	False	True	False		False					2024-10-04 15:52:56	2024-10-04 15:52:56
49561	244403	False	False	False	True	False		False					2024-10-04 15:53:18	2024-10-04 15:53:18
49563	244405	False	False	False	True	False		False					2024-10-04 15:54:05	2024-10-04 15:54:05
49565	244407	False	False	False	True	False		False					2024-10-04 18:24:40	2024-10-04 18:24:40
49568	244410	True	False	False	False	False		False					2024-10-04 19:16:00	2024-10-04 19:16:00
49432	244376	False	False	False	False	False		False					2024-09-27 17:19:26	2024-09-27 17:19:26
49474	244386	False	False	False	False	False		False					2024-10-02 18:18:45	2024-10-02 18:18:45
49475	244387	False	False	False	False	False		False					2024-10-02 18:18:57	2024-10-02 18:18:57
49478	244389	True	True	False	False	False		False					2024-10-02 18:21:26	2024-10-02 18:21:26
49487	244353	False	False	False	False	False		False					2024-10-02 18:50:38	2024-10-02 18:50:38
49489	244355	False	False	False	False	False		False					2024-10-02 18:54:02	2024-10-02 18:54:02
49497	244363	False	False	False	False	False		False					2024-10-02 19:07:44	2024-10-02 19:07:44
49498	244424	False	False	False	False	False		False					2024-10-02 19:13:10	2024-10-02 19:13:10
49510	244436	True	False	False	False	False		False					2024-10-02 19:34:06	2024-10-02 19:34:28
