annotation_id	recording_id	is_low_quality	contains_human_speech	contains_unknown_birds	does_not_contain_birds	contains_birds_not_on_list	birds_not_on_list	has_boxes_for_all_bird_sounds	non_bird_area_x1	non_bird_area_x2	non_bird_area_y1	non_bird_area_y2	created	edited
160	84523	False	False	False	False	False		False					2022-06-02 15:17:03	2022-06-02 15:17:03
161	2596	False	False	False	True	False		False					2022-06-02 15:17:35	2022-06-02 15:17:35
159	2632	False	False	False	False	False		False					2022-06-02 15:16:40	2022-06-02 15:16:40
162	2558	False	False	False	False	False		False					2022-06-02 15:18:38	2022-06-02 15:18:38
163	85180	False	False	False	False	False		False					2022-06-02 15:19:32	2022-06-02 15:19:32
164	87202	False	False	False	False	False		False					2022-06-02 15:20:01	2022-06-02 15:20:01
165	84906	False	False	True	False	False		False					2022-06-02 15:21:03	2022-06-02 15:21:03
166	84756	False	False	False	False	False		False					2022-06-02 15:21:34	2022-06-02 15:21:34
167	2677	False	False	True	False	False		False					2022-06-02 15:21:59	2022-06-02 15:21:59
168	84910	True	False	False	False	False		False					2022-06-02 15:22:16	2022-06-02 15:22:16
169	87346	True	False	False	False	False		False					2022-06-02 15:23:01	2022-06-02 15:23:01
170	84452	False	False	False	False	False		False					2022-06-02 15:23:16	2022-06-02 15:23:16
171	87236	False	False	False	False	False		False					2022-06-02 15:23:39	2022-06-02 15:23:39
172	84835	False	False	False	False	False		False					2022-06-02 15:24:07	2022-06-02 15:24:07
173	82329	False	False	False	False	False		False					2022-06-02 15:24:36	2022-06-02 15:24:36
174	84487	False	False	False	False	False		False					2022-06-02 15:25:21	2022-06-02 15:25:21
175	84657	False	False	False	False	False		False					2022-06-02 15:26:33	2022-06-02 15:26:33
176	84399	False	False	False	False	False		False					2022-06-02 15:27:10	2022-06-02 15:27:10
177	84564	False	False	False	False	False		False					2022-06-02 15:27:33	2022-06-02 15:27:33
178	84869	False	False	False	False	False		False					2022-06-02 15:28:18	2022-06-02 15:28:18
179	84779	False	False	False	False	False		False					2022-06-02 15:28:34	2022-06-02 15:28:34
180	84924	False	False	False	False	False		False					2022-06-02 15:28:52	2022-06-02 15:28:52
181	2623	False	False	False	True	False		False					2022-06-02 15:29:14	2022-06-02 15:29:14
