annotation_id	recording_id	is_low_quality	contains_human_speech	contains_unknown_birds	does_not_contain_birds	contains_birds_not_on_list	birds_not_on_list	has_boxes_for_all_bird_sounds	non_bird_area_x1	non_bird_area_x2	non_bird_area_y1	non_bird_area_y2	created	edited
753	82263	False	False	False	True	False		False	8.62487463444811	11.55228915154469	3048.088235294118	9598.235294117649	2022-06-08 15:08:04	2022-06-08 15:08:04
1083	84942	False	False	False	True	False		False	6.021395696446649	9.200759457483503	0.0	2464.4117647058824	2022-06-21 14:49:08	2022-06-21 14:49:08
1255	84939	False	False	False	True	False		False	6.3933209451859625	10.676464316511698	0.0	2529.2647058823527	2022-06-28 11:15:58	2022-06-28 11:15:58
49731	6242	False	False	False	True	False		False	10.60264786795048	12.418328748280604	0.0	3048.088235294118	2024-11-07 12:37:57	2024-11-07 12:37:57
508	84515	False	False	True	False	False		False					2022-06-06 15:51:27	2022-06-06 15:51:27
509	84638	False	False	True	False	False		False					2022-06-06 15:52:40	2022-06-06 15:52:40
510	84406	False	False	True	False	False		False					2022-06-06 15:54:54	2022-06-06 15:54:54
512	84575	False	False	False	False	False		False					2022-06-06 15:56:37	2022-06-06 15:56:37
514	87205	False	False	True	False	False		False					2022-06-06 15:57:09	2022-06-06 15:57:09
515	87308	False	False	True	False	False		False					2022-06-06 15:57:29	2022-06-06 15:57:29
516	2611	True	False	False	False	False		False					2022-06-06 15:58:11	2022-06-06 15:58:11
517	87278	True	False	False	True	False		False					2022-06-06 15:58:32	2022-06-06 15:58:32
621	87213	False	False	False	False	False		False					2022-06-07 10:17:02	2022-06-07 10:17:02
622	84683	False	False	False	False	False		False					2022-06-07 10:18:15	2022-06-07 10:18:15
623	84821	False	False	False	False	False		True					2022-06-07 10:58:38	2022-06-07 10:58:38
624	84757	False	False	True	False	False		False					2022-06-07 10:59:07	2022-06-07 10:59:07
625	2619	False	False	True	False	False		False					2022-06-07 10:59:23	2022-06-07 10:59:23
626	2537	False	False	True	False	False		False					2022-06-07 10:59:47	2022-06-07 10:59:47
627	84665	False	False	True	False	False		False					2022-06-07 11:00:08	2022-06-07 11:00:08
628	82317	False	False	False	False	False		True					2022-06-07 11:03:39	2022-06-07 11:03:39
629	84367	False	False	False	False	False		False					2022-06-07 11:07:11	2022-06-07 11:07:11
630	87309	False	False	False	False	False		False					2022-06-07 11:07:59	2022-06-07 11:07:59
631	2550	False	False	True	False	False		False					2022-06-07 11:08:15	2022-06-07 11:08:15
269	87240	False	False	False	False	False		False					2022-06-03 13:23:03	2022-06-03 13:23:03
272	84851	False	False	False	False	False		False					2022-06-03 13:26:39	2022-06-03 13:26:39
511	87330	False	False	True	False	False		False					2022-06-06 15:55:11	2022-06-06 15:55:11
513	85061	False	False	True	False	False		False					2022-06-06 15:56:55	2022-06-06 15:56:55
265	84804	False	False	False	False	False		True					2022-06-03 09:45:32	2022-06-03 09:45:32
266	84669	False	False	False	False	False		False					2022-06-03 09:46:46	2022-06-03 09:46:46
267	84377	False	False	False	False	False		False					2022-06-03 09:48:12	2023-08-28 11:40:06
268	85034	False	False	True	False	False		False					2022-06-03 13:22:12	2022-06-03 13:22:12
270	82259	False	False	False	True	False		False					2022-06-03 13:23:51	2022-06-03 13:23:51
271	87302	False	False	True	False	False		False					2022-06-03 13:24:10	2022-06-03 13:24:10
273	87341	False	False	True	False	False		False					2022-06-03 13:26:57	2022-06-03 13:26:57
274	84686	False	False	True	False	False		False					2022-06-03 13:27:31	2022-06-03 13:27:31
743	84391	False	False	True	False	False		False					2022-06-08 14:55:50	2022-06-08 14:55:50
745	84392	False	False	True	False	False		False					2022-06-08 14:57:17	2022-06-08 14:57:17
749	84979	False	False	True	False	False		False					2022-06-08 15:03:04	2022-06-08 15:03:04
818	84673	False	False	False	False	False		False					2022-06-10 11:51:56	2022-06-10 11:51:56
838	85085	False	False	False	False	False		True					2022-06-10 14:29:53	2022-06-10 14:32:17
841	84365	False	False	False	False	False		False					2022-06-10 14:33:41	2022-06-10 14:33:41
842	82370	False	False	False	False	False		False					2022-06-10 14:34:14	2022-06-10 14:34:14
843	84671	False	False	False	False	False		False					2022-06-10 14:36:11	2022-06-10 14:36:11
997	84546	False	False	False	True	False		False					2022-06-17 11:55:03	2022-06-17 12:04:25
1056	84985	False	False	True	False	False		False					2022-06-20 14:39:38	2022-06-20 14:39:38
1059	82229	False	False	False	False	False		False					2022-06-20 14:44:20	2022-06-20 14:45:35
1060	84447	False	False	False	False	False		False					2022-06-20 14:48:03	2022-06-20 14:48:03
1084	84435	False	False	False	False	False		False					2022-06-21 15:23:34	2022-06-21 15:23:34
1091	84993	False	False	False	False	False		False					2022-06-22 15:49:58	2022-06-22 15:49:58
1092	84603	False	False	False	False	False		True					2022-06-22 15:51:40	2022-06-22 15:51:40
742	85122	False	False	False	False	False		True					2022-06-08 14:55:33	2022-06-08 14:55:33
744	84556	True	False	False	False	False		False					2022-06-08 14:56:56	2022-06-08 14:56:56
746	85005	False	False	True	False	False		False					2022-06-08 14:59:12	2022-06-08 14:59:12
748	85042	False	False	False	False	False		True					2022-06-08 15:02:31	2022-06-08 15:02:31
752	82350	False	False	False	False	False		True					2022-06-08 15:07:34	2022-06-08 15:07:34
758	84928	False	False	True	False	False		False					2022-06-08 15:14:04	2022-06-08 15:14:04
817	84563	False	False	True	False	False		False					2022-06-10 11:50:20	2022-06-10 11:50:20
820	82380	False	False	False	False	False		True					2022-06-10 11:55:18	2022-06-10 11:55:18
821	84400	False	False	False	False	False		True					2022-06-10 11:56:29	2022-06-10 11:56:29
824	82231	False	False	False	False	False		False					2022-06-10 13:23:38	2022-06-10 13:23:38
839	84693	False	False	False	False	False		True					2022-06-10 14:32:38	2022-06-10 14:32:38
1018	84608	False	False	False	False	False		False					2022-06-17 12:06:41	2022-06-17 12:06:41
750	82215	False	False	False	False	False		False					2022-06-08 15:05:17	2022-06-08 15:05:17
759	84348	False	False	False	False	False		False					2022-06-08 15:19:00	2022-06-08 15:19:00
822	82360	False	False	False	False	False		True					2022-06-10 11:58:31	2022-06-10 11:58:31
823	84493	False	False	False	False	False		False					2022-06-10 11:59:18	2022-06-10 11:59:18
837	84692	False	False	True	False	False		False					2022-06-10 14:28:07	2022-06-10 14:28:07
840	84352	False	False	True	False	False		False					2022-06-10 14:33:06	2022-06-10 14:33:06
846	84495	False	False	True	False	False		False					2022-06-10 14:36:31	2022-06-10 14:36:31
848	84363	False	False	False	False	False		False					2022-06-10 14:36:58	2022-06-10 14:36:58
1055	84704	False	False	False	False	False		True					2022-06-20 14:37:56	2022-06-20 14:37:56
1057	84910	False	False	False	True	False		False					2022-06-20 14:40:06	2022-06-20 14:40:06
1058	84329	False	False	True	False	False		False					2022-06-20 14:40:59	2022-06-20 14:40:59
1082	85127	False	False	True	False	False		False					2022-06-21 14:48:27	2022-06-21 14:48:27
1090	84498	False	False	True	False	False		False					2022-06-22 15:44:49	2022-06-22 15:44:49
1096	84425	False	False	False	False	False		False					2022-06-23 12:06:44	2022-06-23 12:06:44
1250	85080	False	False	False	False	False		True					2022-06-28 10:59:54	2022-06-28 10:59:54
1251	82228	False	False	False	False	False		True					2022-06-28 11:01:21	2022-06-28 11:01:21
1252	85086	False	False	True	False	False		False					2022-06-28 11:03:03	2022-06-28 11:03:03
1253	82209	False	False	False	False	False		False					2022-06-28 11:14:49	2022-06-28 11:14:49
1256	85184	False	False	False	False	False		True					2022-06-28 11:17:38	2022-06-28 11:17:38
1295	84485	False	False	False	False	False		True					2022-06-30 11:03:43	2022-06-30 11:04:09
747	82240	False	False	False	False	False		True					2022-06-08 14:59:48	2022-06-08 14:59:48
751	82382	False	False	True	False	False		False					2022-06-08 15:05:40	2022-06-08 15:05:40
754	82329	False	False	False	False	False		True					2022-06-08 15:09:11	2022-06-08 15:09:11
755	82265	False	False	False	False	False		False					2022-06-08 15:10:35	2022-06-08 15:10:35
756	82311	False	False	False	False	False		False					2022-06-08 15:11:23	2022-06-08 15:11:23
757	85160	False	False	True	False	False		False					2022-06-08 15:12:06	2022-06-08 15:12:06
819	84318	False	False	False	False	False		False					2022-06-10 11:54:24	2022-06-10 11:54:24
825	84396	False	False	False	False	False		False					2022-06-10 13:24:45	2022-06-10 13:24:45
1260	84991	False	False	False	False	False		True					2022-06-28 11:25:47	2022-06-28 11:25:47
1684	82300	False	False	False	False	False		True					2022-07-20 15:27:59	2022-07-20 15:27:59
1685	84408	False	False	False	False	False		True					2022-07-20 15:30:16	2022-07-20 15:30:16
4186	85153	False	False	False	False	False		True					2022-08-26 16:19:35	2022-08-26 16:19:35
9580	140329	False	False	False	False	False		True					2022-12-14 11:09:36	2022-12-14 11:10:45
9582	140331	False	False	False	True	False		False					2022-12-14 11:11:21	2022-12-14 11:11:21
9581	140330	False	False	False	True	False		False					2022-12-14 11:10:56	2022-12-14 11:10:56
22849	85208	False	False	True	False	False		True					2023-06-26 14:19:12	2023-06-26 14:19:12
35969	82345	False	False	False	False	False		True					2024-01-14 16:00:53	2024-01-14 16:00:53
35404	82334	False	False	False	False	False		True					2023-12-13 15:15:48	2023-12-13 15:15:48
42782	84996	False	False	False	False	False		False					2024-06-25 11:44:32	2024-06-25 11:44:32
35968	85060	False	False	False	True	False		False					2024-01-14 15:59:09	2024-01-14 15:59:09
49925	262169	False	False	True	False	False		False					2024-11-14 10:13:37	2024-11-14 10:13:37
50984	92233	False	False	False	False	False		True					2025-01-21 12:26:20	2025-01-21 12:26:20
