annotation_id	recording_id	is_low_quality	contains_human_speech	contains_unknown_birds	does_not_contain_birds	contains_birds_not_on_list	birds_not_on_list	has_boxes_for_all_bird_sounds	non_bird_area_x1	non_bird_area_x2	non_bird_area_y1	non_bird_area_y2	created	edited
2601	89121	False	False	True	False	False		False	5.7199756052699025	12.07744201383979	64.85294117647037	5188.235294117647	2022-08-06 11:23:18	2022-08-06 11:25:13
155	92609	False	False	False	False	False		False					2022-06-02 10:55:12	2022-06-02 14:34:11
156	92208	False	False	True	False	False		False					2022-06-02 14:34:31	2022-06-02 14:34:31
158	85123	False	False	False	False	False		False					2022-06-02 14:39:22	2022-06-02 14:39:22
154	87258	False	False	True	False	False		False					2022-06-02 10:51:45	2022-06-02 10:54:06
157	85101	False	False	True	False	False		False					2022-06-02 14:36:38	2022-06-02 14:37:26
208	84714	False	False	False	False	False		False					2022-06-02 16:42:34	2022-06-02 16:42:34
2427	100196	False	False	False	False	False		False					2022-08-05 14:57:42	2022-08-05 14:57:42
2429	102685	False	False	False	False	False		False					2022-08-05 15:08:01	2022-08-05 15:08:01
2430	101189	False	False	False	False	False		False					2022-08-05 15:11:11	2022-08-05 15:11:11
2433	2639	False	False	False	False	False		False					2022-08-05 15:13:01	2022-08-05 15:13:01
2434	3712	False	False	False	False	False		False					2022-08-05 15:13:35	2022-08-05 15:13:35
2435	6556	False	False	True	False	False		False					2022-08-05 15:14:38	2022-08-05 15:14:38
2436	90226	False	False	False	False	False		False					2022-08-05 15:15:35	2022-08-05 15:15:35
2437	98495	False	False	False	False	False		False					2022-08-05 15:17:14	2022-08-05 15:17:14
2439	92523	False	False	False	False	False		False					2022-08-05 15:17:58	2022-08-05 15:17:58
2443	96877	False	False	False	False	False		False					2022-08-05 15:22:31	2022-08-05 15:22:31
2478	101524	False	False	False	False	False		False					2022-08-05 19:04:59	2022-08-05 19:04:59
2479	96845	False	False	False	False	False		False					2022-08-05 19:06:14	2022-08-05 19:06:14
2481	100507	False	False	False	False	False		False					2022-08-05 19:07:38	2022-08-05 19:07:38
2482	104192	False	False	False	True	False		False					2022-08-05 19:08:26	2022-08-05 19:08:26
2483	92879	False	False	False	True	False		False					2022-08-05 19:08:46	2022-08-05 19:08:46
2485	98281	False	False	False	False	False		False					2022-08-05 19:11:14	2022-08-05 19:11:14
2487	98363	False	False	False	False	False		False					2022-08-05 19:12:13	2022-08-05 19:12:13
2489	101453	False	False	False	False	False		False					2022-08-05 19:13:32	2022-08-05 19:13:32
2490	95023	False	False	False	False	False		False					2022-08-05 19:14:05	2022-08-05 19:14:05
2491	99661	False	False	False	False	False		False					2022-08-05 19:14:37	2022-08-05 19:14:37
2492	104710	True	False	False	False	False		False					2022-08-05 19:15:08	2022-08-05 19:15:08
2493	100700	False	False	False	False	False		False					2022-08-05 19:15:45	2022-08-05 19:15:45
2494	99369	False	False	False	False	False		False					2022-08-05 19:17:25	2022-08-05 19:17:25
2495	92626	False	False	False	True	False		False					2022-08-05 19:17:40	2022-08-05 19:17:40
2499	94496	False	False	False	False	False		False					2022-08-05 19:19:39	2022-08-05 19:19:39
2269	84876	False	False	False	False	False		True					2022-08-04 19:42:26	2022-08-04 19:42:26
2282	82325	False	False	False	False	False		False					2022-08-04 19:50:22	2022-08-04 19:50:22
2284	85166	False	False	False	False	False		False					2022-08-04 19:51:10	2022-08-04 19:51:10
2299	96399	False	False	False	False	False		False					2022-08-04 23:29:37	2022-08-04 23:29:37
2302	97237	False	False	False	False	False		False					2022-08-04 23:31:43	2022-08-04 23:31:43
2304	92173	False	False	False	False	False		False					2022-08-04 23:33:39	2022-08-04 23:33:39
2306	96341	False	False	False	False	False		False					2022-08-04 23:35:21	2022-08-04 23:35:21
2307	95532	False	False	False	False	False		False					2022-08-04 23:45:03	2022-08-04 23:45:03
2309	102398	False	False	False	False	False		False					2022-08-04 23:47:32	2022-08-04 23:47:32
2310	104249	False	False	False	False	False		False					2022-08-04 23:49:08	2022-08-04 23:49:08
2276	82337	False	False	False	False	False		False					2022-08-04 19:48:19	2022-08-04 19:48:19
2288	84555	False	False	False	False	False		False					2022-08-04 19:54:01	2022-08-04 19:54:01
2311	102785	False	False	False	False	False		False					2022-08-04 23:50:08	2022-08-04 23:50:08
4365	85151	False	False	False	False	False		False					2022-08-30 14:57:20	2022-08-30 14:57:20
4367	82384	False	False	False	False	False		False					2022-08-30 15:00:15	2022-08-30 15:00:15
4368	84659	True	False	False	False	False		False					2022-08-30 15:00:41	2022-08-30 15:00:41
4369	84631	False	False	False	False	False		False					2022-08-30 15:01:47	2022-08-30 15:01:47
4371	87314	True	False	True	False	False		False					2022-08-30 15:02:09	2022-08-30 15:02:09
4372	84583	False	False	False	False	False		False					2022-08-30 15:02:45	2022-08-30 15:02:45
4374	2623	False	True	False	True	False		False					2022-08-30 15:03:16	2022-08-30 15:03:16
4378	84609	False	False	False	False	False		False					2022-08-30 15:04:09	2022-08-30 15:04:09
4380	87357	False	False	False	False	False		False					2022-08-30 15:04:30	2022-08-30 15:04:30
4381	87267	False	False	False	False	False		False					2022-08-30 15:05:06	2022-08-30 15:05:06
4383	84615	False	False	False	False	False		False					2022-08-30 15:05:29	2022-08-30 15:05:29
4384	85015	False	False	True	False	False		False					2022-08-30 15:05:47	2022-08-30 15:05:47
4385	2584	False	False	False	False	False		False					2022-08-30 15:06:29	2022-08-30 15:06:29
4386	84355	False	False	False	False	False		False					2022-08-30 15:08:04	2022-08-30 15:08:04
4389	84733	False	False	False	False	False		False					2022-08-30 15:08:39	2022-08-30 15:08:39
4392	2622	False	False	False	False	False		False					2022-08-30 15:09:27	2022-08-30 15:09:27
4393	87323	False	False	False	False	False		False					2022-08-30 15:10:17	2022-08-30 15:10:17
4394	85163	True	False	False	False	False		False					2022-08-30 15:10:28	2022-08-30 15:10:28
4395	84340	False	False	False	False	False		False					2022-08-30 15:10:46	2022-08-30 15:10:46
4149	84621	False	False	False	False	False		False					2022-08-25 16:25:17	2022-08-25 16:25:17
4150	84523	False	False	False	False	False		False					2022-08-25 16:26:23	2022-08-25 16:26:23
4152	92428	False	False	False	False	False		False					2022-08-25 16:28:38	2022-08-25 16:28:38
4153	84746	False	False	False	False	False		False					2022-08-25 16:30:23	2022-08-25 16:30:23
4154	92526	False	False	True	False	False		False					2022-08-25 16:30:45	2022-08-25 16:30:45
4155	84867	False	False	False	False	False		False					2022-08-25 16:31:04	2022-08-25 16:31:04
4156	84512	False	False	False	False	False		False					2022-08-25 16:31:59	2022-08-25 16:31:59
4159	92992	True	False	False	False	False		False					2022-08-25 16:32:38	2022-08-25 16:32:38
4160	93091	False	False	False	False	False		False					2022-08-25 16:33:31	2022-08-25 16:33:31
4161	85070	False	False	False	False	False		False					2022-08-25 16:34:20	2022-08-25 16:34:31
4162	92079	False	False	False	True	False		False					2022-08-25 16:34:54	2022-08-25 16:34:54
4163	84725	False	False	False	False	False		False					2022-08-25 16:35:51	2022-08-25 16:35:51
4164	92797	True	False	False	False	False		False					2022-08-25 16:36:05	2022-08-25 16:36:05
