annotation_id	recording_id	is_low_quality	contains_human_speech	contains_unknown_birds	does_not_contain_birds	contains_birds_not_on_list	birds_not_on_list	has_boxes_for_all_bird_sounds	non_bird_area_x1	non_bird_area_x2	non_bird_area_y1	non_bird_area_y2	created	edited
262	84340	False	False	False	False	False		True	7.45	12.549999999999999	3033.394990808824	8416.189108455883	2022-06-03 08:40:32	2022-06-03 08:40:32
9668	34981	False	True	False	True	False		False	6.284921264648437	15.0	0.0	8773.312482833862	2022-12-14 21:23:12	2022-12-14 21:23:25
214	47658	False	False	True	False	False		False					2022-06-02 18:21:08	2022-06-02 18:21:08
219	84907	False	False	True	False	False		False					2022-06-02 18:28:15	2022-06-02 18:28:15
221	23062	False	True	False	True	False		False					2022-06-02 18:32:25	2022-06-02 18:32:25
224	97589	False	False	False	False	False		False					2022-06-02 18:40:19	2022-06-02 18:40:19
227	86408	False	False	True	False	False		False					2022-06-02 18:42:23	2022-06-02 18:42:23
228	25925	False	False	True	False	False		False					2022-06-02 18:44:14	2022-06-02 18:44:14
231	103994	False	False	False	False	False		False					2022-06-02 18:48:00	2022-06-02 18:48:00
232	104693	False	False	False	False	False		False					2022-06-02 18:48:55	2022-06-02 18:48:55
259	95971	False	False	False	False	False		False					2022-06-03 08:34:05	2022-06-03 08:34:05
264	81681	False	False	False	False	False		False					2022-06-03 08:50:46	2022-06-03 08:50:46
215	35033	True	False	False	True	False		False					2022-06-02 18:21:58	2022-06-02 18:21:58
216	2523	False	False	False	False	False		False					2022-06-02 18:23:56	2022-06-02 18:23:56
217	84894	False	False	False	False	False		False					2022-06-02 18:24:48	2022-06-02 18:24:48
218	87319	False	False	False	False	False		False					2022-06-02 18:27:55	2022-06-02 18:27:55
220	87333	False	False	False	False	False		False					2022-06-02 18:31:41	2022-06-02 18:31:41
222	22906	False	True	True	False	False		False					2022-06-02 18:32:51	2022-06-02 18:32:51
223	18386	False	True	False	True	False		False					2022-06-02 18:34:31	2022-06-02 18:34:31
225	104231	False	False	False	False	False		False					2022-06-02 18:40:51	2022-06-02 18:40:51
226	100998	False	False	False	False	False		False					2022-06-02 18:41:25	2022-06-02 18:41:25
229	91916	False	False	False	True	False		False					2022-06-02 18:44:32	2022-06-02 18:44:32
230	87101	False	False	False	False	False		False					2022-06-02 18:45:48	2022-06-02 18:45:48
255	6007	False	False	False	False	False		False					2022-06-03 08:27:48	2022-06-03 08:27:48
256	1236	False	False	False	False	False		False					2022-06-03 08:30:36	2022-06-03 08:30:36
257	90403	False	False	False	False	False		False					2022-06-03 08:32:07	2022-06-03 08:32:07
258	94731	False	False	False	False	False		False					2022-06-03 08:33:46	2022-06-03 08:33:46
260	82450	False	False	False	False	False		False					2022-06-03 08:34:47	2022-06-03 08:34:47
261	97426	False	False	False	False	False		False					2022-06-03 08:36:30	2022-06-03 08:36:30
263	2800	False	False	False	False	False		True					2022-06-03 08:42:19	2022-06-03 08:42:19
9670	34954	False	False	False	True	False		False					2022-12-14 21:23:47	2022-12-14 21:23:47
9672	34965	False	False	False	True	False		False					2022-12-14 21:24:21	2022-12-14 21:24:21
9642	25567	False	False	False	False	False		False					2022-12-14 21:12:02	2022-12-14 21:12:02
9646	25588	False	False	False	False	False		False					2022-12-14 21:15:56	2022-12-14 21:15:56
9669	35117	False	False	False	True	False		False					2022-12-14 21:23:39	2022-12-14 21:23:39
9673	35097	False	False	False	True	False		False					2022-12-14 21:24:32	2022-12-14 21:24:32
9649	67641	False	False	False	False	False		False					2022-12-14 21:17:06	2022-12-14 21:17:06
9656	29664	False	False	False	False	False		False					2022-12-14 21:20:04	2022-12-14 21:20:04
9671	34801	False	True	False	True	False		False					2022-12-14 21:24:01	2022-12-14 21:24:01
9639	106194	False	False	False	False	False		False					2022-12-14 21:09:27	2022-12-14 21:09:27
9640	106309	False	False	False	False	False		False					2022-12-14 21:10:11	2022-12-14 21:10:11
9643	67394	False	False	False	False	False		False					2022-12-14 21:12:32	2022-12-14 21:12:32
9645	67970	False	False	False	False	False		False					2022-12-14 21:13:50	2022-12-14 21:13:50
9647	67565	False	False	False	False	False		False					2022-12-14 21:16:23	2022-12-14 21:16:23
9651	25431	False	False	False	False	False		False					2022-12-14 21:17:50	2022-12-14 21:17:50
9652	68395	False	False	False	False	False		False					2022-12-14 21:18:29	2022-12-14 21:18:29
20740	50223	False	False	False	False	False		False					2023-04-16 21:03:24	2023-04-16 21:03:24
20744	50554	False	False	False	False	False		False					2023-04-16 21:04:53	2023-04-16 21:04:53
20748	50390	False	False	False	False	False		False					2023-04-16 21:06:40	2023-04-16 21:06:40
20736	50886	False	False	False	False	False		False					2023-04-16 21:01:30	2023-04-16 21:01:30
20738	49944	False	False	False	True	False		False					2023-04-16 21:02:35	2023-04-16 21:02:35
20745	50686	False	False	False	False	False		True					2023-04-16 21:05:15	2023-04-16 21:05:15
20750	50641	False	False	False	False	False		False					2023-04-16 21:07:09	2023-04-16 21:07:09
20757	34387	False	False	False	False	False		False					2023-04-16 21:09:56	2023-04-16 21:09:56
20733	50659	False	False	False	False	False		False					2023-04-16 20:58:03	2023-04-16 20:58:03
20734	50989	False	False	False	False	False		False					2023-04-16 20:59:37	2023-04-16 20:59:37
20739	50628	False	False	False	False	False		False					2023-04-16 21:02:54	2023-04-16 21:02:54
20741	50893	False	True	False	True	False		False					2023-04-16 21:03:46	2023-04-16 21:03:46
20735	50030	False	False	False	False	False		False					2023-04-16 20:59:58	2023-04-16 20:59:58
20737	50377	False	False	False	False	False		False					2023-04-16 21:02:04	2023-04-16 21:02:04
20742	50634	True	False	False	True	False		False					2023-04-16 21:03:58	2023-04-16 21:03:58
20743	50672	False	False	False	False	False		True					2023-04-16 21:04:34	2023-04-16 21:04:34
20746	50075	False	False	False	False	False		False					2023-04-16 21:05:44	2023-04-16 21:05:49
20747	49989	False	False	False	False	False		False					2023-04-16 21:06:24	2023-04-16 21:06:24
20754	34143	False	False	False	False	False		False					2023-04-16 21:09:27	2023-04-16 21:09:27
