annotation_id	recording_id	is_low_quality	contains_human_speech	contains_unknown_birds	does_not_contain_birds	contains_birds_not_on_list	birds_not_on_list	has_boxes_for_all_bird_sounds	non_bird_area_x1	non_bird_area_x2	non_bird_area_y1	non_bird_area_y2	created	edited
20348	84737	False	False	False	True	False		False	7.517278876517388	11.09995604187172	0.0	4928.823529411765	2023-04-09 21:28:27	2023-04-09 21:29:42
20353	84759	False	False	False	True	False		False	7.779746068118438	9.853236881766733	0.0	3566.911764705882	2023-04-09 21:35:15	2023-04-09 21:35:15
891	85147	False	False	False	False	False		False					2022-06-11 19:20:25	2022-06-11 19:20:25
1145	84831	False	False	False	False	False		False					2022-06-24 16:18:26	2022-06-24 16:18:26
20351	84725	False	False	False	False	False		False					2023-04-09 21:33:56	2023-04-09 21:33:56
20356	84792	False	False	False	False	False		False					2023-04-09 21:37:08	2023-04-09 21:37:08
20354	84907	False	False	True	False	False		False					2023-04-09 21:35:32	2023-04-09 21:35:32
20355	84723	True	False	False	False	False		False					2023-04-09 21:36:33	2023-04-09 21:36:33
20350	84897	False	False	True	False	False		False					2023-04-09 21:32:38	2023-04-09 21:32:38
20357	84845	False	False	False	False	False		False					2023-04-09 21:38:05	2023-04-09 21:38:05
20358	84743	False	False	False	False	False		False					2023-04-09 21:38:40	2023-04-09 21:38:40
20349	84835	False	False	False	False	False		False					2023-04-09 21:30:24	2023-04-09 21:30:24
20352	84761	False	False	False	False	False		False					2023-04-09 21:34:40	2023-04-09 21:34:40
