annotation_id	recording_id	is_low_quality	contains_human_speech	contains_unknown_birds	does_not_contain_birds	contains_birds_not_on_list	birds_not_on_list	has_boxes_for_all_bird_sounds	non_bird_area_x1	non_bird_area_x2	non_bird_area_y1	non_bird_area_y2	created	edited
5844	53717	True	False	False	False	False		False					2022-09-16 09:01:55	2022-09-16 09:01:55
5847	53501	False	False	False	False	False		False					2022-09-16 09:06:59	2022-09-16 09:06:59
5830	10294	False	False	False	False	False		False					2022-09-16 08:30:56	2022-09-16 08:30:56
5831	54000	False	False	False	False	False		False					2022-09-16 08:31:26	2022-09-16 08:31:26
5834	9403	False	False	False	False	False		False					2022-09-16 08:35:12	2022-09-16 08:35:12
5835	10389	False	False	False	False	False		False					2022-09-16 08:36:25	2022-09-16 08:36:25
5836	53552	False	False	False	False	False		False					2022-09-16 08:39:01	2022-09-16 08:39:01
5838	53498	False	False	False	False	False		False					2022-09-16 08:40:27	2022-09-16 08:40:27
5839	10345	False	False	False	False	False		False					2022-09-16 08:41:26	2022-09-16 08:41:26
5840	53638	False	False	False	False	False		False					2022-09-16 08:45:45	2022-09-16 08:45:45
5841	11018	False	False	False	False	False		False					2022-09-16 08:57:38	2022-09-16 08:57:38
5842	9576	True	False	False	False	False		False					2022-09-16 08:58:46	2022-09-16 08:58:46
5846	54194	True	False	False	False	False		False					2022-09-16 09:05:57	2022-09-16 09:05:57
6081	9300	True	False	False	True	False		False					2022-09-19 08:16:55	2022-09-19 08:16:55
6082	9903	False	False	False	False	False		False					2022-09-19 08:17:27	2022-09-19 08:17:27
6085	11421	True	False	False	False	False		False					2022-09-19 08:21:12	2022-09-19 08:21:12
6087	10010	False	False	False	False	False		False					2022-09-19 08:22:33	2022-09-19 08:22:33
6090	9372	True	False	False	False	False		False					2022-09-19 08:24:47	2022-09-19 08:24:47
6091	11107	False	False	True	False	False		False					2022-09-19 08:25:27	2022-09-19 08:25:27
6092	54054	True	True	False	False	False		True					2022-09-19 08:26:30	2022-09-19 08:26:30
6094	53712	False	False	False	False	False		True					2022-09-19 08:31:01	2022-09-19 08:31:01
6096	53750	True	False	False	False	False		False					2022-09-19 08:33:17	2022-09-19 08:33:17
6079	53517	False	False	False	False	False		False					2022-09-19 08:15:25	2022-09-19 08:15:25
6080	9723	True	False	False	False	False		False					2022-09-19 08:16:31	2022-09-19 08:16:31
6083	10020	False	False	True	False	False		False					2022-09-19 08:20:12	2022-09-19 08:20:12
6086	53901	False	False	True	False	False		False					2022-09-19 08:22:11	2022-09-19 08:22:11
6088	53974	False	False	False	False	False		False					2022-09-19 08:23:40	2022-09-19 08:23:40
6093	53831	False	False	False	False	False		False					2022-09-19 08:29:44	2022-09-19 08:29:44
6095	53772	False	False	False	False	False		False					2022-09-19 08:32:11	2022-09-19 08:32:11
5832	11279	False	False	False	False	False		False					2022-09-16 08:32:09	2022-09-16 08:32:09
5833	9836	False	False	False	False	False		False					2022-09-16 08:33:48	2022-09-16 08:33:48
5837	10108	False	False	False	False	False		False					2022-09-16 08:40:07	2022-09-16 08:40:07
5843	53612	False	False	False	False	False		False					2022-09-16 09:01:15	2022-09-16 09:01:15
5845	53575	False	True	False	False	False		False					2022-09-16 09:02:59	2022-09-16 09:02:59
6527	11076	False	False	False	False	False		False					2022-09-26 09:45:33	2022-09-26 09:45:33
6528	10408	True	False	False	False	False		False					2022-09-26 09:46:18	2022-09-26 09:46:18
6536	10969	False	False	True	False	False		False					2022-09-26 09:58:40	2022-09-26 09:58:40
6537	54179	False	False	False	False	False		False					2022-09-26 10:17:20	2022-09-26 10:17:20
6540	53930	False	False	False	False	False		False					2022-09-26 10:22:18	2022-09-26 10:22:18
6545	9488	False	False	False	False	False		False					2022-09-26 10:45:01	2022-09-26 10:45:01
6548	9567	True	False	False	True	False		False					2022-09-26 10:51:39	2022-09-26 10:51:39
6549	9447	False	False	False	False	False		False					2022-09-26 10:52:21	2022-09-26 10:52:35
6525	53648	True	False	False	False	False		False					2022-09-26 09:42:10	2022-09-26 09:42:10
6531	9424	False	False	True	False	False		False					2022-09-26 09:48:56	2022-09-26 09:48:56
6533	9697	False	False	False	False	False		False					2022-09-26 09:52:49	2022-09-26 09:52:49
6539	54060	False	False	False	False	False		False					2022-09-26 10:18:17	2022-09-26 10:18:17
6546	9927	True	False	False	False	False		False					2022-09-26 10:46:18	2022-09-26 10:46:18
6547	10524	True	False	False	False	False		False					2022-09-26 10:51:16	2022-09-26 10:51:16
6526	10135	False	False	True	False	False		False					2022-09-26 09:43:48	2022-09-26 09:43:48
6529	10869	True	False	False	True	False		False					2022-09-26 09:46:37	2022-09-26 09:46:37
6530	10203	False	False	False	False	False		False					2022-09-26 09:47:11	2022-09-26 09:47:11
6532	9775	False	False	False	False	False		False					2022-09-26 09:50:38	2022-09-26 09:50:38
6534	11266	False	False	True	False	False		False					2022-09-26 09:53:55	2022-09-26 09:53:55
6535	10077	False	False	False	False	False		False					2022-09-26 09:57:49	2022-09-26 09:57:49
6538	53909	False	False	False	True	False		False					2022-09-26 10:17:38	2022-09-26 10:17:38
6541	9262	True	False	False	True	False		False					2022-09-26 10:23:12	2022-09-26 10:23:12
6542	54019	False	False	True	False	False		False					2022-09-26 10:24:59	2022-09-26 10:24:59
6543	10523	False	False	True	False	False		False					2022-09-26 10:39:54	2022-09-26 10:39:54
6544	10922	False	False	False	False	False		False					2022-09-26 10:42:53	2022-09-26 10:42:53
