annotation_id	recording_id	is_low_quality	contains_human_speech	contains_unknown_birds	does_not_contain_birds	contains_birds_not_on_list	birds_not_on_list	has_boxes_for_all_bird_sounds	non_bird_area_x1	non_bird_area_x2	non_bird_area_y1	non_bird_area_y2	created	edited
8308	65180	False	False	False	False	False		False					2022-11-09 11:17:19	2022-11-09 11:17:19
8307	64217	False	False	False	False	False		False					2022-11-09 11:08:25	2022-11-09 11:08:25
8312	63919	False	False	False	False	False		False					2022-11-09 11:34:08	2022-11-09 11:54:18
9217	63826	False	False	False	True	False		False					2022-12-07 21:30:19	2022-12-07 21:30:19
9218	65333	False	False	False	False	False		False					2022-12-07 21:32:53	2022-12-07 21:32:53
