annotation_id	recording_id	is_low_quality	contains_human_speech	contains_unknown_birds	does_not_contain_birds	contains_birds_not_on_list	birds_not_on_list	has_boxes_for_all_bird_sounds	non_bird_area_x1	non_bird_area_x2	non_bird_area_y1	non_bird_area_y2	created	edited
1121	26917	False	False	True	False	False		False					2022-06-24 13:15:43	2022-06-24 13:15:43
1124	26653	False	False	True	False	False		False					2022-06-24 13:27:13	2022-06-24 13:27:13
1126	26721	False	False	True	False	False		False					2022-06-24 13:27:54	2022-06-24 13:27:54
1129	27115	True	False	False	False	False		False					2022-06-24 13:29:35	2022-06-24 13:29:35
1131	26980	True	False	False	False	False		False					2022-06-24 13:30:13	2022-06-24 13:30:13
1133	26708	False	False	True	False	False		False					2022-06-24 13:31:03	2022-06-24 13:31:03
1135	26679	False	False	True	False	False		False					2022-06-24 13:31:51	2022-06-24 13:31:51
1136	27258	False	False	False	False	False		False					2022-06-24 13:33:11	2022-06-24 13:33:11
1147	26656	False	False	True	False	False		False					2022-06-25 04:43:25	2022-06-25 04:43:25
1149	26801	False	False	False	True	False		False					2022-06-25 04:45:32	2022-06-25 04:45:32
1150	26945	False	False	False	False	False		False					2022-06-25 04:48:58	2022-06-25 04:48:58
1152	27298	False	False	True	False	False		False					2022-06-25 04:49:59	2022-06-25 04:49:59
1154	26992	False	False	False	True	False		False					2022-06-25 04:50:29	2022-06-25 04:50:29
1156	26971	False	False	False	True	False		False					2022-06-25 04:50:58	2022-06-25 04:50:58
1158	26818	False	False	True	False	False		False					2022-06-25 04:53:33	2022-06-25 04:53:33
1160	26696	False	False	True	False	False		False					2022-06-25 04:54:05	2022-06-25 04:54:05
1162	27042	False	False	False	True	False		False					2022-06-25 04:54:45	2022-06-25 04:54:45
1164	27004	False	False	True	False	False		False					2022-06-25 04:55:30	2022-06-25 04:55:30
1166	26861	False	False	True	False	False		False					2022-06-25 04:57:13	2022-06-25 04:57:13
1168	26747	False	False	True	False	False		False					2022-06-25 04:57:55	2022-06-25 04:57:55
1170	27123	False	False	False	True	False		False					2022-06-25 04:58:26	2022-06-25 04:58:26
1172	27110	False	False	False	True	False		False					2022-06-25 04:58:57	2022-06-25 04:58:57
1174	27003	False	False	True	False	False		False					2022-06-25 04:59:37	2022-06-25 04:59:37
1175	26895	False	False	False	False	False		False					2022-06-25 05:00:28	2022-06-25 05:00:28
1177	26716	False	False	True	False	False		False					2022-06-25 05:01:48	2022-06-25 05:01:48
1179	27032	False	False	True	False	False		False					2022-06-25 05:02:24	2022-06-25 05:02:24
1181	26746	False	False	True	False	False		False					2022-06-25 05:02:52	2022-06-25 05:02:52
1184	27012	False	False	True	False	False		False					2022-06-25 05:06:32	2022-06-25 05:06:32
1125	26786	False	False	True	False	False		False					2022-06-24 13:27:28	2022-06-24 13:27:28
1128	27131	False	False	False	False	False		False					2022-06-24 13:29:07	2022-06-24 13:29:07
1132	27314	False	False	True	False	False		False					2022-06-24 13:30:29	2022-06-24 13:30:29
1146	27229	False	False	True	False	False		False					2022-06-25 04:35:08	2022-06-25 04:35:08
1153	26690	False	False	False	True	False		False					2022-06-25 04:50:15	2022-06-25 04:50:15
1157	27093	False	False	True	False	False		False					2022-06-25 04:51:27	2022-06-25 04:51:27
1161	27330	False	False	True	False	False		False					2022-06-25 04:54:29	2022-06-25 04:54:29
1165	27196	False	False	True	False	False		False					2022-06-25 04:55:50	2022-06-25 04:55:50
1169	26730	False	False	True	False	False		False					2022-06-25 04:58:11	2022-06-25 04:58:11
1173	27048	False	False	False	True	False		False					2022-06-25 04:59:10	2022-06-25 04:59:10
1176	27129	False	False	True	False	False		False					2022-06-25 05:01:34	2022-06-25 05:01:34
1180	26799	False	False	False	True	False		False					2022-06-25 05:02:35	2022-06-25 05:02:35
1183	26787	False	False	False	False	False		False					2022-06-25 05:06:13	2022-06-25 05:06:13
1120	27273	False	False	True	False	False		False					2022-06-24 13:14:27	2022-06-24 13:14:58
1122	27139	False	False	False	False	False		False					2022-06-24 13:22:20	2022-06-24 13:23:40
1123	26642	False	False	True	False	False		False					2022-06-24 13:24:13	2022-06-24 13:24:13
1127	27049	False	False	False	True	False		False					2022-06-24 13:28:08	2022-06-24 13:28:08
1130	27029	False	False	True	False	False		False					2022-06-24 13:29:51	2022-06-24 13:29:51
1134	26738	False	False	True	False	False		False					2022-06-24 13:31:29	2022-06-24 13:31:29
1137	26993	False	False	False	True	False		False					2022-06-24 13:33:39	2022-06-24 13:33:39
1148	26881	False	False	True	False	False		False					2022-06-25 04:45:09	2022-06-25 04:45:09
1151	26803	False	False	True	False	False		False					2022-06-25 04:49:22	2022-06-25 04:49:22
1155	26673	False	False	True	False	False		False					2022-06-25 04:50:43	2022-06-25 04:50:43
1159	27249	False	False	False	True	False		False					2022-06-25 04:53:51	2022-06-25 04:53:51
1163	26641	False	False	True	False	False		False					2022-06-25 04:55:03	2022-06-25 04:55:03
1167	27206	False	False	True	False	False		False					2022-06-25 04:57:32	2022-06-25 04:57:32
1171	26775	False	False	True	False	False		False					2022-06-25 04:58:42	2022-06-25 04:58:42
1178	26850	False	False	False	True	False		False					2022-06-25 05:02:08	2022-06-25 05:02:08
1182	27121	False	False	False	True	False		False					2022-06-25 05:03:01	2022-06-25 05:03:01
