annotation_id	recording_id	is_low_quality	contains_human_speech	contains_unknown_birds	does_not_contain_birds	contains_birds_not_on_list	birds_not_on_list	has_boxes_for_all_bird_sounds	non_bird_area_x1	non_bird_area_x2	non_bird_area_y1	non_bird_area_y2	created	edited
778	27314	False	False	False	False	False		True	7.242397910670231	8.751169840494791	8041.764705882354	8625.441176470587	2022-06-09 05:56:49	2022-06-09 05:56:49
782	26831	False	True	False	False	False		True	5.645906682600055	7.575731244003564	5642.2058823529405	6874.411764705883	2022-06-09 06:11:29	2022-06-09 06:11:29
772	27154	False	False	False	False	False		False					2022-06-09 05:27:29	2022-06-09 05:50:06
780	27227	False	False	False	False	False		True					2022-06-09 05:57:42	2022-06-09 05:57:42
776	26745	False	False	False	False	False		True					2022-06-09 05:51:46	2022-06-09 05:53:34
