annotation_id	recording_id	is_low_quality	contains_human_speech	contains_unknown_birds	does_not_contain_birds	contains_birds_not_on_list	birds_not_on_list	has_boxes_for_all_bird_sounds	non_bird_area_x1	non_bird_area_x2	non_bird_area_y1	non_bird_area_y2	created	edited
6891	79773	False	False	False	False	False		False					2022-09-29 05:44:58	2022-09-29 05:44:58
7418	79771	False	False	False	False	False		False					2022-10-10 23:49:46	2022-10-10 23:49:46
7419	46769	False	False	False	True	False		False					2022-10-10 23:50:26	2022-10-10 23:50:26
7420	80823	False	False	False	False	False		False					2022-10-10 23:51:33	2022-10-10 23:51:33
