annotation_id	recording_id	is_low_quality	contains_human_speech	contains_unknown_birds	does_not_contain_birds	contains_birds_not_on_list	birds_not_on_list	has_boxes_for_all_bird_sounds	non_bird_area_x1	non_bird_area_x2	non_bird_area_y1	non_bird_area_y2	created	edited
1039	5079	True	False	False	False	False		False					2022-06-19 10:46:33	2022-06-19 10:46:58
1044	5782	False	False	True	False	False		False					2022-06-19 10:53:13	2022-06-19 10:53:13
1047	5665	True	False	False	False	False		False					2022-06-19 10:54:36	2022-06-19 10:54:36
1049	5260	False	False	False	False	False		False					2022-06-19 10:57:51	2022-06-19 10:57:51
1051	5640	False	False	False	False	False		False					2022-06-19 11:00:50	2022-06-19 11:00:50
1037	4782	False	False	False	False	False		False					2022-06-19 10:44:49	2022-06-19 10:44:49
1038	4987	False	False	False	False	False		False					2022-06-19 10:46:02	2022-06-19 10:46:02
1040	4956	True	False	False	False	False		False					2022-06-19 10:47:25	2022-06-19 10:47:25
1041	5351	False	False	False	False	False		False					2022-06-19 10:51:16	2022-06-19 10:51:16
1042	5057	False	False	False	False	False		False					2022-06-19 10:52:02	2022-06-19 10:52:02
1043	5539	True	False	False	False	False		False					2022-06-19 10:52:13	2022-06-19 10:52:13
1045	5890	False	False	True	False	False		False					2022-06-19 10:53:32	2022-06-19 10:53:32
1046	4742	True	False	False	False	False		False					2022-06-19 10:54:26	2022-06-19 10:54:26
1048	5127	False	False	False	False	False		False					2022-06-19 10:55:12	2022-06-19 10:55:12
1050	5315	False	False	False	False	False		False					2022-06-19 10:59:56	2022-06-19 10:59:56
1052	5323	False	False	False	False	False		False					2022-06-19 11:02:18	2022-06-19 11:02:18
1053	4877	False	False	False	False	False		False					2022-06-19 11:05:32	2022-06-19 11:05:32
