annotation_id	recording_id	is_low_quality	contains_human_speech	contains_unknown_birds	does_not_contain_birds	contains_birds_not_on_list	birds_not_on_list	has_boxes_for_all_bird_sounds	non_bird_area_x1	non_bird_area_x2	non_bird_area_y1	non_bird_area_y2	created	edited
31234	30175	False	False	False	True	False		False	6.535911602209945	12.281767955801104	0.0	1751.0294117647059	2023-10-25 12:27:38	2023-10-25 12:51:45
22549	75071	False	False	False	True	False		False	5.622028278278278	14.951357607607607	0.0	3631.7647058823536	2023-06-06 17:56:19	2023-10-25 12:51:26
31338	56771	False	False	False	False	False		False	6.158972691807543	7.563394018205462	4410.0	9338.823529411766	2023-10-25 12:44:17	2023-10-25 12:45:07
22564	30780	False	False	False	False	False		False					2023-06-06 17:59:24	2023-06-06 17:59:24
31206	30478	False	False	False	False	False		True					2023-10-25 12:26:27	2023-10-25 12:49:16
31210	29729	False	False	False	True	False		False					2023-10-25 12:26:35	2023-10-25 12:26:40
31312	58266	False	False	False	True	False		False					2023-10-25 12:41:27	2023-10-25 12:41:27
31314	57211	False	False	True	False	False		False					2023-10-25 12:41:36	2023-10-25 12:50:13
31328	19432	False	False	False	True	False		False					2023-10-25 12:44:00	2023-10-25 12:44:00
31366	58552	False	False	False	True	False		False					2023-10-25 12:46:29	2023-10-25 12:46:29
31182	30412	False	False	False	True	False		False					2023-10-25 12:24:25	2023-10-25 12:24:40
31230	29467	False	False	False	True	False		False					2023-10-25 12:27:27	2023-10-25 12:27:27
31232	30865	False	False	False	True	False		False					2023-10-25 12:27:33	2023-10-25 12:27:33
31251	29401	False	False	False	True	False		False					2023-10-25 12:28:02	2023-10-25 12:28:02
31321	58006	False	False	False	True	False		False					2023-10-25 12:43:41	2023-10-25 12:43:41
31390	165556	False	False	False	False	False		False					2023-10-25 12:47:27	2023-10-25 12:48:23
31133	29638	False	False	False	False	False		False					2023-10-25 12:22:06	2023-10-25 12:48:43
31185	30246	False	False	False	True	False		False					2023-10-25 12:24:44	2023-10-25 12:24:56
31281	29767	False	False	False	True	False		False					2023-10-25 12:28:58	2023-10-25 12:28:58
31297	65028	False	False	False	False	False		True					2023-10-25 12:29:58	2023-10-25 12:50:27
31346	58283	False	False	False	False	False		False					2023-10-25 12:45:59	2023-10-25 12:50:39
31193	28920	False	False	False	True	False		False					2023-10-25 12:25:23	2023-10-25 12:25:23
31344	58295	False	False	False	True	False		False					2023-10-25 12:45:19	2023-10-25 12:45:19
