annotation_id	recording_id	is_low_quality	contains_human_speech	contains_unknown_birds	does_not_contain_birds	contains_birds_not_on_list	birds_not_on_list	has_boxes_for_all_bird_sounds	non_bird_area_x1	non_bird_area_x2	non_bird_area_y1	non_bird_area_y2	created	edited
779	26696	False	False	False	True	False		False	6.3755469935459725	6.62489082556697	8397.64705882353	15818.823529411764	2022-06-09 05:56:57	2022-06-09 05:56:57
774	27046	False	False	False	True	False		False					2022-06-09 05:45:09	2022-06-09 05:45:09
775	27016	True	False	False	True	False		False					2022-06-09 05:46:37	2022-06-09 05:46:37
777	27298	False	False	True	False	False		False					2022-06-09 05:55:30	2022-06-09 05:55:30
781	27282	False	False	False	False	False		True					2022-06-09 05:58:39	2022-06-09 05:58:39
773	27005	False	False	False	False	False		False					2022-06-09 05:44:12	2022-06-09 05:44:12
