annotation_id	recording_id	is_low_quality	contains_human_speech	contains_unknown_birds	does_not_contain_birds	contains_birds_not_on_list	birds_not_on_list	has_boxes_for_all_bird_sounds	non_bird_area_x1	non_bird_area_x2	non_bird_area_y1	non_bird_area_y2	created	edited
359	92524	False	False	False	False	False		False					2022-06-04 18:21:28	2022-06-04 18:21:28
362	85101	False	False	False	False	False		False					2022-06-04 18:24:12	2022-06-04 18:24:12
363	92414	False	False	False	True	False		False					2022-06-04 18:24:40	2022-06-04 18:24:40
364	92568	True	False	False	False	False		False					2022-06-04 18:25:38	2022-06-04 18:25:38
366	85210	False	False	False	False	False		False					2022-06-04 18:26:32	2022-06-04 18:26:32
369	84603	False	False	False	False	False		False					2022-06-04 18:28:57	2022-06-04 18:28:57
370	92689	False	False	False	False	False		False					2022-06-04 18:29:38	2022-06-04 18:29:38
373	92592	True	False	False	False	False		False					2022-06-04 18:31:30	2022-06-04 18:31:30
374	92566	False	False	False	False	False		False					2022-06-04 18:32:23	2022-06-04 18:32:23
375	82359	False	False	False	False	False		False					2022-06-04 18:32:53	2022-06-04 18:32:53
379	92378	False	False	False	False	False		False					2022-06-04 18:34:50	2022-06-04 18:34:50
382	85182	True	False	True	False	False		False					2022-06-04 18:37:18	2022-06-04 18:37:18
385	92699	False	False	False	False	False		False					2022-06-04 18:38:55	2022-06-04 18:38:55
386	92749	False	False	False	False	False		False					2022-06-04 18:39:51	2022-06-04 18:39:51
387	93022	False	False	False	False	False		False					2022-06-04 18:41:05	2022-06-04 18:41:05
388	92022	False	False	False	False	False		False					2022-06-04 18:41:54	2022-06-04 18:41:54
390	93003	False	False	False	False	False		False					2022-06-04 18:43:28	2022-06-04 18:43:28
393	92245	False	False	False	False	False		False					2022-06-04 18:45:25	2022-06-04 18:45:25
395	93135	False	False	False	False	False		False					2022-06-04 18:47:04	2022-06-04 18:47:04
396	92581	True	False	False	False	False		False					2022-06-04 18:48:00	2022-06-04 18:48:00
397	84470	False	False	False	False	False		False					2022-06-04 18:48:48	2022-06-04 18:48:48
398	92571	True	False	True	False	False		False					2022-06-04 18:49:23	2022-06-04 18:49:23
423	84713	False	False	False	False	False		False					2022-06-04 22:11:00	2022-06-04 22:11:00
360	92333	False	False	False	False	False		False					2022-06-04 18:22:12	2022-06-04 18:22:12
361	93016	False	False	False	False	False		False					2022-06-04 18:23:05	2022-06-04 18:23:05
365	92451	False	False	False	False	False		False					2022-06-04 18:26:07	2022-06-04 18:26:07
367	92991	False	False	False	False	False		False					2022-06-04 18:27:48	2022-06-04 18:27:48
368	92841	False	False	False	False	False		False					2022-06-04 18:28:20	2022-06-04 18:28:20
371	92029	False	False	False	False	False		False					2022-06-04 18:30:17	2022-06-04 18:30:17
372	92313	False	False	False	False	False		False					2022-06-04 18:30:42	2022-06-04 18:30:42
376	84604	False	False	False	False	False		False					2022-06-04 18:33:23	2022-06-04 18:33:23
377	93080	True	False	False	False	False		False					2022-06-04 18:33:53	2022-06-04 18:33:53
378	84327	False	False	False	False	False		False					2022-06-04 18:34:24	2022-06-04 18:34:24
380	82272	True	False	False	True	False		False					2022-06-04 18:35:37	2022-06-04 18:35:37
381	92791	False	False	False	False	False		False					2022-06-04 18:36:14	2022-06-04 18:36:14
383	92866	False	False	False	False	False		False					2022-06-04 18:37:42	2022-06-04 18:37:42
384	92419	False	False	False	False	False		False					2022-06-04 18:38:18	2022-06-04 18:38:18
389	82287	False	False	False	False	False		False					2022-06-04 18:42:44	2022-06-04 18:42:44
391	92497	False	False	False	False	False		False					2022-06-04 18:44:06	2022-06-04 18:44:06
392	92665	False	False	False	False	False		False					2022-06-04 18:44:52	2022-06-04 18:44:52
394	84522	False	False	False	False	False		False					2022-06-04 18:45:55	2022-06-04 18:45:55
422	84452	False	False	False	False	False		False					2022-06-04 22:10:23	2022-06-04 22:10:23
424	84551	True	False	False	False	False		False					2022-06-04 22:11:49	2022-06-04 22:11:49
425	84503	True	False	False	False	False		False					2022-06-04 22:12:37	2022-06-04 22:12:37
426	84632	False	False	False	False	False		False					2022-06-04 22:13:11	2022-06-04 22:13:11
