annotation_id	recording_id	is_low_quality	contains_human_speech	contains_unknown_birds	does_not_contain_birds	contains_birds_not_on_list	birds_not_on_list	has_boxes_for_all_bird_sounds	non_bird_area_x1	non_bird_area_x2	non_bird_area_y1	non_bird_area_y2	created	edited
3574	59639	False	False	False	True	False		False	5.783815806722407	15.0	0.0	2658.9705882352946	2022-08-15 22:16:51	2022-08-15 22:16:51
3533	60057	False	False	False	True	False		False					2022-08-12 23:36:59	2022-08-12 23:41:37
3534	59708	False	False	False	False	False		True					2022-08-12 23:52:44	2022-08-12 23:52:44
3535	60465	False	False	False	False	False		True					2022-08-13 00:09:40	2022-08-13 00:09:40
3536	60144	True	False	False	False	False		True					2022-08-13 00:31:08	2022-08-13 00:31:08
3537	60582	True	False	False	False	False		False					2022-08-13 00:39:11	2022-08-13 00:39:11
3578	60546	True	False	False	False	False		True					2022-08-15 22:54:45	2022-08-15 22:54:45
3629	60310	False	False	False	False	False		False					2022-08-16 23:00:58	2022-08-16 23:00:58
3631	59762	False	False	False	False	False		False					2022-08-16 23:19:48	2022-08-16 23:19:48
3571	61338	False	False	False	False	False		True					2022-08-15 22:00:55	2022-08-15 22:00:55
3575	59540	True	False	False	True	False		False					2022-08-15 22:20:30	2022-08-15 22:20:30
3576	59980	False	False	True	False	False		False					2022-08-15 22:35:52	2022-08-15 22:35:52
3627	60534	False	False	False	False	False		True					2022-08-16 22:47:32	2022-08-16 22:47:32
3628	59667	True	False	False	True	False		False					2022-08-16 22:50:41	2022-08-16 22:50:41
3577	61297	False	False	False	False	False		True					2022-08-15 22:47:35	2022-08-15 22:47:35
