annotation_id	recording_id	is_low_quality	contains_human_speech	contains_unknown_birds	does_not_contain_birds	contains_birds_not_on_list	birds_not_on_list	has_boxes_for_all_bird_sounds	non_bird_area_x1	non_bird_area_x2	non_bird_area_y1	non_bird_area_y2	created	edited
400	36928	False	False	False	False	False		True					2022-06-04 18:56:54	2022-06-04 18:56:54
402	30847	False	False	True	False	False		False					2022-06-04 18:59:37	2022-06-04 18:59:37
149	56953	False	False	False	True	False		False					2022-06-02 10:32:55	2022-06-02 10:32:55
151	57270	True	False	False	False	False		False					2022-06-02 10:34:35	2022-06-02 17:17:02
211	18530	False	False	False	False	False		False					2022-06-02 17:18:24	2022-06-02 17:18:24
213	36718	False	False	False	False	False		False					2022-06-02 17:23:24	2022-06-02 20:37:11
253	18033	False	False	False	False	False		True					2022-06-02 22:03:44	2022-06-02 22:03:44
401	37290	False	True	False	False	False		True					2022-06-04 18:58:24	2022-06-04 18:58:24
148	58241	False	False	False	False	False		False					2022-06-02 10:31:58	2022-06-02 10:31:58
150	58632	False	False	False	False	False		False					2022-06-02 10:34:03	2022-06-02 17:16:20
212	36896	True	False	False	True	False		False					2022-06-02 17:18:50	2022-06-02 17:19:01
233	37137	False	False	False	False	False		False					2022-06-02 20:38:47	2022-06-02 20:38:47
234	73499	False	False	False	False	False		False					2022-06-02 20:41:46	2022-06-02 20:41:46
1629	58425	False	False	False	False	False		False					2022-07-18 15:49:40	2022-07-18 15:49:40
1630	57400	False	True	False	True	False		False					2022-07-18 15:50:06	2022-07-18 15:50:06
1631	57657	False	False	False	False	False		False					2022-07-18 15:51:16	2022-07-18 15:51:16
1632	57052	False	True	False	True	False		False					2022-07-18 15:51:29	2022-07-18 15:51:29
1634	56825	False	False	False	False	False		False					2022-07-18 15:53:45	2022-07-18 15:53:45
1636	58310	False	False	False	False	False		False					2022-07-18 15:54:29	2022-07-18 15:54:29
1637	58024	False	False	False	False	False		False					2022-07-18 15:55:13	2022-07-18 15:55:13
1638	57412	False	False	False	True	False		False					2022-07-18 17:00:29	2022-07-18 17:00:29
1643	56435	False	False	False	False	False		False					2022-07-18 17:03:33	2022-07-18 17:03:33
1644	20308	False	False	False	False	False		False					2022-07-18 17:04:13	2022-07-18 17:04:13
1647	37199	False	False	False	False	False		False					2022-07-18 17:05:25	2022-07-18 17:05:25
1652	74787	False	False	False	False	False		False					2022-07-18 17:06:47	2022-07-18 17:06:47
1655	38538	False	False	False	False	False		True					2022-07-18 17:07:43	2022-07-18 17:07:43
1656	57096	False	False	False	False	False		True					2022-07-18 17:08:06	2022-07-18 17:08:06
1657	58705	False	False	True	False	False		False					2022-07-18 17:09:14	2022-07-18 17:09:14
1660	19920	False	False	True	False	False		False					2022-07-18 17:10:13	2022-07-18 17:10:13
7546	57432	False	True	True	False	False		False					2022-10-25 16:15:23	2022-10-25 16:15:23
7573	37305	False	False	False	False	False		False					2022-10-26 12:11:58	2022-10-26 12:11:58
7583	75076	False	False	False	False	False		False					2022-10-26 12:16:50	2022-10-26 12:16:50
7538	74828	False	False	False	False	False		False					2022-10-25 16:02:06	2022-10-25 16:02:18
7542	29176	False	False	False	True	False		False					2022-10-25 16:08:32	2022-10-25 16:08:32
7545	57200	False	True	False	False	False		False					2022-10-25 16:13:10	2022-10-25 16:13:10
7572	29488	False	False	False	False	False		False					2022-10-26 12:11:30	2022-10-26 12:11:30
7574	56446	True	True	False	True	False		False					2022-10-26 12:12:14	2022-10-26 12:12:14
7576	56527	False	False	False	False	False		False					2022-10-26 12:13:47	2022-10-26 12:13:47
7581	73428	False	False	False	False	False		False					2022-10-26 12:16:11	2022-10-26 12:16:11
7591	37759	False	False	False	False	False		True					2022-10-26 12:19:20	2022-10-26 12:19:20
7595	57799	False	False	False	False	False		False					2022-10-26 12:23:10	2022-10-26 12:23:10
7541	31002	False	False	False	False	False		False					2022-10-25 16:08:04	2022-10-25 16:08:04
7547	30873	False	False	False	True	False		False					2022-10-25 16:15:39	2022-10-25 16:15:39
7564	36579	False	False	False	True	False		False					2022-10-26 12:04:58	2022-10-26 12:04:58
7568	58137	False	False	False	False	False		False					2022-10-26 12:07:49	2022-10-26 12:07:49
7569	18609	False	False	False	False	False		False					2022-10-26 12:09:01	2022-10-26 12:09:01
7593	37451	False	False	False	False	False		True					2022-10-26 12:20:01	2022-10-26 12:20:01
7537	57464	True	False	False	False	False		False					2022-10-25 15:59:10	2022-10-25 15:59:10
7540	74963	False	False	False	False	False		False					2022-10-25 16:07:40	2022-10-25 16:07:40
7544	37722	True	False	False	False	False		False					2022-10-25 16:10:52	2022-10-25 16:10:52
7548	18212	False	False	False	False	False		True					2022-10-25 16:16:15	2022-10-25 16:16:15
7570	30495	False	False	False	False	False		False					2022-10-26 12:09:34	2022-10-26 12:09:34
7582	37981	False	False	False	False	False		False					2022-10-26 12:16:32	2022-10-26 12:16:32
