annotation_id	recording_id	is_low_quality	contains_human_speech	contains_unknown_birds	does_not_contain_birds	contains_birds_not_on_list	birds_not_on_list	has_boxes_for_all_bird_sounds	non_bird_area_x1	non_bird_area_x2	non_bird_area_y1	non_bird_area_y2	created	edited
633	7517	False	False	False	False	False		False					2022-06-07 11:33:25	2022-06-07 11:33:25
634	7861	False	False	False	False	False		True					2022-06-07 11:36:22	2022-06-07 11:36:36
635	7841	False	False	False	False	False		True					2022-06-07 11:38:14	2022-06-07 11:38:14
636	7954	False	False	False	False	False		True					2022-06-07 11:39:08	2022-06-07 11:39:08
637	8062	True	False	False	False	False		True					2022-06-07 11:40:36	2022-06-07 11:40:36
639	7693	False	False	False	False	False		True					2022-06-07 11:41:31	2022-06-07 11:41:31
646	7871	False	False	False	False	False		True					2022-06-07 11:57:15	2022-06-07 11:57:15
648	7729	False	False	False	False	False		True					2022-06-07 12:00:05	2022-06-07 12:00:05
657	7602	False	False	True	False	False		False					2022-06-07 12:19:20	2022-06-07 12:19:20
660	8021	True	False	False	False	False		True					2022-06-07 12:23:55	2022-06-07 12:23:55
662	7737	False	False	False	False	False		True					2022-06-07 12:26:08	2022-06-07 12:26:08
667	7613	False	False	True	False	False		False					2022-06-07 12:30:30	2022-06-07 12:30:30
676	7422	False	False	False	False	False		True					2022-06-07 13:06:24	2022-06-07 13:06:24
683	7416	False	False	False	False	False		True					2022-06-07 13:09:46	2022-06-07 13:09:46
644	8036	False	False	False	False	False		True					2022-06-07 11:54:30	2022-06-07 11:54:30
647	7482	False	False	False	False	False		True					2022-06-07 11:58:34	2022-06-07 11:58:42
653	7718	True	False	False	True	False		False					2022-06-07 12:04:37	2022-06-07 12:04:37
661	7567	False	False	False	False	False		True					2022-06-07 12:25:29	2022-06-07 12:25:29
663	7879	False	False	False	False	False		True					2022-06-07 12:26:45	2022-06-07 12:26:45
664	7521	False	False	False	False	False		True					2022-06-07 12:28:21	2022-06-07 12:28:21
669	8042	False	False	False	True	False		False					2022-06-07 12:31:23	2022-06-07 12:31:23
670	8074	True	False	False	False	False		True					2022-06-07 12:32:27	2022-06-07 12:32:27
673	7751	True	False	True	False	False		False					2022-06-07 12:40:25	2022-06-07 12:40:25
678	7611	True	False	False	True	False		False					2022-06-07 13:06:51	2022-06-07 13:06:51
680	7431	False	False	False	True	False		False					2022-06-07 13:07:41	2022-06-07 13:07:41
682	7634	True	False	True	False	False		False					2022-06-07 13:08:45	2022-06-07 13:08:45
685	7563	True	False	False	False	False		True					2022-06-07 13:11:19	2022-06-07 13:11:19
643	7595	False	False	False	False	False		True					2022-06-07 11:51:47	2022-06-07 11:51:47
645	7387	True	False	False	False	False		True					2022-06-07 11:55:26	2022-06-07 11:55:26
649	7430	False	False	False	True	False		False					2022-06-07 12:00:50	2022-06-07 12:00:50
650	7373	True	False	False	False	False		True					2022-06-07 12:02:18	2022-06-07 12:02:18
659	7924	False	False	False	False	False		True					2022-06-07 12:22:17	2022-06-07 12:22:17
665	7827	False	False	False	False	False		True					2022-06-07 12:29:23	2022-06-07 12:29:23
668	7476	False	False	False	True	False		False					2022-06-07 12:31:10	2022-06-07 12:31:10
672	7812	True	False	False	False	False		True					2022-06-07 12:38:15	2022-06-07 12:38:15
675	7440	False	False	False	False	False		True					2022-06-07 13:05:24	2022-06-07 13:05:24
684	7462	False	False	False	False	False		True					2022-06-07 13:10:23	2022-06-07 13:10:23
642	7702	False	False	True	False	False		False					2022-06-07 11:50:09	2022-06-07 11:50:09
651	7631	True	False	False	True	False		False					2022-06-07 12:02:47	2022-06-07 12:02:47
652	7904	False	False	False	False	False		True					2022-06-07 12:04:10	2022-06-07 12:04:18
654	7686	False	False	False	False	False		False					2022-06-07 12:12:18	2022-06-07 12:12:18
655	8011	False	False	False	False	False		True					2022-06-07 12:13:10	2022-06-07 12:13:10
656	7788	False	False	False	False	False		True					2022-06-07 12:15:08	2022-06-07 12:15:08
658	7738	False	False	False	False	False		True					2022-06-07 12:21:08	2022-06-07 12:21:08
666	7795	False	False	False	False	False		True					2022-06-07 12:30:00	2022-06-07 12:30:00
671	7775	True	False	False	False	False		False					2022-06-07 12:34:56	2022-06-07 12:34:56
674	8087	False	False	True	False	False		False					2022-06-07 12:40:58	2022-06-07 13:04:45
677	7616	False	False	False	True	False		False					2022-06-07 13:06:37	2022-06-07 13:06:37
679	7510	False	False	False	False	False		True					2022-06-07 13:07:28	2022-06-07 13:07:28
681	7358	False	False	False	False	False		True					2022-06-07 13:08:08	2022-06-07 13:08:15
686	8051	True	False	False	False	False		True					2022-06-07 13:11:58	2022-06-07 13:11:58
