annotation_id	recording_id	is_low_quality	contains_human_speech	contains_unknown_birds	does_not_contain_birds	contains_birds_not_on_list	birds_not_on_list	has_boxes_for_all_bird_sounds	non_bird_area_x1	non_bird_area_x2	non_bird_area_y1	non_bird_area_y2	created	edited
7743	44032	False	False	False	False	False		True	8.071322803553802	9.80873642645607	2269.852941176471	6031.323529411766	2022-10-29 18:39:53	2022-10-29 18:39:53
7769	52452	False	False	False	False	True	Carolina wren	True	7.354473039215686	9.249897875816993	2334.7058823529414	9922.500000000002	2022-10-29 20:07:57	2025-01-27 22:43:03
4258	44489	True	True	False	True	False		False					2022-08-29 19:17:19	2022-08-29 19:17:19
4259	43278	False	False	False	False	False		False					2022-08-29 19:19:42	2022-08-29 19:19:42
4260	43744	False	False	False	True	False		False					2022-08-29 19:20:51	2022-08-29 19:20:51
4261	43728	False	False	False	False	False		False					2022-08-29 19:21:28	2022-08-29 19:21:28
4262	44383	True	False	False	True	False		False					2022-08-29 19:23:54	2022-08-29 19:23:54
4264	44982	False	False	False	False	False		False					2022-08-29 19:26:04	2022-08-29 19:26:04
4265	44700	False	False	False	False	False		False					2022-08-29 19:27:03	2022-08-29 19:27:03
4266	44078	False	False	False	False	False		False					2022-08-29 19:29:21	2022-08-29 19:29:21
4267	43380	False	False	False	False	False		False					2022-08-29 19:30:27	2022-08-29 19:30:27
4269	45424	True	False	False	False	False		False					2022-08-29 19:31:13	2022-08-29 19:31:13
4270	44058	False	False	False	False	False		False					2022-08-29 19:32:39	2022-08-29 19:32:39
4271	45443	False	False	False	False	False		True					2022-08-29 19:33:41	2022-08-29 19:33:41
4275	44352	False	False	False	False	False		False					2022-08-29 19:35:32	2022-08-29 19:35:32
4276	43648	False	False	False	False	False		False					2022-08-29 19:36:17	2022-08-29 19:36:17
4277	44482	False	False	False	False	False		False					2022-08-29 19:37:10	2022-08-29 19:37:10
4278	45296	False	False	False	True	False		False					2022-08-29 19:37:56	2022-08-29 19:37:56
4279	45194	False	False	False	True	False		False					2022-08-29 19:38:07	2022-08-29 19:38:07
4280	44240	False	False	True	False	False		False					2022-08-29 19:38:23	2022-08-29 19:38:33
4281	44311	False	False	False	True	False		False					2022-08-29 19:39:07	2022-08-29 19:39:07
4282	44253	True	False	False	True	False		False					2022-08-29 19:39:27	2022-08-29 19:39:27
4283	45134	False	False	False	True	False		False					2022-08-29 19:39:47	2022-08-29 19:39:47
4284	44582	False	False	False	False	False		True					2022-08-29 19:40:30	2022-08-29 19:40:30
4285	45342	False	False	True	False	False		False					2022-08-29 19:42:30	2022-08-29 19:42:30
7745	44872	False	False	True	False	False		False					2022-10-29 18:42:29	2022-10-29 18:42:29
7750	43829	False	False	False	False	False		True					2022-10-29 18:48:08	2022-10-29 18:48:08
7752	45168	False	False	True	False	False		False					2022-10-29 18:50:52	2022-10-29 18:50:52
7756	44315	False	False	True	False	False		False					2022-10-29 18:56:35	2022-10-29 18:56:35
7757	43522	False	False	True	False	False		False					2022-10-29 18:58:32	2022-10-29 18:58:32
7761	8314	False	False	False	False	False		False					2022-10-29 20:01:47	2022-10-29 20:01:47
7741	44325	False	False	True	False	False		False					2022-10-29 18:35:33	2022-10-29 18:35:33
7747	43056	True	False	True	False	False		False					2022-10-29 18:43:27	2022-10-29 18:43:27
7748	43986	False	False	True	False	False		False					2022-10-29 18:46:05	2022-10-29 18:46:05
7749	44286	False	False	False	False	False		True					2022-10-29 18:47:20	2022-10-29 18:47:20
7754	44951	False	False	True	False	False		False					2022-10-29 18:53:14	2022-10-29 18:53:14
7759	44214	False	False	True	False	False		False					2022-10-29 19:00:44	2022-10-29 19:00:44
7766	8366	False	True	False	True	False		False					2022-10-29 20:03:30	2022-10-29 20:03:39
7742	43965	False	False	False	True	False		False					2022-10-29 18:35:57	2022-10-29 18:35:57
7744	45072	False	False	False	False	False		True					2022-10-29 18:41:37	2022-10-29 18:41:37
7767	53054	False	False	False	False	False		True					2022-10-29 20:04:34	2022-10-29 20:04:34
7746	44521	True	False	False	True	False		False					2022-10-29 18:42:55	2022-10-29 18:42:55
7751	44640	False	False	False	True	False		False					2022-10-29 18:48:25	2022-10-29 18:48:25
7753	44204	True	False	False	False	False		True					2022-10-29 18:52:04	2022-10-29 18:52:04
7755	43937	False	False	False	False	False		True					2022-10-29 18:55:28	2022-10-29 18:55:28
7758	43967	False	False	True	False	False		False					2022-10-29 18:58:50	2022-10-29 18:58:50
