annotation_id	recording_id	is_low_quality	contains_human_speech	contains_unknown_birds	does_not_contain_birds	contains_birds_not_on_list	birds_not_on_list	has_boxes_for_all_bird_sounds	non_bird_area_x1	non_bird_area_x2	non_bird_area_y1	non_bird_area_y2	created	edited
1140	53462	False	False	True	False	False		False					2022-06-24 14:22:16	2022-06-24 14:22:16
1144	54210	False	False	False	False	False		False					2022-06-24 14:31:22	2022-06-24 14:31:22
1139	53689	False	False	True	False	False		False					2022-06-24 14:21:50	2022-06-24 14:21:50
1141	54211	False	False	False	False	False		False					2022-06-24 14:24:30	2022-06-24 14:24:30
1142	53534	False	False	False	False	False		False					2022-06-24 14:29:18	2022-06-24 14:29:18
1138	53788	False	False	True	False	False		False					2022-06-24 14:20:40	2022-06-24 14:20:40
1143	54214	False	False	False	False	False		False					2022-06-24 14:30:17	2022-06-24 14:30:17
