annotation_id	recording_id	is_low_quality	contains_human_speech	contains_unknown_birds	does_not_contain_birds	contains_birds_not_on_list	birds_not_on_list	has_boxes_for_all_bird_sounds	non_bird_area_x1	non_bird_area_x2	non_bird_area_y1	non_bird_area_y2	created	edited
12389	138037	True	False	False	False	False		False					2023-01-25 01:06:04	2023-01-25 01:06:04
12391	138744	False	False	False	False	False		True					2023-01-25 02:13:24	2023-01-25 02:13:24
12385	138278	False	False	False	False	False		False					2023-01-25 00:44:14	2023-01-25 00:44:14
12386	138188	False	False	False	False	False		True					2023-01-25 00:45:46	2023-01-25 00:45:46
12387	137412	False	False	False	False	False		True					2023-01-25 00:48:57	2023-01-25 00:48:57
12388	138012	False	False	False	False	False		True					2023-01-25 00:54:23	2023-01-25 00:54:23
12390	138683	False	False	False	False	False		True					2023-01-25 01:15:31	2023-01-25 01:15:31
13452	138898	False	False	True	False	False		False					2023-02-02 00:31:16	2023-02-02 00:31:16
13479	138353	False	False	True	False	False		False					2023-02-02 01:14:21	2023-02-02 01:14:21
13455	137937	False	False	False	True	False		False					2023-02-02 00:31:57	2023-02-02 00:31:57
13481	137602	False	False	False	True	False		False					2023-02-02 01:16:08	2023-02-02 01:16:08
13762	138419	False	False	True	False	False		False					2023-02-03 04:55:53	2023-02-03 04:55:53
13763	137796	False	False	True	False	False		False					2023-02-03 05:05:48	2023-02-03 05:05:48
13764	137425	False	False	True	False	False		False					2023-02-03 05:06:51	2023-02-03 05:06:51
13765	137486	False	False	False	False	False		False					2023-02-03 05:10:19	2023-02-03 05:10:19
13766	138501	True	False	True	False	False		False					2023-02-03 05:10:58	2023-02-03 05:10:58
13767	137767	False	False	False	False	False		True					2023-02-03 05:11:49	2023-02-03 05:11:49
13768	137481	False	False	False	True	False		False					2023-02-03 05:12:06	2023-02-03 05:12:06
13769	137274	False	False	False	False	False		False					2023-02-03 05:50:17	2023-02-03 05:50:17
13770	138720	False	False	False	True	False		False					2023-02-03 05:51:02	2023-02-03 05:51:02
13793	138263	True	False	False	False	False		True					2023-02-03 06:15:01	2023-02-03 06:15:01
13796	139044	False	False	False	True	False		False					2023-02-03 06:19:10	2023-02-03 06:19:10
13480	139170	True	False	False	False	False		True					2023-02-02 01:15:42	2023-02-02 01:15:42
13733	138559	False	False	False	False	False		True					2023-02-03 04:10:47	2023-02-03 04:10:47
13735	138207	False	False	False	False	False		True					2023-02-03 04:11:43	2023-02-03 04:11:43
13736	138234	True	False	False	True	False		False					2023-02-03 04:12:06	2023-02-03 04:12:06
13737	138928	False	False	False	False	False		False					2023-02-03 04:12:40	2023-02-03 04:12:40
13739	137952	True	False	True	False	False		False					2023-02-03 04:16:02	2023-02-03 04:16:02
