annotation_id	recording_id	is_low_quality	contains_human_speech	contains_unknown_birds	does_not_contain_birds	contains_birds_not_on_list	birds_not_on_list	has_boxes_for_all_bird_sounds	non_bird_area_x1	non_bird_area_x2	non_bird_area_y1	non_bird_area_y2	created	edited
20618	138253	False	False	False	True	False		False	5.031871594880757	15.0	0.0	10869.352842218737	2023-04-15 04:32:23	2023-04-15 04:33:57
20621	137960	False	False	False	False	False		True					2023-04-15 04:35:55	2023-04-15 04:35:55
20619	138842	False	False	False	False	False		False					2023-04-15 04:33:36	2023-04-15 04:34:11
20622	138106	False	False	False	False	False		True					2023-04-15 04:37:10	2023-04-15 04:37:10
20615	137913	False	False	False	False	False		False					2023-04-15 04:30:38	2023-04-15 04:30:38
