annotation_id	recording_id	is_low_quality	contains_human_speech	contains_unknown_birds	does_not_contain_birds	contains_birds_not_on_list	birds_not_on_list	has_boxes_for_all_bird_sounds	non_bird_area_x1	non_bird_area_x2	non_bird_area_y1	non_bird_area_y2	created	edited
8564	138368	False	False	False	True	False		False					2022-11-17 07:36:41	2022-11-17 07:36:41
8558	137248	False	False	False	False	False		False					2022-11-17 07:31:28	2022-11-17 07:31:28
8560	137325	False	False	False	True	False		False					2022-11-17 07:32:57	2022-11-17 07:32:57
8561	138321	False	False	False	False	False		False					2022-11-17 07:33:59	2022-11-17 07:33:59
8563	138683	True	False	False	False	False		False					2022-11-17 07:36:02	2022-11-17 07:36:02
8559	137395	False	False	False	True	False		False					2022-11-17 07:32:10	2022-11-17 07:32:10
8562	138817	False	False	False	True	False		False					2022-11-17 07:34:19	2022-11-17 07:34:19
20590	138706	False	False	False	True	False		False					2023-04-14 01:39:57	2023-04-14 01:39:57
20591	137518	False	False	True	False	False		False					2023-04-14 01:41:53	2023-04-14 01:41:53
20601	139023	False	False	True	False	False		False					2023-04-14 01:49:53	2023-04-14 01:49:53
20577	138068	False	False	False	False	False		False					2023-04-14 00:27:19	2023-04-14 00:27:19
20598	137382	False	False	False	False	False		False					2023-04-14 01:47:32	2023-04-14 01:47:32
20579	137619	False	False	False	True	False		False					2023-04-14 00:28:11	2023-04-14 00:28:11
20580	138988	False	False	True	False	False		False					2023-04-14 00:31:32	2023-04-14 00:31:32
20583	138225	False	False	False	False	False		False					2023-04-14 00:33:07	2023-04-14 00:33:07
20597	138330	False	False	True	False	False		False					2023-04-14 01:47:05	2023-04-14 01:47:05
