annotation_id	recording_id	is_low_quality	contains_human_speech	contains_unknown_birds	does_not_contain_birds	contains_birds_not_on_list	birds_not_on_list	has_boxes_for_all_bird_sounds	non_bird_area_x1	non_bird_area_x2	non_bird_area_y1	non_bird_area_y2	created	edited
4941	11035	False	False	True	False	False		False	6.506780589346498	14.131452104863843	0.0	2010.4411764705885	2022-09-06 03:18:51	2022-09-06 03:19:55
4942	9603	False	False	False	True	False		False					2022-09-06 03:20:29	2022-09-06 03:20:44
4940	9681	False	False	False	False	False		False					2022-09-06 03:16:12	2022-09-06 03:16:12
4943	10192	True	False	False	False	False		False					2022-09-06 03:24:43	2022-09-06 03:24:43
