annotation_id	recording_id	is_low_quality	contains_human_speech	contains_unknown_birds	does_not_contain_birds	contains_birds_not_on_list	birds_not_on_list	has_boxes_for_all_bird_sounds	non_bird_area_x1	non_bird_area_x2	non_bird_area_y1	non_bird_area_y2	created	edited
20609	138862	False	False	False	False	False		False	5.03361858190709	15.0	9792.79411764706	10895.29411764706	2023-04-14 03:24:54	2023-04-14 03:24:54
20611	138080	False	False	False	False	False		False	5.049918500407498	15.0	3242.647058823529	4928.823529411765	2023-04-14 03:26:49	2023-04-14 03:26:49
20607	139046	False	False	False	True	False		False	5.29441727791361	14.340872045639772	4734.264705882353	6744.705882352941	2023-04-14 03:22:31	2023-04-14 03:22:54
20613	137409	False	False	False	False	False		False					2023-04-14 03:28:03	2023-04-14 03:28:03
20604	137442	False	False	False	False	False		False					2023-04-14 03:19:58	2023-04-14 03:19:58
20608	138506	False	False	False	False	False		False					2023-04-14 03:23:41	2023-04-14 03:23:41
20612	138550	False	False	False	True	False		False					2023-04-14 03:27:19	2023-04-14 03:27:19
