annotation_id	recording_id	is_low_quality	contains_human_speech	contains_unknown_birds	does_not_contain_birds	contains_birds_not_on_list	birds_not_on_list	has_boxes_for_all_bird_sounds	non_bird_area_x1	non_bird_area_x2	non_bird_area_y1	non_bird_area_y2	created	edited
20551	137813	False	False	False	True	False		False					2023-04-13 12:41:25	2023-04-13 12:41:25
20558	137781	False	False	False	False	False		False					2023-04-13 12:49:49	2023-04-13 12:49:49
20566	139015	False	False	True	False	False		False					2023-04-13 12:55:27	2023-04-13 12:55:27
20553	138780	False	False	False	False	True	Gerygone igata	False					2023-04-13 12:46:01	2023-04-13 12:46:01
20568	138180	False	False	False	False	False		False					2023-04-13 12:56:19	2023-04-13 12:56:19
20552	137725	True	False	False	True	False		False					2023-04-13 12:41:45	2023-04-13 12:41:45
20555	137612	False	False	False	True	False		False					2023-04-13 12:46:41	2023-04-13 12:46:41
20557	138362	False	False	True	False	False		False					2023-04-13 12:49:10	2023-04-13 12:49:10
20563	138270	False	False	False	False	False		False					2023-04-13 12:53:43	2023-04-13 12:53:43
