annotation_id	recording_id	is_low_quality	contains_human_speech	contains_unknown_birds	does_not_contain_birds	contains_birds_not_on_list	birds_not_on_list	has_boxes_for_all_bird_sounds	non_bird_area_x1	non_bird_area_x2	non_bird_area_y1	non_bird_area_y2	created	edited
11990	75558	False	False	False	False	False		True	5.0	15.0	6742.062721252441	10957.503905454101	2023-01-20 08:16:00	2023-01-20 08:16:00
11925	75773	False	False	False	False	False		True	5.057874000468877	14.98488129973895	6742.062721252441	10892.650972008707	2023-01-20 07:43:39	2023-01-20 07:43:39
12013	76424	False	False	False	False	False		True	5.041653400306671	15.0	6677.20978007597	10957.503905454101	2023-01-20 08:27:50	2023-01-20 08:28:22
11922	75397	False	False	False	False	False		False					2023-01-20 07:40:50	2023-01-20 07:40:50
11995	75935	False	False	True	False	False		False					2023-01-20 08:19:02	2023-01-20 08:19:02
11963	75438	False	False	True	False	False		False					2023-01-20 08:04:06	2023-01-20 08:04:06
11972	75616	False	False	False	False	False		True					2023-01-20 08:10:04	2023-01-20 08:10:04
11998	75719	False	False	False	True	False		False					2023-01-20 08:19:46	2023-01-20 08:19:46
12006	75875	False	False	False	False	False		True					2023-01-20 08:23:24	2023-01-20 08:23:24
12012	75864	False	False	True	False	False		False					2023-01-20 08:26:32	2023-01-20 08:26:32
12014	75604	False	False	True	False	False		False					2023-01-20 08:30:34	2023-01-20 08:30:34
12016	75281	False	False	False	False	False		True					2023-01-20 08:35:13	2023-01-20 08:35:13
12017	75733	False	False	True	False	False		False					2023-01-20 08:36:01	2023-01-20 08:36:01
12019	75681	False	False	False	False	False		False					2023-01-20 08:38:31	2023-01-20 08:38:31
12015	75982	False	False	False	False	False		True					2023-01-20 08:33:52	2023-01-20 08:33:52
12018	76080	False	False	False	False	False		True					2023-01-20 08:37:40	2023-01-20 08:37:40
14940	75829	False	False	True	False	False		False					2023-02-07 05:54:01	2023-02-07 05:54:01
14941	75920	False	False	False	False	False		True					2023-02-07 05:55:14	2023-02-07 05:55:14
14943	75635	False	False	False	False	False		False					2023-02-07 06:07:40	2023-02-07 06:07:40
14948	76011	False	False	True	False	False		False					2023-02-07 06:16:12	2023-02-07 06:16:12
14956	76139	False	False	False	False	False		True					2023-02-07 07:15:21	2023-02-07 07:15:21
18383	75603	False	False	False	False	False		False					2023-03-10 07:51:43	2023-03-10 07:51:43
18385	75347	False	False	False	False	False		False					2023-03-10 08:08:45	2023-03-10 08:08:45
18387	76155	False	False	False	False	False		False					2023-03-10 08:11:45	2023-03-10 08:11:45
18390	75782	False	False	False	False	False		False					2023-03-10 08:26:10	2023-03-10 08:26:10
18382	75350	False	False	False	False	False		False					2023-03-10 07:48:49	2023-03-10 07:48:49
18389	75480	False	False	False	False	False		False					2023-03-10 08:19:14	2023-03-10 08:19:14
18392	76114	False	False	False	False	False		False					2023-03-10 08:27:58	2023-03-10 08:27:58
18393	75749	False	False	False	False	False		False					2023-03-10 08:30:42	2023-03-10 08:30:42
18400	75931	False	False	False	False	False		False					2023-03-10 08:48:28	2023-03-10 08:48:28
18401	76428	False	False	False	False	False		False					2023-03-10 08:49:13	2023-03-10 08:49:13
19591	76301	False	False	False	True	False		False					2023-03-17 07:23:58	2023-03-17 07:23:58
19595	75881	False	False	False	True	False		False					2023-03-17 07:41:28	2023-03-17 07:41:28
19607	76074	False	False	False	False	False		False					2023-03-17 08:16:36	2023-03-17 08:16:36
19592	76181	False	False	False	False	False		False					2023-03-17 07:25:10	2023-03-17 07:25:10
19594	75325	False	False	False	False	False		True					2023-03-17 07:40:52	2023-03-17 07:41:03
19597	76418	False	False	False	False	False		True					2023-03-17 07:45:08	2023-03-17 07:45:08
19599	75819	False	False	False	True	False		False					2023-03-17 07:54:26	2023-03-17 07:54:26
19600	75784	False	False	False	False	False		True					2023-03-17 07:55:53	2023-03-17 07:55:53
19604	76119	False	False	True	False	False		False					2023-03-17 08:09:23	2023-03-17 08:09:23
14947	75711	False	False	False	True	False		False					2023-02-07 06:15:43	2023-02-07 06:15:43
14950	75447	False	False	False	True	False		False					2023-02-07 06:18:15	2023-02-07 06:18:15
14954	75433	False	False	False	True	False		False					2023-02-07 07:13:51	2023-02-07 07:13:51
14955	75970	False	False	False	False	False		True					2023-02-07 07:14:33	2023-02-07 07:14:33
18378	76064	False	False	False	False	False		False					2023-03-10 07:34:49	2023-03-10 07:34:49
18379	75575	False	False	False	False	False		False					2023-03-10 07:39:27	2023-03-10 07:39:27
18381	75769	False	False	False	False	False		False					2023-03-10 07:47:42	2023-03-10 07:47:42
18386	75781	False	False	True	False	False		False					2023-03-10 08:10:07	2023-03-10 08:10:07
18388	76107	False	False	True	False	False		False					2023-03-10 08:16:46	2023-03-10 08:16:46
18391	75823	False	False	False	True	False		False					2023-03-10 08:26:53	2023-03-10 08:26:53
18395	75473	False	False	False	False	False		False					2023-03-10 08:37:39	2023-03-10 08:37:39
18397	75294	False	False	False	True	False		False					2023-03-10 08:38:41	2023-03-10 08:38:41
18398	75699	False	False	False	False	False		False					2023-03-10 08:39:20	2023-03-10 08:39:20
18399	75534	False	False	False	False	False		False					2023-03-10 08:41:11	2023-03-10 08:41:11
19598	76325	False	False	False	False	False		True					2023-03-17 07:46:05	2023-03-17 07:46:05
19603	75609	False	False	False	True	False		False					2023-03-17 08:08:44	2023-03-17 08:08:44
19609	75804	False	False	False	True	False		False					2023-03-17 08:21:49	2023-03-17 08:21:49
19610	75607	False	False	False	False	False		True					2023-03-17 08:23:42	2023-03-17 08:23:42
18380	75541	False	False	False	True	False		False					2023-03-10 07:39:48	2023-03-10 07:39:48
18384	75633	False	False	False	False	False		False					2023-03-10 07:58:45	2023-03-10 07:58:45
18394	76402	False	False	False	False	False		False					2023-03-10 08:35:47	2023-03-10 08:35:47
18396	76329	True	False	False	False	False		False					2023-03-10 08:38:14	2023-03-10 08:38:22
18402	76117	False	False	False	False	False		False					2023-03-10 08:50:19	2023-03-10 08:50:19
19593	75357	False	False	False	False	False		False					2023-03-17 07:36:50	2023-03-17 07:36:50
19596	75261	False	False	False	True	False		False					2023-03-17 07:42:54	2023-03-17 07:42:54
19601	75353	False	False	False	False	False		True					2023-03-17 08:07:46	2023-03-17 08:07:46
19602	75340	False	False	False	False	False		True					2023-03-17 08:08:21	2023-03-17 08:08:21
19605	76173	False	False	False	False	False		True					2023-03-17 08:12:28	2023-03-17 08:12:28
19606	75665	False	False	False	False	False		True					2023-03-17 08:13:19	2023-03-17 08:13:19
19608	76066	False	False	False	False	False		False					2023-03-17 08:19:01	2023-03-17 08:19:01
14942	75844	False	False	False	False	False		False					2023-02-07 06:02:54	2023-02-07 06:02:54
14944	76070	False	False	False	False	False		False					2023-02-07 06:13:49	2023-02-07 06:13:49
14946	75486	False	False	True	False	False		False					2023-02-07 06:15:23	2023-02-07 06:15:23
14949	76344	False	False	True	False	False		False					2023-02-07 06:17:58	2023-02-07 06:17:58
14957	75394	False	False	False	False	False		True					2023-02-07 07:18:15	2023-02-07 07:18:15
14959	75545	False	False	True	False	False		False					2023-02-07 07:27:15	2023-02-07 07:27:15
14960	75788	False	False	False	False	False		True					2023-02-07 07:27:45	2023-02-07 07:27:45
14945	76349	False	False	False	False	False		False					2023-02-07 06:14:27	2023-02-07 06:14:27
14951	75364	False	False	False	False	False		False					2023-02-07 06:20:19	2023-02-07 06:20:19
14958	76142	False	False	False	False	False		False					2023-02-07 07:20:05	2023-02-07 07:20:05
