annotation_id	recording_id	is_low_quality	contains_human_speech	contains_unknown_birds	does_not_contain_birds	contains_birds_not_on_list	birds_not_on_list	has_boxes_for_all_bird_sounds	non_bird_area_x1	non_bird_area_x2	non_bird_area_y1	non_bird_area_y2	created	edited
8757	77045	True	False	False	False	False		False	5.086432409502263	14.90543693438914	324.264705882353	1880.7352941176466	2022-11-21 16:12:32	2022-11-21 16:12:32
8796	77400	False	False	False	False	False		False	9.375795390271492	9.794347426470587	0.0	2636.470588235294	2022-11-21 16:59:58	2022-11-21 16:59:58
8758	76714	True	False	False	False	False		False					2022-11-21 16:13:26	2022-11-21 16:13:26
8760	77092	True	False	False	True	False		False					2022-11-21 16:14:46	2022-11-21 16:14:46
8762	76935	False	False	False	False	False		False					2022-11-21 16:15:53	2022-11-21 16:15:53
8764	77495	True	False	False	False	False		False					2022-11-21 16:16:45	2022-11-21 16:16:45
8765	77067	True	False	False	False	False		False					2022-11-21 16:18:09	2022-11-21 16:18:09
8767	77512	False	False	False	False	False		False					2022-11-21 16:19:28	2022-11-21 16:19:53
8771	76907	False	False	False	True	False		False					2022-11-21 16:22:05	2022-11-21 16:22:05
8759	77941	False	False	False	False	False		False					2022-11-21 16:14:05	2022-11-21 16:14:05
8761	76639	False	False	False	False	False		False					2022-11-21 16:15:18	2022-11-21 16:15:18
8766	77970	False	False	False	False	False		False					2022-11-21 16:19:20	2022-11-21 16:19:20
8768	77578	True	False	False	False	False		False					2022-11-21 16:20:35	2022-11-21 16:20:35
8769	76930	True	False	False	False	False		False					2022-11-21 16:21:15	2022-11-21 16:21:15
8770	77093	True	False	False	True	False		False					2022-11-21 16:21:37	2022-11-21 16:21:37
8772	77012	False	False	False	False	False		False					2022-11-21 16:23:49	2022-11-21 16:23:49
8774	77831	False	False	False	False	False		False					2022-11-21 16:24:56	2022-11-21 16:24:56
8776	76673	True	False	False	False	False		False					2022-11-21 16:29:24	2022-11-21 16:29:24
8777	76801	False	False	False	False	False		False					2022-11-21 16:29:45	2022-11-21 16:29:45
8780	76651	True	False	False	False	False		False					2022-11-21 16:30:54	2022-11-21 16:30:54
8781	77902	False	False	False	False	False		False					2022-11-21 16:31:44	2022-11-21 16:31:44
8784	78031	False	False	True	False	False		False					2022-11-21 16:33:21	2022-11-21 16:33:21
8786	76717	False	False	False	False	False		False					2022-11-21 16:34:08	2022-11-21 16:34:08
8789	77836	False	False	False	False	False		False					2022-11-21 16:54:32	2022-11-21 16:54:32
8792	76708	False	False	False	False	False		False					2022-11-21 16:55:51	2022-11-21 16:55:51
8763	76983	True	False	False	True	False		False					2022-11-21 16:16:19	2022-11-21 16:16:19
8773	76618	True	False	False	False	False		False					2022-11-21 16:24:13	2022-11-21 16:24:13
8775	76584	True	False	False	False	False		False					2022-11-21 16:25:49	2022-11-21 16:25:49
8778	77174	False	False	False	True	False		False					2022-11-21 16:30:02	2022-11-21 16:30:02
8779	77344	False	False	False	False	False		False					2022-11-21 16:30:32	2022-11-21 16:30:32
8782	76552	False	False	False	False	False		False					2022-11-21 16:32:16	2022-11-21 16:32:16
8783	76551	False	False	False	False	False		False					2022-11-21 16:32:46	2022-11-21 16:32:46
8785	77451	True	False	False	False	False		False					2022-11-21 16:33:43	2022-11-21 16:33:43
8787	77956	False	False	False	False	False		False					2022-11-21 16:34:27	2022-11-21 16:34:27
8788	77070	False	False	False	True	False		False					2022-11-21 16:53:52	2022-11-21 16:53:52
8790	77671	True	False	False	False	False		False					2022-11-21 16:54:54	2022-11-21 16:54:54
8791	77441	False	False	False	True	False		False					2022-11-21 16:55:08	2022-11-21 16:55:08
8793	77656	False	False	False	False	False		False					2022-11-21 16:56:55	2022-11-21 16:56:55
8794	77549	False	False	False	True	False		False					2022-11-21 16:57:11	2022-11-21 16:57:11
8795	76744	True	False	False	False	False		False					2022-11-21 16:58:58	2022-11-21 16:58:58
8797	77202	True	False	False	True	False		False					2022-11-21 17:00:15	2022-11-21 17:00:15
