annotation_id	recording_id	is_low_quality	contains_human_speech	contains_unknown_birds	does_not_contain_birds	contains_birds_not_on_list	birds_not_on_list	has_boxes_for_all_bird_sounds	non_bird_area_x1	non_bird_area_x2	non_bird_area_y1	non_bird_area_y2	created	edited
22829	158876	False	False	False	True	False		False	7.4620567080122315	8.91002050891721	6189.473684210526	10057.894798329002	2023-06-19 12:54:20	2023-06-19 12:54:20
22777	159925	True	False	True	False	False		False	11.127214388610012	12.416807148791007	0.0	2836.8425971583315	2023-06-17 03:58:53	2023-06-17 03:58:53
22781	158010	True	False	False	False	False		False	5.01861744876361	15.0	0.0	902.6315789473684	2023-06-17 04:10:08	2023-06-17 04:10:08
22825	159297	False	False	False	False	False		True	10.538979094492365	15.0	9348.68433350011	11025.0	2023-06-19 12:48:37	2023-06-19 12:48:37
22836	54059	False	False	False	False	False		False	5.01861744876361	9.136264852808612	0.0	1289.4736842105262	2023-06-22 02:17:11	2023-06-22 02:17:11
31393	157923	True	False	False	False	False		False	5.0	14.973368234763857	2772.368912947806	4126.315789473684	2023-10-30 01:07:27	2023-10-30 01:07:27
22830	158808	False	False	True	False	False		False	13.027666877297793	15.0	0.0	10960.52633500413	2023-06-19 12:55:06	2023-06-19 12:55:06
22833	159764	True	False	True	False	False		True	5.01861744876361	14.928119365985577	4577.631578947368	10960.52633500413	2023-06-19 13:09:53	2023-06-19 13:09:53
22795	53792	False	False	False	False	False		False	11.986942895397341	12.575178189514988	0.0	3803.9473684210534	2023-06-19 08:21:41	2023-06-19 08:21:42
22773	158317	True	False	True	False	False		False					2023-06-17 03:49:10	2023-06-17 03:49:10
22776	159004	False	False	False	False	False		False					2023-06-17 03:56:35	2023-06-17 03:56:35
22778	160446	False	False	True	False	False		False					2023-06-17 04:03:30	2023-06-17 04:03:30
22782	158779	True	False	True	False	False		False					2023-06-17 04:11:33	2023-06-17 04:11:33
22798	158134	False	False	False	False	False		False					2023-06-19 08:24:51	2023-06-19 08:24:51
22834	160566	False	False	False	False	False		False					2023-06-19 13:11:52	2023-06-19 13:11:52
22771	159587	False	False	False	False	False		False					2023-06-17 03:44:04	2023-06-17 03:44:07
22799	54167	False	False	False	False	False		False					2023-06-19 08:25:49	2023-06-19 08:25:49
22802	158645	False	False	True	False	False		False					2023-06-19 08:39:04	2023-06-19 08:39:04
22824	53537	False	False	False	False	False		False					2023-06-19 12:46:31	2023-06-19 12:46:31
22837	159454	False	False	False	False	False		False					2023-06-22 02:26:32	2023-06-22 02:26:32
22839	159479	False	False	False	False	False		False					2023-06-22 02:34:02	2023-06-22 02:34:02
22840	53604	False	False	False	False	False		False					2023-06-22 02:38:26	2023-06-22 02:38:26
22772	9343	False	False	True	False	False		False					2023-06-17 03:47:50	2023-06-17 03:47:50
22779	157795	True	False	False	False	False		False					2023-06-17 04:04:18	2023-06-17 04:04:18
22827	159280	False	False	False	False	False		False					2023-06-19 12:52:49	2023-06-19 12:52:49
22835	159081	False	False	True	False	False		False					2023-06-22 02:08:33	2023-06-22 02:08:33
22775	11295	False	False	True	False	False		False					2023-06-17 03:52:10	2023-06-17 03:52:10
22780	158058	False	False	True	False	False		False					2023-06-17 04:06:41	2023-06-17 04:06:41
22793	159888	False	False	False	False	False		False					2023-06-19 08:19:49	2023-06-19 08:19:49
22800	159457	False	False	False	False	False		False					2023-06-19 08:32:57	2023-06-19 08:32:57
22801	160475	False	False	False	False	False		False					2023-06-19 08:34:25	2023-06-19 08:34:25
31394	158119	False	False	False	False	False		True					2023-10-30 01:08:56	2023-10-30 01:08:56
31395	158777	False	False	True	False	False		False					2023-10-30 01:09:53	2023-10-30 01:09:53
31391	160337	False	False	True	False	False		False					2023-10-30 01:05:44	2023-10-30 01:05:47
31392	158258	True	False	False	False	False		False					2023-10-30 01:06:28	2023-10-30 01:06:28
