annotation_id	recording_id	is_low_quality	contains_human_speech	contains_unknown_birds	does_not_contain_birds	contains_birds_not_on_list	birds_not_on_list	has_boxes_for_all_bird_sounds	non_bird_area_x1	non_bird_area_x2	non_bird_area_y1	non_bird_area_y2	created	edited
7516	103144	False	False	False	False	False		False					2022-10-20 00:13:46	2022-10-20 00:13:46
7518	96663	False	False	False	False	False		False					2022-10-20 00:15:10	2022-10-20 00:15:10
7532	101755	False	False	False	False	False		False					2022-10-20 00:26:39	2022-10-20 00:26:39
7515	95086	True	False	False	True	False		False					2022-10-20 00:12:34	2022-10-20 00:12:34
7521	102444	False	False	False	False	False		False					2022-10-20 00:18:50	2022-10-20 00:18:50
7524	96258	True	False	False	True	False		False					2022-10-20 00:20:24	2022-10-20 00:20:24
7528	89978	False	False	False	False	False		False					2022-10-20 00:22:53	2022-10-20 00:22:53
7522	89058	False	False	False	False	False		False					2022-10-20 00:19:48	2022-10-20 00:19:48
7526	90293	False	False	False	False	False		False					2022-10-20 00:21:41	2022-10-20 00:21:41
7520	89474	False	False	False	False	False		False					2022-10-20 00:18:03	2022-10-20 00:18:03
7523	95739	True	False	False	False	False		False					2022-10-20 00:20:08	2022-10-20 00:20:08
7529	89831	False	False	False	False	False		False					2022-10-20 00:24:53	2022-10-20 00:24:53
7534	69544	True	False	False	True	False		False					2022-10-20 00:27:45	2022-10-20 00:27:45
