annotation_id	recording_id	is_low_quality	contains_human_speech	contains_unknown_birds	does_not_contain_birds	contains_birds_not_on_list	birds_not_on_list	has_boxes_for_all_bird_sounds	non_bird_area_x1	non_bird_area_x2	non_bird_area_y1	non_bird_area_y2	created	edited
8709	46457	False	False	True	False	False		False					2022-11-20 21:51:25	2022-11-20 21:51:25
8712	80851	True	False	False	False	False		False					2022-11-20 21:58:42	2022-11-20 21:58:42
8713	79785	False	False	False	False	False		False					2022-11-20 22:00:20	2022-11-20 22:00:20
8717	80107	False	False	False	False	False		True					2022-11-21 13:02:23	2022-11-21 13:02:23
8718	79799	False	False	False	False	False		True					2022-11-21 13:03:10	2022-11-21 13:03:10
8750	47127	False	False	False	False	False		False					2022-11-21 14:54:03	2022-11-21 14:54:03
8756	46875	False	False	False	True	False		False					2022-11-21 15:06:54	2022-11-21 15:06:54
8706	80580	False	False	False	True	False		False					2022-11-20 21:39:29	2022-11-20 21:39:29
8710	80944	False	False	False	False	False		False					2022-11-20 21:53:43	2022-11-20 21:53:43
8711	80636	False	False	False	False	False		False					2022-11-20 21:57:38	2022-11-20 21:57:38
8714	80344	True	False	False	False	False		False					2022-11-21 12:58:29	2022-11-21 12:58:29
8716	46877	False	False	True	False	False		False					2022-11-21 13:01:18	2022-11-21 13:01:18
8719	47181	False	False	False	True	False		False					2022-11-21 13:03:33	2022-11-21 13:03:33
8721	47253	False	False	False	True	False		False					2022-11-21 13:04:01	2022-11-21 13:04:01
8749	46748	False	False	False	False	False		True					2022-11-21 14:52:14	2022-11-21 14:52:14
8751	79898	True	False	False	False	False		True					2022-11-21 14:54:51	2022-11-21 14:54:51
8753	46979	False	False	False	False	False		True					2022-11-21 15:01:48	2022-11-21 15:01:48
8799	46721	False	False	False	True	False		False					2022-11-21 18:36:19	2022-11-21 18:36:19
8804	47028	False	False	False	True	False		False					2022-11-21 18:40:24	2022-11-21 18:40:24
8806	80884	False	False	False	False	False		True					2022-11-21 18:47:21	2022-11-21 18:47:21
8807	80482	False	False	False	False	False		True					2022-11-21 23:52:31	2022-11-21 23:52:31
8811	47177	False	False	False	True	False		False					2022-11-22 00:04:51	2022-11-22 00:04:51
8870	47009	False	False	False	False	False		True					2022-11-25 20:39:12	2022-11-25 20:39:12
8872	46616	False	False	False	True	False		False					2022-11-25 20:41:01	2022-11-25 20:41:01
8876	7235	False	False	False	True	False		False					2022-11-25 20:45:58	2022-11-25 20:45:58
8976	6831	False	False	False	False	False		False					2022-11-29 18:50:27	2022-11-29 18:50:27
8977	6956	False	False	False	False	False		False					2022-11-29 18:51:56	2022-11-29 18:51:56
8993	46883	False	False	False	False	False		True					2022-12-04 14:33:53	2022-12-04 14:33:53
8998	47047	False	False	True	False	False		False					2022-12-04 14:38:47	2022-12-04 14:38:47
8707	80980	False	False	False	False	False		False					2022-11-20 21:47:56	2022-11-20 21:47:56
8708	46680	False	False	False	False	False		False					2022-11-20 21:49:46	2022-11-20 21:49:46
8715	80436	False	False	True	False	False		False					2022-11-21 13:00:05	2022-11-21 13:00:05
8720	79841	False	False	False	True	False		False					2022-11-21 13:03:44	2022-11-21 13:03:44
8752	47012	True	False	True	False	True	corvus brachyrhynchos	False					2022-11-21 14:59:34	2022-11-21 14:59:34
8754	80351	False	False	False	False	False		False					2022-11-21 15:02:31	2022-11-21 15:02:31
8755	6923	False	False	False	False	False		True					2022-11-21 15:06:36	2022-11-21 15:06:36
8800	80538	False	False	False	True	False		False					2022-11-21 18:36:35	2022-11-21 18:36:35
8803	46492	False	False	False	False	True	american crow	False					2022-11-21 18:40:06	2022-11-21 18:40:06
8808	6930	False	False	False	True	False		False					2022-11-21 23:52:48	2022-11-21 23:52:48
8810	46857	False	False	True	False	False		False					2022-11-22 00:04:38	2022-11-22 00:04:38
8812	80518	False	False	False	True	False		False					2022-11-22 00:05:13	2022-11-22 00:05:13
8832	46805	False	False	False	False	False		True					2022-11-23 23:48:02	2022-11-23 23:48:02
8869	80690	False	False	False	False	False		True					2022-11-25 20:36:42	2022-11-25 20:36:42
8871	80894	False	False	True	False	False		False					2022-11-25 20:40:46	2022-11-25 20:40:46
8874	6878	False	False	False	True	False		False					2022-11-25 20:41:23	2022-11-25 20:41:23
8875	80077	False	False	False	False	False		True					2022-11-25 20:45:52	2022-11-25 20:45:52
8878	46789	False	False	True	False	False		False					2022-11-25 20:48:07	2022-11-25 20:48:07
8973	6873	False	False	False	False	False		True					2022-11-29 18:48:45	2022-11-29 18:48:45
8975	47007	False	False	False	False	False		False					2022-11-29 18:49:49	2022-11-29 18:49:49
8979	46547	False	False	False	True	False		False					2022-11-29 18:52:25	2022-11-29 18:52:25
8994	46957	False	False	True	False	False		False					2022-12-04 14:34:10	2022-12-04 14:34:10
8995	46541	False	False	True	False	False		False					2022-12-04 14:34:23	2022-12-04 14:34:23
8999	7229	False	False	True	False	False		False					2022-12-04 14:39:22	2022-12-04 14:39:22
9000	46969	False	False	False	True	False		False					2022-12-04 14:39:34	2022-12-04 14:39:34
8996	46689	False	False	False	True	False		False					2022-12-04 14:34:33	2022-12-04 14:34:33
8997	46670	False	False	False	False	False		False					2022-12-04 14:38:27	2022-12-04 14:38:27
8798	47148	False	False	False	False	True	american crow	False					2022-11-21 18:36:04	2022-11-21 18:36:04
8801	6998	False	False	False	False	False		True					2022-11-21 18:37:12	2022-11-21 18:37:12
8802	79794	False	False	False	False	False		False					2022-11-21 18:39:34	2022-11-21 18:39:34
8805	80455	False	False	False	False	False		True					2022-11-21 18:42:59	2022-11-21 18:42:59
8809	79638	False	False	True	False	False		False					2022-11-21 23:55:10	2022-11-21 23:55:10
8868	6926	False	False	True	False	False		False					2022-11-25 20:35:12	2022-11-25 20:35:12
8873	47230	False	False	False	True	False		False					2022-11-25 20:41:17	2022-11-25 20:41:17
8877	80302	False	False	False	False	False		True					2022-11-25 20:47:47	2022-11-25 20:47:47
8974	46852	False	False	False	False	False		True					2022-11-29 18:49:20	2022-11-29 18:49:20
8978	46584	False	False	False	True	False		False					2022-11-29 18:52:15	2022-11-29 18:52:15
