annotation_id	recording_id	is_low_quality	contains_human_speech	contains_unknown_birds	does_not_contain_birds	contains_birds_not_on_list	birds_not_on_list	has_boxes_for_all_bird_sounds	non_bird_area_x1	non_bird_area_x2	non_bird_area_y1	non_bird_area_y2	created	edited
23461	190888	False	False	False	True	False		False					2023-07-18 14:42:53	2023-07-18 14:42:53
23465	191164	False	False	False	True	False		False					2023-07-18 14:44:41	2023-07-18 14:44:41
23457	190479	False	False	False	False	False		False					2023-07-18 14:36:18	2023-07-18 14:36:18
23459	190539	False	False	False	False	True	Nectarinia souimanga	False					2023-07-18 14:41:37	2023-07-18 14:41:37
