annotation_id	recording_id	is_low_quality	contains_human_speech	contains_unknown_birds	does_not_contain_birds	contains_birds_not_on_list	birds_not_on_list	has_boxes_for_all_bird_sounds	non_bird_area_x1	non_bird_area_x2	non_bird_area_y1	non_bird_area_y2	created	edited
11617	68343	False	True	False	False	False		False	5.0	6.856359649122807	64.85294117647037	11025.0	2023-01-12 13:37:55	2023-01-12 13:37:55
11621	67499	True	False	False	True	False		False					2023-01-12 13:38:56	2023-01-12 13:38:56
11616	26517	False	False	False	True	False		False					2023-01-12 13:27:50	2023-01-12 13:27:50
11619	67780	True	False	False	True	False		False					2023-01-12 13:38:27	2023-01-12 13:38:27
11642	26080	True	False	False	True	False		False					2023-01-12 13:54:01	2023-01-12 13:54:01
11656	25886	False	False	False	False	False		True					2023-01-12 14:02:18	2023-01-12 14:02:18
11641	26204	False	False	False	False	False		False					2023-01-12 13:53:37	2023-01-12 13:53:37
