annotation_id	recording_id	is_low_quality	contains_human_speech	contains_unknown_birds	does_not_contain_birds	contains_birds_not_on_list	birds_not_on_list	has_boxes_for_all_bird_sounds	non_bird_area_x1	non_bird_area_x2	non_bird_area_y1	non_bird_area_y2	created	edited
9928	10781	True	False	False	False	False		False	6.964319151451145	14.882871878093184	64.85294117647037	2594.117647058824	2022-12-18 08:47:28	2022-12-18 08:47:28
9932	10532	True	False	False	False	False		False	5.063867007984834	15.0	0.0	583.6764705882357	2022-12-19 05:49:23	2022-12-19 05:49:23
9933	53858	True	False	False	True	False		False	7.371558970455671	9.95074449081766	64.85294117647037	10960.14705882353	2022-12-19 05:51:41	2022-12-19 05:51:41
9931	10234	True	False	False	False	False		False	5.018618139206554	15.0	129.70588235294073	907.9411764705887	2022-12-18 12:39:58	2022-12-18 12:39:58
9934	9516	False	False	False	False	False		False					2022-12-19 05:53:03	2022-12-19 05:53:03
9937	53720	True	False	False	False	False		False					2022-12-19 06:09:58	2022-12-19 06:09:58
9926	9979	False	False	False	False	False		False					2022-12-18 08:38:27	2022-12-18 08:38:33
9930	53864	True	False	True	False	False		False					2022-12-18 09:48:40	2022-12-18 09:48:40
9935	11443	False	False	True	False	False		False					2022-12-19 05:55:40	2022-12-19 05:55:40
9936	11023	False	False	False	False	False		False					2022-12-19 06:07:48	2022-12-19 06:07:48
9938	54018	False	False	False	False	False		False					2022-12-19 06:10:35	2022-12-19 06:10:35
10052	9331	False	False	True	False	False		False					2022-12-21 15:04:05	2022-12-21 15:04:05
10054	10946	True	False	False	True	False		False					2022-12-21 15:05:07	2022-12-21 15:06:04
10055	9220	True	False	False	False	False		False					2022-12-21 15:05:19	2022-12-22 11:49:09
10093	9715	True	False	False	True	False		False					2022-12-24 14:58:33	2022-12-24 14:58:33
