annotation_id	recording_id	is_low_quality	contains_human_speech	contains_unknown_birds	does_not_contain_birds	contains_birds_not_on_list	birds_not_on_list	has_boxes_for_all_bird_sounds	non_bird_area_x1	non_bird_area_x2	non_bird_area_y1	non_bird_area_y2	created	edited
18407	145057	False	False	False	False	False		False	7.628289473684211	7.821271929824562	97.64705882352908	14842.352941176472	2023-03-10 12:06:28	2023-03-10 12:06:28
18410	144961	False	False	False	False	False		True	6.031798245614035	8.838815789473685	0.0	15330.588235294119	2023-03-10 12:08:14	2023-03-10 12:08:14
18405	145154	False	False	False	False	False		True	7.365131578947368	7.9616228070175445	64.85294117647037	11025.0	2023-03-10 11:53:06	2023-03-10 11:58:12
18403	145145	False	False	False	False	False		True					2023-03-10 11:50:26	2023-03-10 11:50:26
18404	145513	False	False	False	False	False		False					2023-03-10 11:52:20	2023-03-10 11:52:20
