annotation_id	recording_id	is_low_quality	contains_human_speech	contains_unknown_birds	does_not_contain_birds	contains_birds_not_on_list	birds_not_on_list	has_boxes_for_all_bird_sounds	non_bird_area_x1	non_bird_area_x2	non_bird_area_y1	non_bird_area_y2	created	edited
8895	1080	True	False	False	False	False		False					2022-11-26 17:17:25	2022-11-26 17:17:25
8901	1009	False	False	True	False	False		False					2022-11-26 17:19:46	2022-11-26 17:19:46
8894	51	False	False	True	False	False		False					2022-11-26 17:15:52	2022-11-26 17:16:09
8896	875	False	False	True	False	False		False					2022-11-26 17:17:51	2022-11-26 17:17:51
8897	2265	False	False	False	False	False		False					2022-11-26 17:18:29	2022-11-26 17:18:29
8899	2497	False	False	True	False	False		False					2022-11-26 17:19:00	2022-11-26 17:19:00
8900	1700	False	False	False	False	False		False					2022-11-26 17:19:29	2022-11-26 17:19:29
8902	2264	False	False	True	False	False		False					2022-11-26 17:20:03	2022-11-26 17:20:03
8904	1275	False	False	True	False	False		False					2022-11-26 17:20:40	2022-11-26 17:20:40
8898	1202	False	False	True	False	False		False					2022-11-26 17:18:46	2022-11-26 17:18:46
8903	1364	False	False	True	False	False		False					2022-11-26 17:20:21	2022-11-26 17:20:21
