annotation_id	recording_id	is_low_quality	contains_human_speech	contains_unknown_birds	does_not_contain_birds	contains_birds_not_on_list	birds_not_on_list	has_boxes_for_all_bird_sounds	non_bird_area_x1	non_bird_area_x2	non_bird_area_y1	non_bird_area_y2	created	edited
20166	18499	False	False	False	False	False		False	7.224780701754386	10.13706140350877	2988.0005959903488	7870.352792178885	2023-03-29 11:22:38	2023-03-29 11:22:38
20167	37941	False	False	False	False	False		False	5.084429824561404	10.207236842105264	1367.0588235294126	8592.941176470587	2023-03-29 11:27:16	2023-03-29 11:27:16
20168	18315	False	False	False	False	False		False	9.294956140350877	13.55811403508772	1269.4117647058815	9862.352941176472	2023-03-29 11:30:35	2023-03-29 11:30:35
20170	18938	False	False	False	False	False		False	5.294956140350877	9.43530701754386	0.0	9471.764705882353	2023-03-29 11:34:06	2023-03-29 11:34:06
20174	37352	False	False	False	False	False		False					2023-03-29 11:41:48	2023-03-29 11:41:48
20179	56663	False	False	False	False	False		False					2023-03-29 11:46:44	2023-03-29 11:46:44
20184	57973	False	False	False	False	False		False					2023-03-29 12:31:58	2023-03-29 12:31:58
20189	37953	False	False	True	False	False		False					2023-03-29 12:40:11	2023-03-29 12:40:11
20190	73598	False	False	False	False	False		False					2023-03-29 12:40:38	2023-03-29 12:40:38
20195	57528	False	False	False	False	False		False					2023-03-29 12:45:08	2023-03-29 12:45:55
20196	74943	False	False	False	False	False		False					2023-03-29 12:46:28	2023-03-29 12:47:52
20172	18181	False	False	True	False	False		False					2023-03-29 11:36:00	2023-03-29 11:36:00
20175	56397	False	False	False	True	False		False					2023-03-29 11:42:23	2023-03-29 11:42:23
20181	18307	False	False	False	False	False		False					2023-03-29 12:28:29	2023-03-29 12:28:29
20185	29894	False	False	False	False	False		False					2023-03-29 12:33:39	2023-03-29 12:33:39
20176	36713	False	False	False	False	False		False					2023-03-29 11:44:10	2023-03-29 11:44:10
20178	30022	False	False	False	True	False		False					2023-03-29 11:45:28	2023-03-29 11:45:28
20180	37973	False	False	False	False	False		False					2023-03-29 12:27:21	2023-03-29 12:27:21
20183	19063	False	False	False	False	False		False					2023-03-29 12:31:00	2023-03-29 12:31:00
20186	19656	True	False	False	False	False		False					2023-03-29 12:34:17	2023-03-29 12:34:17
20188	36855	False	False	False	False	False		False					2023-03-29 12:38:49	2023-03-29 12:38:49
20192	57688	False	False	False	False	False		False					2023-03-29 12:42:45	2023-03-29 12:43:48
20193	29250	False	False	False	False	False		False					2023-03-29 12:44:12	2023-03-29 12:44:12
20194	57523	False	False	False	False	False		False					2023-03-29 12:44:49	2023-03-29 12:44:49
20169	56451	False	False	False	False	False		False					2023-03-29 11:31:41	2023-03-29 11:32:03
20171	18905	False	False	False	False	False		False					2023-03-29 11:35:25	2023-03-29 11:35:25
20173	19821	False	False	False	False	False		False					2023-03-29 11:41:13	2023-03-29 11:41:13
20177	30334	False	False	False	False	False		False					2023-03-29 11:44:43	2023-03-29 11:44:43
20182	37622	False	False	False	False	False		False					2023-03-29 12:30:12	2023-03-29 12:30:12
20187	57662	False	False	False	False	False		False					2023-03-29 12:35:17	2023-03-29 12:35:17
20191	19264	False	False	False	False	False		False					2023-03-29 12:42:40	2023-03-29 12:42:40
