annotation_id	recording_id	is_low_quality	contains_human_speech	contains_unknown_birds	does_not_contain_birds	contains_birds_not_on_list	birds_not_on_list	has_boxes_for_all_bird_sounds	non_bird_area_x1	non_bird_area_x2	non_bird_area_y1	non_bird_area_y2	created	edited
611	84692	False	False	False	False	False		False					2022-06-06 18:42:12	2022-06-06 18:42:12
612	82248	False	False	False	False	False		False					2022-06-06 18:44:50	2022-06-06 18:45:08
613	85050	False	False	False	False	False		False					2022-06-06 18:49:44	2022-06-06 18:49:44
614	85194	False	False	False	False	False		False					2022-06-06 18:50:27	2022-06-06 18:50:27
615	85192	False	False	False	False	False		False					2022-06-06 18:52:35	2022-06-06 18:53:39
616	85117	False	False	False	False	False		False					2022-06-06 18:56:17	2022-06-06 18:56:17
617	85045	False	True	False	False	False		False					2022-06-06 18:56:43	2022-06-06 18:56:43
152	85138	True	False	False	True	False		False					2022-06-02 10:49:21	2022-06-02 10:49:21
153	85213	True	False	False	False	False		False					2022-06-02 10:50:21	2022-06-06 18:57:01
