annotation_id	recording_id	is_low_quality	contains_human_speech	contains_unknown_birds	does_not_contain_birds	contains_birds_not_on_list	birds_not_on_list	has_boxes_for_all_bird_sounds	non_bird_area_x1	non_bird_area_x2	non_bird_area_y1	non_bird_area_y2	created	edited
22566	43450	False	False	False	False	False		False					2023-06-06 23:23:21	2023-06-06 23:23:21
22573	44925	False	False	False	False	False		False					2023-06-06 23:28:48	2023-06-06 23:28:48
22577	43692	False	False	False	False	False		False					2023-06-06 23:31:55	2023-06-06 23:31:55
22569	44402	False	False	True	False	False		False					2023-06-06 23:25:19	2023-06-06 23:25:19
22576	44571	False	False	True	False	False		False					2023-06-06 23:30:01	2023-06-06 23:30:01
22567	44992	False	False	True	False	False		False					2023-06-06 23:23:45	2023-06-06 23:23:45
22568	44477	False	False	False	False	False		False					2023-06-06 23:24:25	2023-06-06 23:24:25
22574	44589	False	False	True	False	False		False					2023-06-06 23:29:11	2023-06-06 23:29:11
22575	44604	False	False	False	False	False		False					2023-06-06 23:29:35	2023-06-06 23:29:35
22578	44170	False	False	False	False	False		False					2023-06-06 23:33:47	2023-06-06 23:33:47
