annotation_id	recording_id	is_low_quality	contains_human_speech	contains_unknown_birds	does_not_contain_birds	contains_birds_not_on_list	birds_not_on_list	has_boxes_for_all_bird_sounds	non_bird_area_x1	non_bird_area_x2	non_bird_area_y1	non_bird_area_y2	created	edited
29459	7833	False	False	False	True	False		False	10.419734794061304	10.764562380268199	0.0	5836.764705882353	2023-09-18 10:32:09	2023-09-18 10:32:31
29485	7314	True	False	False	True	False		False	7.37375778256705	13.140041307471265	64.85294117647037	9663.088235294119	2023-09-18 10:40:57	2023-09-18 10:40:57
29487	7907	True	False	False	True	False		False	8.887167744252874	9.749236709770116	129.70588235294073	6420.441176470587	2023-09-18 10:41:20	2023-09-18 10:41:20
29467	7942	True	False	False	True	False		False	7.488700311302682	10.860347820881227	129.70588235294073	2269.852941176471	2023-09-18 10:34:36	2023-09-18 10:34:36
29474	8042	True	False	False	True	False		False	7.6802711925287355	9.739658165708812	64.85294117647037	4863.970588235295	2023-09-18 10:36:09	2023-09-18 10:36:09
29478	7507	False	False	False	True	False		False	7.584485751915709	7.996363146551724	0.0	10441.323529411764	2023-09-18 10:36:51	2023-09-18 10:36:51
29159	7416	False	False	False	False	False		True					2023-09-16 00:00:24	2023-09-18 10:41:54
29161	7744	False	False	False	False	False		False					2023-09-16 00:02:51	2023-09-16 00:02:51
29162	8050	False	False	False	False	False		True					2023-09-16 00:03:39	2023-09-18 10:42:11
29165	7845	False	False	False	False	False		True					2023-09-16 00:04:55	2023-09-18 10:42:19
29166	8009	True	False	False	True	False		False					2023-09-16 00:05:14	2023-09-16 00:05:14
29167	7702	False	False	True	False	False		False					2023-09-16 00:05:46	2023-09-16 00:05:46
29168	7491	True	False	False	True	False		False					2023-09-16 00:05:59	2023-09-16 00:06:10
29169	7414	False	False	False	False	False		True					2023-09-16 00:06:41	2023-09-18 10:42:49
29170	7347	False	False	False	False	False		True					2023-09-16 00:07:22	2023-09-18 10:42:56
29171	7830	False	False	False	True	False		False					2023-09-16 00:07:37	2023-09-16 00:07:37
29172	7738	False	False	False	False	False		True					2023-09-16 00:12:11	2023-09-18 10:43:26
29174	7457	True	False	False	True	False		False					2023-09-16 00:12:47	2023-09-16 00:12:47
29175	7935	True	False	False	True	False		False					2023-09-16 00:13:02	2023-09-16 00:13:02
29176	8083	False	False	False	False	False		True					2023-09-16 00:16:52	2023-09-18 11:01:59
29177	7963	False	False	False	False	False		True					2023-09-16 00:18:17	2023-09-18 11:01:45
29178	7492	True	False	False	True	False		False					2023-09-16 00:18:27	2023-09-16 00:18:27
29179	7752	False	False	False	False	False		False					2023-09-16 00:19:35	2023-09-16 00:19:35
29180	7972	True	False	False	True	False		False					2023-09-16 00:19:43	2023-09-16 00:19:43
29181	7727	False	False	False	False	False		True					2023-09-16 00:24:58	2023-09-18 11:01:14
29182	7574	False	False	False	False	False		True					2023-09-16 00:25:22	2023-09-18 11:00:45
29183	7809	False	False	False	False	False		True					2023-09-16 00:26:01	2023-09-18 11:00:38
29184	7356	False	False	False	False	False		True					2023-09-16 00:26:42	2023-09-18 11:00:15
29185	7618	True	False	False	True	False		False					2023-09-16 00:26:57	2023-09-16 00:26:57
29186	7335	True	False	True	False	False		False					2023-09-16 00:27:13	2023-09-16 00:27:13
29187	7332	False	False	False	False	False		True					2023-09-16 00:28:39	2023-09-18 10:59:49
29188	7607	False	False	False	False	False		True					2023-09-16 00:30:44	2023-09-18 10:59:42
29189	7402	False	False	False	False	False		True					2023-09-16 00:37:04	2023-09-18 10:59:35
29289	7919	False	False	False	False	False		True					2023-09-17 13:20:56	2023-09-18 10:59:23
29290	7530	False	False	False	False	False		True					2023-09-17 13:22:08	2023-09-18 10:59:17
29291	7978	False	False	False	False	False		True					2023-09-17 13:22:47	2023-09-18 10:58:43
29292	8005	True	False	True	False	False		False					2023-09-17 13:23:08	2023-09-17 13:23:08
29293	8082	False	False	False	False	False		False					2023-09-17 13:23:36	2023-09-18 10:58:32
29295	7668	True	False	True	False	False		False					2023-09-17 13:23:54	2023-09-17 13:23:54
29298	7606	True	False	False	False	False		True					2023-09-17 13:24:30	2023-09-18 10:58:20
29300	7852	True	False	False	False	False		False					2023-09-17 13:25:03	2023-09-18 10:58:05
29301	8070	False	False	True	False	False		False					2023-09-17 13:25:24	2023-09-17 13:25:24
29302	7741	False	False	False	False	False		True					2023-09-17 13:25:53	2023-09-18 10:57:47
29303	7532	True	False	True	False	False		False					2023-09-17 13:26:12	2023-09-17 13:26:12
29384	7750	True	False	True	False	False		False					2023-09-17 21:08:33	2023-09-17 21:08:33
29385	7447	True	False	True	False	False		False					2023-09-17 21:09:10	2023-09-17 21:09:10
29386	7937	True	False	False	True	False		False					2023-09-17 21:09:31	2023-09-17 21:09:31
29387	7534	True	False	True	False	False		False					2023-09-17 21:09:47	2023-09-17 21:09:47
29388	7308	True	False	True	False	False		False					2023-09-17 21:10:06	2023-09-17 21:10:06
29389	7828	False	False	False	False	False		True					2023-09-17 21:16:26	2023-09-18 10:50:11
29390	7568	False	False	False	False	False		True					2023-09-17 21:16:49	2023-09-18 10:50:03
29391	7586	False	False	False	False	False		False					2023-09-17 21:17:57	2023-09-17 21:17:57
29392	8066	False	False	False	False	False		True					2023-09-17 21:18:31	2023-09-18 10:49:35
29393	7422	False	False	False	False	False		False					2023-09-17 21:38:05	2023-09-18 10:49:10
29394	7804	False	False	False	False	False		True					2023-09-17 21:39:07	2023-09-18 10:49:19
29395	7806	False	False	False	False	False		True					2023-09-17 21:40:17	2023-09-18 10:47:49
29396	7766	False	False	False	False	False		False					2023-09-17 21:40:50	2023-09-18 10:47:40
29397	7430	False	False	False	True	False		False					2023-09-17 21:41:04	2023-09-17 21:41:04
29398	7772	False	False	False	False	False		True					2023-09-17 21:42:08	2023-09-18 10:47:23
29399	7797	False	False	False	False	False		True					2023-09-17 21:42:49	2023-09-18 10:47:16
29400	47488	False	False	False	False	False		True					2023-09-17 21:43:53	2023-09-17 21:44:09
29405	47547	False	False	False	True	False		False					2023-09-17 21:44:46	2023-09-17 21:44:46
29406	47598	False	False	False	True	False		False					2023-09-17 21:45:00	2023-09-17 21:45:00
29413	47634	False	False	False	False	False		True					2023-09-17 21:47:06	2023-09-18 10:47:00
29418	7651	False	False	False	False	False		True					2023-09-17 21:48:51	2023-09-18 10:46:49
29420	7762	False	False	False	False	False		True					2023-09-17 21:51:16	2023-09-18 10:46:42
29421	7892	False	False	False	False	False		True					2023-09-17 21:51:43	2023-09-17 21:51:43
29422	7531	False	False	False	False	False		True					2023-09-17 21:52:12	2023-09-17 21:52:12
29423	8043	True	False	False	True	False		False					2023-09-17 21:52:25	2023-09-17 21:52:25
29425	7462	False	False	False	False	False		False					2023-09-17 21:53:21	2023-09-17 21:53:21
29427	7905	False	False	False	False	False		False					2023-09-17 21:53:45	2023-09-17 21:53:45
29428	7387	False	False	False	False	False		True					2023-09-18 09:24:11	2023-09-18 09:24:11
29429	7943	True	False	False	True	False		False					2023-09-18 09:24:22	2023-09-18 09:24:22
29430	7680	False	False	False	False	False		True					2023-09-18 09:25:07	2023-09-18 10:46:00
29431	8086	False	False	False	False	False		False					2023-09-18 09:26:43	2023-09-18 09:26:43
29433	7986	False	False	False	False	False		True					2023-09-18 09:27:57	2023-09-18 09:27:57
29434	7985	False	False	False	False	False		True					2023-09-18 09:28:23	2023-09-18 09:28:23
29435	7694	False	False	True	False	False		False					2023-09-18 09:28:46	2023-09-18 09:28:46
29436	7869	False	False	False	False	False		True					2023-09-18 09:29:23	2023-09-18 09:29:23
29437	7559	False	False	False	False	False		True					2023-09-18 09:29:59	2023-09-18 09:29:59
29438	7917	False	False	False	False	False		True					2023-09-18 09:50:02	2023-09-18 10:45:32
29439	7889	False	False	False	False	False		True					2023-09-18 09:50:22	2023-09-18 09:50:28
29440	7378	False	False	False	False	False		True					2023-09-18 09:51:02	2023-09-18 09:51:02
29441	7504	False	False	False	True	False		False					2023-09-18 09:51:19	2023-09-18 09:51:19
29442	7782	False	False	False	False	False		True					2023-09-18 09:51:55	2023-09-18 09:51:55
29443	7543	True	False	False	False	False		True					2023-09-18 09:52:22	2023-09-18 09:52:22
29444	7701	False	False	False	False	False		True					2023-09-18 09:52:56	2023-09-18 09:52:56
29445	7493	True	False	False	True	False		False					2023-09-18 09:53:03	2023-09-18 09:53:03
29446	7787	False	False	False	False	False		False					2023-09-18 09:53:38	2023-09-18 09:53:38
29447	7952	True	False	True	False	False		False					2023-09-18 10:15:22	2023-09-18 10:15:22
29448	7686	False	False	False	False	False		True					2023-09-18 10:15:54	2023-09-18 10:15:54
29449	7605	True	False	False	True	False		False					2023-09-18 10:16:03	2023-09-18 10:16:03
29450	7500	True	False	False	False	False		False					2023-09-18 10:16:28	2023-09-18 10:16:34
29451	7458	False	False	False	False	False		True					2023-09-18 10:29:36	2023-09-18 10:29:36
29452	7958	False	False	False	False	False		True					2023-09-18 10:30:00	2023-09-18 10:30:00
29453	7717	False	False	True	False	False		False					2023-09-18 10:30:17	2023-09-18 10:30:17
29454	7885	True	False	True	False	False		False					2023-09-18 10:30:32	2023-09-18 10:30:32
29455	7725	False	False	False	False	False		True					2023-09-18 10:30:56	2023-09-18 10:30:56
29456	7428	False	False	True	False	False		False					2023-09-18 10:31:20	2023-09-18 10:31:20
29457	7344	True	False	False	True	False		False					2023-09-18 10:31:25	2023-09-18 10:31:25
29458	7399	True	False	False	False	False		True					2023-09-18 10:31:54	2023-09-18 10:31:54
29461	7829	False	False	False	False	False		True					2023-09-18 10:33:12	2023-09-18 10:33:12
29462	7730	False	False	False	False	False		True					2023-09-18 10:33:51	2023-09-18 10:33:51
29465	7494	True	False	True	False	False		False					2023-09-18 10:34:20	2023-09-18 10:34:20
29468	7590	True	False	True	False	False		False					2023-09-18 10:34:51	2023-09-18 10:34:55
29469	7406	True	False	False	False	False		True					2023-09-18 10:35:23	2023-09-18 10:35:23
29470	7329	False	False	False	False	False		True					2023-09-18 10:35:49	2023-09-18 10:35:49
29476	7990	False	False	False	False	False		True					2023-09-18 10:36:32	2023-09-18 10:36:32
29479	7653	True	False	False	False	False		True					2023-09-18 10:37:24	2023-09-18 10:37:24
29481	7588	False	False	False	False	False		True					2023-09-18 10:39:50	2023-09-18 10:39:50
29482	7522	False	False	False	False	False		True					2023-09-18 10:40:23	2023-09-18 10:40:23
29483	7857	False	False	False	False	False		True					2023-09-18 10:40:42	2023-09-18 10:40:42
29486	7320	True	False	False	True	False		False					2023-09-18 10:41:05	2023-09-18 10:41:05
