annotation_id	recording_id	is_low_quality	contains_human_speech	contains_unknown_birds	does_not_contain_birds	contains_birds_not_on_list	birds_not_on_list	has_boxes_for_all_bird_sounds	non_bird_area_x1	non_bird_area_x2	non_bird_area_y1	non_bird_area_y2	created	edited
14308	34990	False	False	False	True	False		False	7.755171847635727	14.602807574430823	0.0	6939.264705882353	2023-02-03 21:25:25	2023-02-03 21:25:25
14416	34989	False	False	False	True	False		False	8.03538200525394	14.602807574430823	64.85294117647037	6161.029411764706	2023-02-04 14:10:21	2023-02-04 14:10:21
14371	35113	False	False	False	True	False		False	6.721896891418564	14.690373248686514	0.0	8366.029411764704	2023-02-03 21:34:16	2023-02-03 21:34:20
14418	34919	False	False	False	True	False		False	10.522247154115586	14.97058340630473	0.0	6485.294117647059	2023-02-04 14:10:54	2023-02-04 14:10:54
14425	35173	False	False	False	True	False		False	8.753420534150614	9.41891965849387	194.5588235294123	2723.823529411765	2023-02-04 14:11:55	2023-02-04 14:11:55
14348	35039	False	False	False	True	False		False	8.858499343257444	10.242036996497372	64.85294117647037	2853.5294117647054	2023-02-03 21:31:13	2023-02-03 21:31:13
15655	147218	True	False	False	False	False		False	5.168540693146417	14.8414378894081	0.0	9079.411764705883	2023-02-22 17:36:03	2023-02-22 17:36:03
15648	146168	False	False	False	True	False		False	5.012777453271028	15.0	0.0	7198.676470588236	2023-02-22 17:32:45	2023-02-22 17:32:45
14044	35138	False	False	False	True	False		False					2023-02-03 19:01:07	2023-02-03 19:01:07
14048	35188	True	False	False	True	False		False					2023-02-03 19:02:16	2023-02-03 19:02:16
14052	35011	True	False	False	True	False		False					2023-02-03 19:03:24	2023-02-03 19:03:24
14056	35008	False	False	False	True	False		False					2023-02-03 19:04:05	2023-02-03 19:04:05
14060	34806	False	False	False	True	False		False					2023-02-03 19:04:57	2023-02-03 19:04:57
14088	35182	False	False	False	True	False		False					2023-02-03 19:08:01	2023-02-03 19:08:01
14118	35115	False	False	False	True	False		False					2023-02-03 20:45:28	2023-02-03 20:45:28
14122	34991	False	False	False	True	False		False					2023-02-03 20:46:12	2023-02-03 20:46:12
14126	35022	False	False	False	True	False		False					2023-02-03 20:46:51	2023-02-03 20:46:51
14130	35134	False	False	False	True	False		False					2023-02-03 20:47:27	2023-02-03 20:47:27
14134	35025	False	False	False	True	False		False					2023-02-03 20:48:06	2023-02-03 20:48:06
14138	34929	False	False	False	True	False		False					2023-02-03 20:48:40	2023-02-03 20:48:40
14142	34964	False	False	False	True	False		False					2023-02-03 20:49:17	2023-02-03 20:49:17
14146	34956	False	False	False	True	False		False					2023-02-03 20:49:46	2023-02-03 20:49:46
14150	34775	False	False	False	True	False		False					2023-02-03 20:50:19	2023-02-03 20:50:19
14153	35183	False	False	False	False	False		True					2023-02-03 20:52:53	2023-02-03 20:52:53
14157	35109	False	False	False	True	False		False					2023-02-03 20:53:25	2023-02-03 20:53:25
14161	35040	False	False	False	True	False		False					2023-02-03 20:53:57	2023-02-03 20:53:57
14165	35080	False	False	False	True	False		False					2023-02-03 20:54:32	2023-02-03 20:54:32
14169	34830	False	False	False	True	False		False					2023-02-03 20:54:59	2023-02-03 20:54:59
14173	34954	False	False	False	True	False		False					2023-02-03 20:55:32	2023-02-03 20:55:32
14177	34808	False	False	False	True	False		False					2023-02-03 20:56:03	2023-02-03 20:56:03
14181	34804	False	False	False	True	False		False					2023-02-03 20:56:33	2023-02-03 20:56:33
14185	34781	False	False	False	True	False		False					2023-02-03 20:57:06	2023-02-03 20:57:06
14189	35034	False	False	False	True	False		False					2023-02-03 20:57:41	2023-02-03 20:57:41
14193	34922	False	False	False	True	False		False					2023-02-03 20:58:25	2023-02-03 20:58:25
14197	34987	False	False	False	True	False		False					2023-02-03 20:58:56	2023-02-03 20:58:56
14201	35131	False	False	False	True	False		False					2023-02-03 21:01:44	2023-02-03 21:01:44
14205	34843	False	False	False	True	False		False					2023-02-03 21:02:52	2023-02-03 21:02:52
14209	35200	False	False	False	True	False		False					2023-02-03 21:03:21	2023-02-03 21:03:21
14212	34796	False	False	False	False	False		True					2023-02-03 21:04:20	2023-02-03 21:04:20
14216	35088	False	False	False	True	False		False					2023-02-03 21:04:56	2023-02-03 21:04:56
14220	34938	False	False	False	True	False		False					2023-02-03 21:05:55	2023-02-03 21:05:55
14224	35197	False	False	False	True	False		False					2023-02-03 21:06:59	2023-02-03 21:06:59
14228	34875	False	False	False	True	False		False					2023-02-03 21:07:36	2023-02-03 21:07:36
14232	35119	False	False	False	True	False		False					2023-02-03 21:08:21	2023-02-03 21:08:21
14236	35078	False	False	False	True	False		False					2023-02-03 21:09:02	2023-02-03 21:09:02
14240	35054	False	False	False	True	False		False					2023-02-03 21:09:42	2023-02-03 21:09:42
14244	34869	False	False	False	True	False		False					2023-02-03 21:10:26	2023-02-03 21:10:26
14248	34899	False	False	False	True	False		False					2023-02-03 21:11:04	2023-02-03 21:11:04
14254	35158	False	False	False	True	False		False					2023-02-03 21:12:16	2023-02-03 21:12:16
14258	34862	False	False	False	True	False		False					2023-02-03 21:12:54	2023-02-03 21:12:54
14262	34787	False	False	False	True	False		False					2023-02-03 21:13:30	2023-02-03 21:13:30
14266	35193	False	False	False	True	False		False					2023-02-03 21:14:07	2023-02-03 21:14:07
14270	35110	False	False	False	True	False		False					2023-02-03 21:14:40	2023-02-03 21:14:40
14272	34942	False	False	False	True	False		False					2023-02-03 21:15:21	2023-02-03 21:15:21
14276	35135	False	False	False	True	False		False					2023-02-03 21:16:05	2023-02-03 21:16:05
14280	34906	False	False	False	True	False		False					2023-02-03 21:16:44	2023-02-03 21:16:44
14284	34997	False	False	False	True	False		False					2023-02-03 21:17:23	2023-02-03 21:17:23
14288	35049	False	False	False	True	False		False					2023-02-03 21:18:01	2023-02-03 21:18:01
14292	35045	False	False	False	True	False		False					2023-02-03 21:18:42	2023-02-03 21:18:42
14296	34996	False	False	False	True	False		False					2023-02-03 21:19:20	2023-02-03 21:19:20
14302	35117	False	False	False	True	False		False					2023-02-03 21:20:45	2023-02-03 21:20:45
14305	34854	False	False	False	True	False		False					2023-02-03 21:22:08	2023-02-03 21:22:08
14316	35112	False	False	False	True	False		False					2023-02-03 21:26:32	2023-02-03 21:26:32
14320	35195	False	False	False	True	False		False					2023-02-03 21:27:08	2023-02-03 21:27:08
14324	35041	False	False	False	True	False		False					2023-02-03 21:27:46	2023-02-03 21:27:46
14328	34805	False	False	False	True	False		False					2023-02-03 21:28:28	2023-02-03 21:28:28
14333	35114	False	False	False	True	False		False					2023-02-03 21:29:21	2023-02-03 21:29:21
14337	34817	False	False	False	True	False		False					2023-02-03 21:30:08	2023-02-03 21:30:08
14420	34864	False	False	False	True	False		False					2023-02-04 14:11:10	2023-02-04 14:11:10
14424	34816	False	False	False	True	False		False					2023-02-04 14:11:41	2023-02-04 14:11:41
14428	35203	False	False	False	True	False		False					2023-02-04 14:12:16	2023-02-04 14:12:16
14433	34885	False	False	False	True	False		False					2023-02-04 14:13:39	2023-02-04 14:13:39
14437	34812	False	False	False	True	False		False					2023-02-04 14:14:10	2023-02-04 14:14:10
14441	35168	False	False	False	True	False		False					2023-02-04 14:15:06	2023-02-04 14:15:06
14445	35097	False	False	False	True	False		False					2023-02-04 14:15:35	2023-02-04 14:15:35
14449	35151	False	False	False	True	False		False					2023-02-04 14:16:10	2023-02-04 14:16:10
14453	34859	False	False	False	True	False		False					2023-02-04 14:16:37	2023-02-04 14:16:37
14458	34777	False	False	False	True	False		False					2023-02-04 14:17:28	2023-02-04 14:17:28
14461	34877	False	False	False	True	False		False					2023-02-04 14:18:05	2023-02-04 14:18:05
14465	34836	False	False	False	True	False		False					2023-02-04 14:18:41	2023-02-04 14:18:41
14473	35074	False	False	False	True	False		False					2023-02-04 14:19:41	2023-02-04 14:19:41
14477	34952	False	False	False	True	False		False					2023-02-04 14:20:15	2023-02-04 14:20:15
14481	34917	False	False	False	True	False		False					2023-02-04 14:20:47	2023-02-04 14:20:47
14485	34846	False	False	False	True	False		False					2023-02-04 14:21:14	2023-02-04 14:21:14
14489	34937	False	False	False	True	False		False					2023-02-04 14:21:41	2023-02-04 14:21:41
14493	35146	False	False	False	True	False		False					2023-02-04 14:22:08	2023-02-04 14:22:08
14497	34980	False	False	False	True	False		False					2023-02-04 14:22:38	2023-02-04 14:22:38
14503	34975	False	False	False	True	False		False					2023-02-04 14:23:31	2023-02-04 14:23:31
14507	35105	False	False	False	True	False		False					2023-02-04 14:23:58	2023-02-04 14:23:58
14513	34838	False	False	False	True	False		False					2023-02-04 14:24:52	2023-02-04 14:24:52
14517	34842	False	False	False	True	False		False					2023-02-04 14:25:19	2023-02-04 14:25:19
14521	34940	False	False	False	False	False		True					2023-02-04 14:26:17	2023-02-04 14:26:17
14529	34912	False	False	False	True	False		False					2023-02-04 14:27:22	2023-02-04 14:27:22
14045	34866	False	False	False	True	False		False					2023-02-03 19:01:24	2023-02-03 19:01:24
14049	34876	False	False	False	True	False		False					2023-02-03 19:02:33	2023-02-03 19:02:33
14053	34874	False	False	False	True	False		False					2023-02-03 19:03:36	2023-02-03 19:03:36
14057	34809	False	False	False	True	False		False					2023-02-03 19:04:17	2023-02-03 19:04:17
14061	35181	False	False	False	True	False		False					2023-02-03 19:05:06	2023-02-03 19:05:06
14089	35073	False	False	False	True	False		False					2023-02-03 19:08:11	2023-02-03 19:08:11
14120	34921	False	False	False	True	False		False					2023-02-03 20:45:51	2023-02-03 20:45:51
14124	35169	False	False	False	True	False		False					2023-02-03 20:46:33	2023-02-03 20:46:33
14128	35020	False	False	False	True	False		False					2023-02-03 20:47:12	2023-02-03 20:47:12
14132	35036	False	False	False	True	False		False					2023-02-03 20:47:48	2023-02-03 20:47:48
14136	35127	False	False	False	True	False		False					2023-02-03 20:48:21	2023-02-03 20:48:21
14140	34936	False	False	False	True	False		False					2023-02-03 20:49:00	2023-02-03 20:49:00
14144	35070	False	False	False	True	False		False					2023-02-03 20:49:29	2023-02-03 20:49:29
14148	34863	False	False	False	True	False		False					2023-02-03 20:50:03	2023-02-03 20:50:03
14152	34786	False	False	False	True	False		False					2023-02-03 20:50:38	2023-02-03 20:50:38
14155	35043	False	False	False	True	False		False					2023-02-03 20:53:11	2023-02-03 20:53:11
14159	34887	False	False	False	True	False		False					2023-02-03 20:53:40	2023-02-03 20:53:40
14163	35013	False	False	False	True	False		False					2023-02-03 20:54:14	2023-02-03 20:54:14
14167	35098	False	False	False	True	False		False					2023-02-03 20:54:45	2023-02-03 20:54:45
14171	34792	False	False	False	True	False		False					2023-02-03 20:55:15	2023-02-03 20:55:15
14175	34757	False	False	False	True	False		False					2023-02-03 20:55:47	2023-02-03 20:55:47
14179	35065	False	False	False	True	False		False					2023-02-03 20:56:18	2023-02-03 20:56:18
14183	34891	False	False	False	True	False		False					2023-02-03 20:56:51	2023-02-03 20:56:51
14187	34998	False	False	False	True	False		False					2023-02-03 20:57:20	2023-02-03 20:57:20
14191	34900	False	False	False	True	False		False					2023-02-03 20:58:07	2023-02-03 20:58:07
14195	34762	False	False	False	True	False		False					2023-02-03 20:58:41	2023-02-03 20:58:41
14199	34791	False	False	False	True	False		False					2023-02-03 20:59:10	2023-02-03 20:59:10
14203	35210	False	False	False	True	False		False					2023-02-03 21:02:23	2023-02-03 21:02:23
14207	35004	False	False	False	True	False		False					2023-02-03 21:03:06	2023-02-03 21:03:06
14211	34779	False	False	False	True	False		False					2023-02-03 21:03:36	2023-02-03 21:03:36
14214	34844	False	False	False	True	False		False					2023-02-03 21:04:35	2023-02-03 21:04:35
14218	35175	False	False	False	True	False		False					2023-02-03 21:05:19	2023-02-03 21:05:19
14222	34772	False	False	False	True	False		False					2023-02-03 21:06:20	2023-02-03 21:06:20
14226	34923	False	False	False	True	False		False					2023-02-03 21:07:21	2023-02-03 21:07:21
14230	35216	False	False	False	True	False		False					2023-02-03 21:08:04	2023-02-03 21:08:04
14234	34868	False	False	False	True	False		False					2023-02-03 21:08:45	2023-02-03 21:08:45
14238	34909	False	False	False	True	False		False					2023-02-03 21:09:23	2023-02-03 21:09:23
14242	34769	False	False	False	True	False		False					2023-02-03 21:10:00	2023-02-03 21:10:00
14246	34824	False	False	False	True	False		False					2023-02-03 21:10:43	2023-02-03 21:10:43
14250	34932	False	False	False	True	False		False					2023-02-03 21:11:29	2023-02-03 21:11:33
14252	35084	False	False	False	True	False		False					2023-02-03 21:11:53	2023-02-03 21:11:53
14256	35030	False	False	False	True	False		False					2023-02-03 21:12:36	2023-02-03 21:12:36
14260	34981	False	False	False	True	False		False					2023-02-03 21:13:13	2023-02-03 21:13:13
14264	34960	False	False	False	True	False		False					2023-02-03 21:13:45	2023-02-03 21:13:45
14268	35002	False	False	False	True	False		False					2023-02-03 21:14:23	2023-02-03 21:14:23
14274	35116	False	False	False	True	False		False					2023-02-03 21:15:43	2023-02-03 21:15:43
14278	34961	False	False	False	True	False		False					2023-02-03 21:16:23	2023-02-03 21:16:23
14282	34983	False	False	False	True	False		False					2023-02-03 21:17:06	2023-02-03 21:17:06
14286	34976	False	False	False	True	False		False					2023-02-03 21:17:39	2023-02-03 21:17:39
14290	34918	False	False	False	True	False		False					2023-02-03 21:18:21	2023-02-03 21:18:21
14294	34801	False	False	False	True	False		False					2023-02-03 21:19:04	2023-02-03 21:19:04
14298	34896	False	False	False	True	False		False					2023-02-03 21:19:41	2023-02-03 21:19:41
14300	34930	False	False	False	True	False		False					2023-02-03 21:20:26	2023-02-03 21:20:26
14307	34821	False	False	False	True	False		False					2023-02-03 21:22:34	2023-02-03 21:22:34
14310	35051	False	False	False	True	False		False					2023-02-03 21:25:34	2023-02-03 21:25:34
14314	35069	False	False	False	True	False		False					2023-02-03 21:26:14	2023-02-03 21:26:14
14318	34827	False	False	False	True	False		False					2023-02-03 21:26:49	2023-02-03 21:26:49
14322	35017	False	False	False	True	False		False					2023-02-03 21:27:29	2023-02-03 21:27:29
14326	34913	False	False	False	True	False		False					2023-02-03 21:28:12	2023-02-03 21:28:12
14330	34992	False	False	False	True	False		False					2023-02-03 21:28:56	2023-02-03 21:28:56
14335	34815	False	False	False	True	False		False					2023-02-03 21:29:43	2023-02-03 21:29:43
14339	35087	False	False	False	True	False		False					2023-02-03 21:30:24	2023-02-03 21:30:24
14043	34911	False	False	False	True	False		False					2023-02-03 19:00:48	2023-02-03 19:00:48
14047	34951	True	False	False	True	False		False					2023-02-03 19:02:00	2023-02-03 19:02:00
14051	34953	False	False	False	True	False		False					2023-02-03 19:03:10	2023-02-03 19:03:10
14055	35191	True	False	False	True	False		False					2023-02-03 19:03:52	2023-02-03 19:03:52
14059	34793	False	True	False	True	False		False					2023-02-03 19:04:48	2023-02-03 19:04:48
14063	34832	False	False	False	True	False		False					2023-02-03 19:05:28	2023-02-03 19:05:28
14117	35106	False	False	False	True	False		False					2023-02-03 19:14:58	2023-02-03 19:14:58
14119	34916	False	False	False	True	False		False					2023-02-03 20:45:43	2023-02-03 20:45:43
14123	35083	False	False	False	True	False		False					2023-02-03 20:46:23	2023-02-03 20:46:23
14127	35079	False	False	False	True	False		False					2023-02-03 20:47:04	2023-02-03 20:47:04
14131	35057	False	False	False	True	False		False					2023-02-03 20:47:38	2023-02-03 20:47:38
14135	35215	False	False	False	True	False		False					2023-02-03 20:48:14	2023-02-03 20:48:14
14139	35007	False	False	False	True	False		False					2023-02-03 20:48:52	2023-02-03 20:48:52
14143	34771	False	False	False	True	False		False					2023-02-03 20:49:23	2023-02-03 20:49:23
14147	35184	False	False	False	True	False		False					2023-02-03 20:49:53	2023-02-03 20:49:53
14151	34778	False	False	False	True	False		False					2023-02-03 20:50:28	2023-02-03 20:50:28
14154	34855	False	False	False	True	False		False					2023-02-03 20:53:04	2023-02-03 20:53:04
14158	34852	False	False	False	True	False		False					2023-02-03 20:53:32	2023-02-03 20:53:32
14162	34950	False	False	False	True	False		False					2023-02-03 20:54:06	2023-02-03 20:54:06
14166	34947	False	False	False	True	False		False					2023-02-03 20:54:39	2023-02-03 20:54:39
14170	34837	False	False	False	True	False		False					2023-02-03 20:55:05	2023-02-03 20:55:05
14174	34848	False	False	False	True	False		False					2023-02-03 20:55:39	2023-02-03 20:55:39
14178	35141	False	False	False	True	False		False					2023-02-03 20:56:09	2023-02-03 20:56:09
14182	35027	False	False	False	True	False		False					2023-02-03 20:56:43	2023-02-03 20:56:43
14186	34795	False	False	False	True	False		False					2023-02-03 20:57:13	2023-02-03 20:57:13
14190	35085	False	False	False	True	False		False					2023-02-03 20:57:59	2023-02-03 20:57:59
14194	35157	False	False	False	True	False		False					2023-02-03 20:58:32	2023-02-03 20:58:32
14198	34995	False	False	False	True	False		False					2023-02-03 20:59:03	2023-02-03 20:59:03
14202	34881	False	False	False	True	False		False					2023-02-03 21:01:58	2023-02-03 21:01:58
14206	35072	False	False	False	True	False		False					2023-02-03 21:02:59	2023-02-03 21:02:59
14210	35052	False	False	False	True	False		False					2023-02-03 21:03:28	2023-02-03 21:03:28
14213	34949	False	False	False	True	False		False					2023-02-03 21:04:29	2023-02-03 21:04:29
14217	35192	False	False	False	True	False		False					2023-02-03 21:05:06	2023-02-03 21:05:06
14221	34946	False	False	False	True	False		False					2023-02-03 21:06:08	2023-02-03 21:06:08
14225	35035	False	False	False	True	False		False					2023-02-03 21:07:07	2023-02-03 21:07:07
14229	35159	False	False	False	True	False		False					2023-02-03 21:07:52	2023-02-03 21:07:52
14233	34915	False	False	False	True	False		False					2023-02-03 21:08:29	2023-02-03 21:08:29
14237	34984	False	False	False	True	False		False					2023-02-03 21:09:13	2023-02-03 21:09:13
14241	35033	False	False	False	True	False		False					2023-02-03 21:09:52	2023-02-03 21:09:52
14245	35121	False	False	False	True	False		False					2023-02-03 21:10:34	2023-02-03 21:10:34
14249	34840	False	False	False	True	False		False					2023-02-03 21:11:16	2023-02-03 21:11:16
14251	34894	False	False	False	True	False		False					2023-02-03 21:11:42	2023-02-03 21:11:42
14255	34970	False	False	False	True	False		False					2023-02-03 21:12:25	2023-02-03 21:12:25
14259	34867	False	False	False	True	False		False					2023-02-03 21:13:04	2023-02-03 21:13:04
14263	34776	False	False	False	True	False		False					2023-02-03 21:13:37	2023-02-03 21:13:37
14267	34764	False	False	False	True	False		False					2023-02-03 21:14:15	2023-02-03 21:14:15
14273	34828	False	False	False	True	False		False					2023-02-03 21:15:31	2023-02-03 21:15:31
14277	34914	False	False	False	True	False		False					2023-02-03 21:16:13	2023-02-03 21:16:13
14281	34959	False	False	False	True	False		False					2023-02-03 21:16:52	2023-02-03 21:16:52
14285	34910	False	False	False	True	False		False					2023-02-03 21:17:32	2023-02-03 21:17:32
14289	35170	False	False	False	True	False		False					2023-02-03 21:18:11	2023-02-03 21:18:11
14293	35206	False	False	False	True	False		False					2023-02-03 21:18:56	2023-02-03 21:18:56
14297	35015	False	False	False	True	False		False					2023-02-03 21:19:32	2023-02-03 21:19:32
14299	35092	False	False	False	True	False		True					2023-02-03 21:20:15	2023-02-03 21:20:15
14303	35086	False	False	False	True	False		False					2023-02-03 21:20:56	2023-02-03 21:20:56
14306	34819	False	False	False	True	False		False					2023-02-03 21:22:19	2023-02-03 21:22:19
14313	35056	False	False	False	True	False		False					2023-02-03 21:25:54	2023-02-03 21:25:54
14317	35190	False	False	False	True	False		False					2023-02-03 21:26:40	2023-02-03 21:26:40
14321	34774	False	False	False	True	False		False					2023-02-03 21:27:17	2023-02-03 21:27:17
14325	35082	False	False	False	True	False		False					2023-02-03 21:27:59	2023-02-03 21:27:59
14329	34905	False	False	False	True	False		False					2023-02-03 21:28:36	2023-02-03 21:28:36
14334	35047	False	False	False	True	False		False					2023-02-03 21:29:35	2023-02-03 21:29:35
14338	34768	False	False	False	True	False		False					2023-02-03 21:30:16	2023-02-03 21:30:16
14046	34943	True	False	False	True	False		False					2023-02-03 19:01:44	2023-02-03 19:01:44
14050	35012	True	False	False	True	False		False					2023-02-03 19:02:48	2023-02-03 19:02:48
14058	34807	False	False	False	True	False		False					2023-02-03 19:04:28	2023-02-03 19:04:28
14062	35207	True	False	False	True	False		False					2023-02-03 19:05:16	2023-02-03 19:05:16
14121	34944	False	False	False	True	False		False					2023-02-03 20:46:02	2023-02-03 20:46:02
14125	34948	False	False	False	True	False		False					2023-02-03 20:46:40	2023-02-03 20:46:40
14129	35118	False	False	False	True	False		False					2023-02-03 20:47:19	2023-02-03 20:47:19
14133	34968	False	False	False	True	False		False					2023-02-03 20:47:55	2023-02-03 20:47:55
14137	34820	False	False	False	True	False		False					2023-02-03 20:48:31	2023-02-03 20:48:31
14141	35199	False	False	False	True	False		False					2023-02-03 20:49:06	2023-02-03 20:49:06
14145	35143	False	False	False	True	False		False					2023-02-03 20:49:38	2023-02-03 20:49:38
14149	34872	False	False	False	True	False		False					2023-02-03 20:50:12	2023-02-03 20:50:12
14156	34962	False	False	False	True	False		False					2023-02-03 20:53:18	2023-02-03 20:53:18
14160	34823	False	False	False	True	False		False					2023-02-03 20:53:49	2023-02-03 20:53:49
14164	34759	False	False	False	True	False		False					2023-02-03 20:54:22	2023-02-03 20:54:22
14168	34803	False	False	False	True	False		False					2023-02-03 20:54:52	2023-02-03 20:54:52
14172	34904	False	False	False	True	False		False					2023-02-03 20:55:22	2023-02-03 20:55:22
14176	35129	False	False	False	True	False		False					2023-02-03 20:55:56	2023-02-03 20:55:56
14180	35103	False	False	False	True	False		False					2023-02-03 20:56:25	2023-02-03 20:56:25
14184	34880	False	False	False	True	False		False					2023-02-03 20:56:59	2023-02-03 20:56:59
14188	34886	False	False	False	True	False		False					2023-02-03 20:57:27	2023-02-03 20:57:27
14192	35081	False	False	False	True	False		False					2023-02-03 20:58:18	2023-02-03 20:58:18
14196	34974	False	False	False	True	False		False					2023-02-03 20:58:48	2023-02-03 20:58:48
14200	34858	False	False	False	True	False		False					2023-02-03 21:01:36	2023-02-03 21:01:36
14204	34879	False	False	False	True	False		False					2023-02-03 21:02:43	2023-02-03 21:02:43
14208	34850	False	False	False	True	False		False					2023-02-03 21:03:14	2023-02-03 21:03:14
14215	35185	False	False	False	True	False		False					2023-02-03 21:04:42	2023-02-03 21:04:42
14219	34888	False	False	False	True	False		False					2023-02-03 21:05:32	2023-02-03 21:05:32
14223	35009	False	False	False	True	False		False					2023-02-03 21:06:41	2023-02-03 21:06:41
14227	35091	False	False	False	True	False		False					2023-02-03 21:07:28	2023-02-03 21:07:28
14231	34802	False	False	False	True	False		False					2023-02-03 21:08:13	2023-02-03 21:08:13
14235	35150	False	False	False	True	False		False					2023-02-03 21:08:52	2023-02-03 21:08:52
14239	34831	False	False	False	True	False		False					2023-02-03 21:09:33	2023-02-03 21:09:33
14243	35205	False	False	False	True	False		False					2023-02-03 21:10:18	2023-02-03 21:10:18
14247	34967	False	False	False	True	False		False					2023-02-03 21:10:51	2023-02-03 21:10:51
14253	34907	False	False	False	True	False		False					2023-02-03 21:12:05	2023-02-03 21:12:05
14257	34985	False	False	False	True	False		False					2023-02-03 21:12:45	2023-02-03 21:12:45
14261	34788	False	False	False	True	False		False					2023-02-03 21:13:21	2023-02-03 21:13:21
14265	35023	False	False	False	True	False		False					2023-02-03 21:13:54	2023-02-03 21:13:54
14269	35136	False	False	False	True	False		False					2023-02-03 21:14:32	2023-02-03 21:14:32
14271	34939	False	False	False	False	False		True					2023-02-03 21:15:12	2023-02-03 21:15:12
14275	35014	False	False	False	True	False		False					2023-02-03 21:15:51	2023-02-03 21:15:51
14279	34761	False	False	False	True	False		False					2023-02-03 21:16:33	2023-02-03 21:16:33
14283	35179	False	False	False	True	False		False					2023-02-03 21:17:15	2023-02-03 21:17:15
14287	35101	False	False	False	True	False		False					2023-02-03 21:17:52	2023-02-03 21:17:52
14291	35186	False	False	False	True	False		False					2023-02-03 21:18:30	2023-02-03 21:18:30
14295	35130	False	False	False	True	False		False					2023-02-03 21:19:12	2023-02-03 21:19:12
14301	35153	False	False	False	True	False		False					2023-02-03 21:20:37	2023-02-03 21:20:37
14304	35001	False	False	False	False	False		True					2023-02-03 21:21:56	2023-02-03 21:21:56
14311	35053	False	False	False	True	False		False					2023-02-03 21:25:44	2023-02-03 21:25:44
14315	34883	False	False	False	True	False		False					2023-02-03 21:26:24	2023-02-03 21:26:24
14319	35137	False	False	False	True	False		False					2023-02-03 21:26:59	2023-02-03 21:26:59
14323	34928	False	False	False	True	False		False					2023-02-03 21:27:37	2023-02-03 21:27:37
14327	34799	False	False	False	True	False		False					2023-02-03 21:28:20	2023-02-03 21:28:20
14332	35163	False	False	False	True	False		False					2023-02-03 21:29:13	2023-02-03 21:29:13
14336	35019	False	False	False	True	False		False					2023-02-03 21:29:54	2023-02-03 21:29:54
14340	34765	False	False	False	True	False		False					2023-02-03 21:30:34	2023-02-03 21:30:34
14356	34890	False	False	False	False	False		False					2023-02-03 21:32:24	2023-02-03 21:32:24
14372	34865	False	False	False	True	False		False					2023-02-03 21:34:31	2023-02-03 21:34:31
14380	35024	False	False	False	True	False		False					2023-02-03 21:35:36	2023-02-03 21:35:36
14409	35048	False	False	False	True	False		False					2023-02-04 14:09:23	2023-02-04 14:09:23
14414	35050	False	False	False	True	False		False					2023-02-04 14:09:48	2023-02-04 14:09:48
14415	35155	False	False	False	True	False		False					2023-02-04 14:09:56	2023-02-04 14:09:56
14417	34783	False	False	False	True	False		False					2023-02-04 14:10:27	2023-02-04 14:10:27
14419	34931	False	False	False	True	False		False					2023-02-04 14:11:02	2023-02-04 14:11:02
14421	35164	False	False	False	True	False		False					2023-02-04 14:11:16	2023-02-04 14:11:16
14422	35132	False	False	False	True	False		False					2023-02-04 14:11:25	2023-02-04 14:11:25
14423	34908	False	False	False	True	False		False					2023-02-04 14:11:34	2023-02-04 14:11:34
14426	34767	False	False	False	True	False		False					2023-02-04 14:12:02	2023-02-04 14:12:02
14427	35178	False	False	False	True	False		False					2023-02-04 14:12:08	2023-02-04 14:12:08
14429	34790	False	False	False	True	False		False					2023-02-04 14:12:24	2023-02-04 14:12:24
14430	34966	False	False	False	True	False		False					2023-02-04 14:12:29	2023-02-04 14:12:29
14431	34924	False	False	False	True	False		False					2023-02-04 14:12:36	2023-02-04 14:12:36
14432	34972	False	False	False	False	False		True					2023-02-04 14:13:19	2023-02-04 14:13:27
14434	34849	False	False	False	True	False		False					2023-02-04 14:13:46	2023-02-04 14:13:46
14435	35214	False	False	False	True	False		False					2023-02-04 14:13:53	2023-02-04 14:13:53
14436	34818	False	False	False	True	False		False					2023-02-04 14:14:03	2023-02-04 14:14:03
14438	34760	False	False	False	True	False		False					2023-02-04 14:14:18	2023-02-04 14:14:18
14439	35093	False	False	False	False	False		True					2023-02-04 14:14:51	2023-02-04 14:14:51
14440	35068	False	False	False	True	False		False					2023-02-04 14:14:59	2023-02-04 14:14:59
14442	34763	False	False	False	True	False		False					2023-02-04 14:15:13	2023-02-04 14:15:13
14443	35021	False	False	False	True	False		False					2023-02-04 14:15:21	2023-02-04 14:15:21
14444	34986	False	False	False	True	False		False					2023-02-04 14:15:28	2023-02-04 14:15:28
14446	34766	False	False	False	True	False		False					2023-02-04 14:15:49	2023-02-04 14:15:49
14447	35166	False	False	False	True	False		False					2023-02-04 14:15:56	2023-02-04 14:15:56
14448	35148	False	False	False	True	False		False					2023-02-04 14:16:04	2023-02-04 14:16:04
14450	34969	False	False	False	True	False		False					2023-02-04 14:16:17	2023-02-04 14:16:17
14451	35149	False	False	False	True	False		False					2023-02-04 14:16:23	2023-02-04 14:16:23
14452	34897	False	False	False	True	False		False					2023-02-04 14:16:30	2023-02-04 14:16:30
14455	34957	False	False	False	True	False		False					2023-02-04 14:17:06	2023-02-04 14:17:06
14456	35076	False	False	False	True	False		False					2023-02-04 14:17:12	2023-02-04 14:17:12
14457	34873	False	False	False	True	False		False					2023-02-04 14:17:21	2023-02-04 14:17:21
14459	34965	False	False	False	True	False		False					2023-02-04 14:17:34	2023-02-04 14:17:34
14460	34794	False	False	False	False	False		True					2023-02-04 14:17:58	2023-02-04 14:17:58
14462	35198	False	False	False	True	False		False					2023-02-04 14:18:12	2023-02-04 14:18:12
14463	34758	False	True	False	True	False		False					2023-02-04 14:18:27	2023-02-04 14:18:27
14464	35016	False	False	False	True	False		False					2023-02-04 14:18:35	2023-02-04 14:18:35
14466	35067	False	False	False	True	False		False					2023-02-04 14:18:48	2023-02-04 14:18:48
14467	35196	False	False	False	True	False		False					2023-02-04 14:18:56	2023-02-04 14:18:56
14468	34982	False	False	False	True	False		False					2023-02-04 14:19:02	2023-02-04 14:19:02
14470	35058	False	False	False	True	False		False					2023-02-04 14:19:21	2023-02-04 14:19:21
14471	35154	False	False	False	True	False		False					2023-02-04 14:19:28	2023-02-04 14:19:28
14472	34829	False	False	False	True	False		False					2023-02-04 14:19:35	2023-02-04 14:19:35
14474	35060	False	False	False	True	False		False					2023-02-04 14:19:49	2023-02-04 14:19:49
14475	34822	False	False	False	True	False		False					2023-02-04 14:19:57	2023-02-04 14:19:57
14476	35075	False	False	False	True	False		False					2023-02-04 14:20:09	2023-02-04 14:20:09
14478	35209	False	False	False	True	False		False					2023-02-04 14:20:27	2023-02-04 14:20:27
14479	35208	False	False	False	True	False		False					2023-02-04 14:20:34	2023-02-04 14:20:34
14480	35160	False	False	False	True	False		False					2023-02-04 14:20:40	2023-02-04 14:20:40
14482	34958	False	False	False	True	False		False					2023-02-04 14:20:54	2023-02-04 14:20:54
14483	34979	False	False	False	True	False		False					2023-02-04 14:21:01	2023-02-04 14:21:01
14484	34870	False	False	False	True	False		False					2023-02-04 14:21:07	2023-02-04 14:21:07
14486	35090	False	False	False	True	False		False					2023-02-04 14:21:21	2023-02-04 14:21:21
14487	35126	False	False	False	True	False		False					2023-02-04 14:21:27	2023-02-04 14:21:27
14488	34826	False	False	False	True	False		False					2023-02-04 14:21:34	2023-02-04 14:21:34
14490	35162	False	False	False	True	False		False					2023-02-04 14:21:47	2023-02-04 14:21:47
14491	35059	False	False	False	True	False		False					2023-02-04 14:21:53	2023-02-04 14:21:53
14492	35010	False	False	False	True	False		False					2023-02-04 14:22:01	2023-02-04 14:22:01
14494	34925	False	False	False	True	False		False					2023-02-04 14:22:14	2023-02-04 14:22:14
14495	34941	False	False	False	True	False		False					2023-02-04 14:22:20	2023-02-04 14:22:20
14496	34934	False	False	False	True	False		False					2023-02-04 14:22:31	2023-02-04 14:22:31
14498	34973	False	False	False	True	False		False					2023-02-04 14:22:43	2023-02-04 14:22:43
14499	35107	False	False	False	True	False		False					2023-02-04 14:22:49	2023-02-04 14:22:49
14500	35096	False	False	False	True	False		False					2023-02-04 14:22:56	2023-02-04 14:23:01
14501	34994	False	False	False	True	False		False					2023-02-04 14:23:17	2023-02-04 14:23:17
14502	35189	False	False	False	True	False		False					2023-02-04 14:23:23	2023-02-04 14:23:23
14504	35029	False	False	False	True	False		False					2023-02-04 14:23:37	2023-02-04 14:23:37
14505	34860	False	False	False	True	False		False					2023-02-04 14:23:45	2023-02-04 14:23:45
14506	35064	False	False	False	True	False		False					2023-02-04 14:23:51	2023-02-04 14:23:51
14508	35128	False	False	False	True	False		False					2023-02-04 14:24:03	2023-02-04 14:24:03
14509	34926	False	False	False	True	False		False					2023-02-04 14:24:10	2023-02-04 14:24:10
14510	34813	False	False	False	True	False		False					2023-02-04 14:24:16	2023-02-04 14:24:16
14511	35038	False	False	False	False	False		True					2023-02-04 14:24:37	2023-02-04 14:24:37
14512	34889	False	False	False	True	False		False					2023-02-04 14:24:45	2023-02-04 14:24:45
14514	34814	False	False	False	True	False		False					2023-02-04 14:24:59	2023-02-04 14:24:59
14515	35094	False	False	False	True	False		False					2023-02-04 14:25:06	2023-02-04 14:25:06
14516	35202	False	False	False	True	False		False					2023-02-04 14:25:12	2023-02-04 14:25:12
14518	35120	False	False	False	True	False		False					2023-02-04 14:25:26	2023-02-04 14:25:26
14519	34927	False	False	False	True	False		False					2023-02-04 14:25:32	2023-02-04 14:25:32
14520	34800	False	False	False	True	False		False					2023-02-04 14:25:39	2023-02-04 14:25:39
14522	34893	False	False	False	True	False		False					2023-02-04 14:26:26	2023-02-04 14:26:26
14523	34782	False	False	False	True	False		False					2023-02-04 14:26:33	2023-02-04 14:26:33
14524	34892	False	False	False	True	False		False					2023-02-04 14:26:40	2023-02-04 14:26:40
14526	35187	False	False	False	True	False		False					2023-02-04 14:27:02	2023-02-04 14:27:02
14527	35062	False	False	False	True	False		False					2023-02-04 14:27:09	2023-02-04 14:27:09
14528	35102	False	False	False	True	False		False					2023-02-04 14:27:16	2023-02-04 14:27:16
14530	35140	False	False	False	True	False		False					2023-02-04 14:27:29	2023-02-04 14:27:29
15615	146234	True	False	False	True	False		False					2023-02-22 17:08:05	2023-02-22 17:08:05
15628	146848	False	False	False	False	False		True					2023-02-22 17:17:58	2023-02-22 17:17:58
15632	147241	True	False	False	True	False		False					2023-02-22 17:21:51	2023-02-22 17:21:51
15636	146778	False	False	False	True	False		False					2023-02-22 17:23:21	2023-02-22 17:23:21
15638	146565	False	False	False	False	False		True					2023-02-22 17:24:06	2023-02-22 17:24:06
15641	146318	False	False	False	False	False		True					2023-02-22 17:26:16	2023-02-22 17:26:16
15645	146171	False	False	False	False	False		True					2023-02-22 17:31:15	2023-02-22 17:31:15
15651	147145	False	False	False	False	False		True					2023-02-22 17:34:17	2023-02-22 17:34:17
15658	146153	True	False	False	True	False		False					2023-02-22 17:37:34	2023-02-22 17:37:34
15609	147010	False	False	False	False	False		True					2023-02-22 17:05:02	2023-02-22 17:05:02
15618	147485	False	False	False	False	False		True					2023-02-22 17:10:48	2023-02-22 17:10:48
15623	146005	False	False	False	False	False		True					2023-02-22 17:16:01	2023-02-22 17:16:01
15625	146252	False	False	False	False	False		True					2023-02-22 17:16:44	2023-02-22 17:16:44
15633	145756	False	False	False	False	False		True					2023-02-22 17:22:43	2023-02-22 17:22:43
15639	147365	False	False	False	False	False		True					2023-02-22 17:24:50	2023-02-22 17:24:50
15640	146143	False	False	False	False	False		True					2023-02-22 17:25:28	2023-02-22 17:25:28
15642	146238	True	False	False	True	False		False					2023-02-22 17:29:21	2023-02-22 17:29:21
15643	146316	False	False	False	False	False		True					2023-02-22 17:30:07	2023-02-22 17:30:07
15644	145836	False	False	False	False	False		True					2023-02-22 17:30:31	2023-02-22 17:30:31
15650	146261	False	False	False	False	False		True					2023-02-22 17:33:36	2023-02-22 17:33:36
15653	145817	False	False	False	False	False		True					2023-02-22 17:35:03	2023-02-22 17:35:03
15659	145716	False	False	False	False	False		True					2023-02-22 17:38:32	2023-02-22 17:38:32
15662	145700	False	False	False	False	False		True					2023-02-22 17:39:46	2023-02-22 17:39:46
15666	146551	False	False	False	False	False		True					2023-02-22 17:41:21	2023-02-22 17:41:21
15670	147366	False	False	False	False	False		True					2023-02-22 17:43:06	2023-02-22 17:43:06
15673	146024	False	False	False	False	False		False					2023-02-22 17:45:13	2023-02-22 17:45:13
17979	146007	False	False	False	False	False		True					2023-02-28 16:50:57	2023-02-28 16:50:57
17981	146139	False	False	False	False	False		True					2023-02-28 16:52:00	2023-02-28 16:52:00
17974	146037	False	True	False	True	False		False					2023-02-28 16:47:54	2023-02-28 16:47:54
18128	146479	False	False	False	True	False		False					2023-03-01 04:33:52	2023-03-01 04:33:52
15610	146117	False	False	False	True	False		False					2023-02-22 17:05:15	2023-02-22 17:05:15
15613	147224	False	False	False	False	False		True					2023-02-22 17:07:19	2023-02-22 17:07:19
15616	147475	False	False	False	False	False		True					2023-02-22 17:09:16	2023-02-22 17:09:16
15619	146081	False	False	False	True	False		False					2023-02-22 17:11:27	2023-02-22 17:11:27
15624	145759	True	False	False	False	False		False					2023-02-22 17:16:13	2023-02-22 17:16:13
15626	146312	True	False	False	True	False		False					2023-02-22 17:16:55	2023-02-22 17:16:55
15629	146269	False	False	False	False	False		True					2023-02-22 17:19:49	2023-02-22 17:19:49
15634	146179	True	False	False	True	False		False					2023-02-22 17:22:52	2023-02-22 17:22:52
15647	145997	False	False	False	False	False		True					2023-02-22 17:32:26	2023-02-22 17:32:26
15649	147015	False	False	False	False	False		True					2023-02-22 17:33:12	2023-02-22 17:33:12
15661	147487	False	False	False	False	False		False					2023-02-22 17:39:19	2023-02-22 17:39:19
15665	147317	False	False	False	False	False		True					2023-02-22 17:40:54	2023-02-22 17:40:54
15667	146286	True	False	False	False	False		False					2023-02-22 17:41:33	2023-02-22 17:41:33
15669	146430	False	False	False	False	False		True					2023-02-22 17:42:26	2023-02-22 17:42:26
15611	146654	False	False	False	False	False		True					2023-02-22 17:06:06	2023-02-22 17:06:06
15612	146859	False	False	False	False	False		True					2023-02-22 17:06:50	2023-02-22 17:06:50
15614	146515	False	False	False	False	False		True					2023-02-22 17:07:50	2023-02-22 17:07:50
15617	146067	False	False	False	False	False		True					2023-02-22 17:10:11	2023-02-22 17:10:11
15622	146924	False	False	False	False	False		True					2023-02-22 17:15:04	2023-02-22 17:15:04
15627	147062	True	False	False	True	False		False					2023-02-22 17:17:04	2023-02-22 17:17:04
15630	145863	True	False	False	True	False		False					2023-02-22 17:20:39	2023-02-22 17:20:39
15631	145967	False	False	False	False	False		True					2023-02-22 17:21:35	2023-02-22 17:21:35
15635	146240	True	False	False	True	False		False					2023-02-22 17:23:03	2023-02-22 17:23:03
15646	146801	False	False	False	False	False		True					2023-02-22 17:32:02	2023-02-22 17:32:02
15654	146804	False	False	False	False	False		True					2023-02-22 17:35:46	2023-02-22 17:35:46
15657	145796	False	False	False	False	False		True					2023-02-22 17:37:19	2023-02-22 17:37:19
15664	145770	True	False	False	True	False		False					2023-02-22 17:40:29	2023-02-22 17:40:29
15668	146406	False	False	False	False	False		True					2023-02-22 17:41:59	2023-02-22 17:41:59
15672	146284	True	False	False	False	False		False					2023-02-22 17:43:33	2023-02-22 17:43:33
15674	146731	False	False	False	False	False		True					2023-02-22 17:45:44	2023-02-22 17:45:44
