annotation_id	recording_id	is_low_quality	contains_human_speech	contains_unknown_birds	does_not_contain_birds	contains_birds_not_on_list	birds_not_on_list	has_boxes_for_all_bird_sounds	non_bird_area_x1	non_bird_area_x2	non_bird_area_y1	non_bird_area_y2	created	edited
22702	32783	False	False	False	True	False		False					2023-06-13 04:38:25	2023-06-13 04:38:25
22698	134249	False	False	False	True	False		False					2023-06-13 04:37:23	2023-06-13 04:37:26
22689	33040	False	False	False	True	False		False					2023-06-13 04:06:27	2023-06-13 04:06:27
22699	134239	False	False	False	True	False		False					2023-06-13 04:37:45	2023-06-13 04:37:45
