annotation_id	recording_id	is_low_quality	contains_human_speech	contains_unknown_birds	does_not_contain_birds	contains_birds_not_on_list	birds_not_on_list	has_boxes_for_all_bird_sounds	non_bird_area_x1	non_bird_area_x2	non_bird_area_y1	non_bird_area_y2	created	edited
53750	118939	False	False	False	False	False		False					2025-05-20 16:50:56	2025-05-20 16:50:56
53747	118477	False	False	False	False	False		True					2025-05-20 16:42:50	2025-05-20 16:42:50
53749	117630	False	False	False	False	False		False					2025-05-20 16:47:35	2025-05-20 16:47:35
53758	117852	False	False	False	False	False		True					2025-05-20 17:18:47	2025-05-20 17:18:47
53754	118233	True	False	False	False	False		False					2025-05-20 17:00:10	2025-05-20 17:00:10
53751	118920	False	False	True	False	False		False					2025-05-20 16:59:07	2025-05-20 16:59:07
