annotation_id	recording_id	is_low_quality	contains_human_speech	contains_unknown_birds	does_not_contain_birds	contains_birds_not_on_list	birds_not_on_list	has_boxes_for_all_bird_sounds	non_bird_area_x1	non_bird_area_x2	non_bird_area_y1	non_bird_area_y2	created	edited
22667	138404	True	False	False	False	False		True	5.034722222222222	14.958093869731801	7198.676470588236	10960.14705882353	2023-06-12 11:17:00	2023-06-12 11:17:00
22679	138344	False	False	False	False	False		True	7.065373563218391	10.053879310344826	2788.676470588235	10765.588235294117	2023-06-12 11:28:28	2023-06-12 11:28:28
22673	138108	True	False	False	False	False		True	5.0921934865900385	10.743534482758621	64.85294117647037	10960.14705882353	2023-06-12 11:22:21	2023-06-12 11:22:21
22682	138509	True	False	False	False	False		False	5.0	14.958093869731801	0.0	2269.852941176471	2023-06-12 11:30:28	2023-06-12 11:30:28
22660	137234	False	False	False	False	False		False					2023-06-12 11:12:02	2023-06-12 11:12:02
22666	139031	True	False	False	True	False		False					2023-06-12 11:16:13	2023-06-12 11:16:13
22674	137435	False	False	False	False	False		False					2023-06-12 11:23:21	2023-06-12 11:23:21
22677	138689	False	False	False	False	False		True					2023-06-12 11:25:40	2023-06-12 11:25:40
22684	138967	False	False	False	False	False		False					2023-06-12 11:31:33	2023-06-12 11:31:33
22687	137275	False	False	False	False	False		False					2023-06-12 11:33:54	2023-06-12 11:33:54
22661	138900	False	False	False	False	False		False					2023-06-12 11:12:49	2023-06-12 11:12:49
22664	137788	True	False	False	True	False		False					2023-06-12 11:14:48	2023-06-12 11:14:48
22668	138797	False	False	False	False	False		True					2023-06-12 11:18:25	2023-06-12 11:18:25
22670	137664	True	False	False	True	False		False					2023-06-12 11:19:46	2023-06-12 11:19:46
22686	137623	False	False	False	True	False		False					2023-06-12 11:33:09	2023-06-12 11:33:09
22663	138302	True	False	False	True	False		False					2023-06-12 11:14:28	2023-06-12 11:14:28
22665	137674	True	False	False	False	False		True					2023-06-12 11:15:50	2023-06-12 11:15:59
22669	137488	True	False	False	False	False		False					2023-06-12 11:19:33	2023-06-12 11:19:33
22680	138005	True	False	False	False	False		False					2023-06-12 11:29:32	2023-06-12 11:29:32
22685	137144	False	False	False	False	False		True					2023-06-12 11:32:52	2023-06-12 11:32:52
22658	138867	False	False	False	True	False		False					2023-06-12 11:07:38	2023-06-12 11:07:38
22662	137775	True	False	False	False	False		True					2023-06-12 11:14:09	2023-06-12 11:14:09
22671	137526	False	False	False	False	False		False					2023-06-12 11:20:45	2023-06-12 11:21:30
22676	137180	False	False	False	False	False		True					2023-06-12 11:25:03	2023-06-12 11:25:03
22678	137792	False	False	False	True	False		False					2023-06-12 11:25:57	2023-06-12 11:25:57
22683	138197	True	False	False	False	False		False					2023-06-12 11:31:08	2023-06-12 11:31:08
