annotation_id	recording_id	is_low_quality	contains_human_speech	contains_unknown_birds	does_not_contain_birds	contains_birds_not_on_list	birds_not_on_list	has_boxes_for_all_bird_sounds	non_bird_area_x1	non_bird_area_x2	non_bird_area_y1	non_bird_area_y2	created	edited
30049	136287	False	False	False	True	False		False	6.91772139022119	14.91350262476925	0.0	1556.4705882352948	2023-10-17 00:16:59	2023-10-17 00:16:59
30043	40570	True	False	False	False	False		False					2023-10-17 00:00:59	2023-10-17 00:00:59
30044	134714	False	False	False	False	False		True					2023-10-17 00:07:00	2023-10-17 00:12:45
30047	136334	False	False	False	True	False		False					2023-10-17 00:14:36	2023-10-17 00:14:36
30050	39811	False	False	True	False	False		False					2023-10-17 00:17:52	2023-10-17 00:17:52
30051	40032	False	False	False	True	False		False					2023-10-17 00:18:25	2023-10-17 00:18:25
30052	136878	False	False	True	False	False		False					2023-10-17 00:22:04	2023-10-17 00:22:04
30053	135628	False	False	True	False	False		False					2023-10-17 00:26:32	2023-10-17 00:26:32
30046	136925	False	False	False	False	False		False					2023-10-17 00:14:14	2023-10-17 00:14:14
