annotation_id	recording_id	is_low_quality	contains_human_speech	contains_unknown_birds	does_not_contain_birds	contains_birds_not_on_list	birds_not_on_list	has_boxes_for_all_bird_sounds	non_bird_area_x1	non_bird_area_x2	non_bird_area_y1	non_bird_area_y2	created	edited
15024	74022	True	False	True	False	False		False					2023-02-11 21:24:50	2023-02-11 21:24:54
15025	74098	True	False	False	False	False		True					2023-02-11 21:29:35	2023-02-11 21:29:37
15026	74503	True	False	True	False	False		False					2023-02-11 21:31:26	2023-02-11 21:31:28
15027	74856	True	False	True	False	False		False					2023-02-11 21:35:39	2023-02-11 21:35:43
