annotation_id	recording_id	is_low_quality	contains_human_speech	contains_unknown_birds	does_not_contain_birds	contains_birds_not_on_list	birds_not_on_list	has_boxes_for_all_bird_sounds	non_bird_area_x1	non_bird_area_x2	non_bird_area_y1	non_bird_area_y2	created	edited
11742	95576	False	False	True	False	False		False					2023-01-16 08:53:36	2023-01-16 08:54:18
11743	101788	False	False	False	False	False		False					2023-01-16 08:55:08	2023-01-16 08:55:08
11747	100357	False	False	False	False	False		False					2023-01-16 08:59:20	2023-01-16 08:59:20
11758	90411	True	False	False	True	False		False					2023-01-16 09:10:28	2023-01-16 09:10:28
11761	102576	True	False	False	False	False		False					2023-01-16 09:13:50	2023-01-16 09:13:50
11762	94271	False	False	False	False	False		False					2023-01-16 09:15:47	2023-01-16 09:15:47
11763	99308	False	False	True	False	False		False					2023-01-16 09:16:26	2023-01-16 09:16:26
11744	103362	False	False	False	False	False		False					2023-01-16 08:55:34	2023-01-16 08:57:15
11745	95235	True	False	True	False	False		False					2023-01-16 08:57:35	2023-01-16 08:57:35
11746	90369	False	False	True	False	False		False					2023-01-16 08:58:42	2023-01-16 08:58:42
11750	99298	True	False	False	False	False		False					2023-01-16 09:02:03	2023-01-16 09:02:03
11751	89360	False	False	True	False	False		False					2023-01-16 09:03:35	2023-01-16 09:03:35
11752	101232	False	False	False	False	False		False					2023-01-16 09:04:58	2023-01-16 09:04:58
11754	103768	False	False	False	False	False		False					2023-01-16 09:08:31	2023-01-16 09:08:31
11756	94696	True	False	False	False	False		False					2023-01-16 09:09:37	2023-01-16 09:09:37
11759	98565	True	False	False	False	False		False					2023-01-16 09:11:55	2023-01-16 09:11:55
11760	104712	False	False	False	False	False		False					2023-01-16 09:13:08	2023-01-16 09:13:08
11748	99055	False	False	False	False	False		False					2023-01-16 09:00:00	2023-01-16 09:00:00
11749	89610	False	False	True	False	False		False					2023-01-16 09:01:31	2023-01-16 09:01:31
11757	94924	True	False	False	True	False		False					2023-01-16 09:10:03	2023-01-16 09:10:03
