annotation_id	recording_id	is_low_quality	contains_human_speech	contains_unknown_birds	does_not_contain_birds	contains_birds_not_on_list	birds_not_on_list	has_boxes_for_all_bird_sounds	non_bird_area_x1	non_bird_area_x2	non_bird_area_y1	non_bird_area_y2	created	edited
35669	34568	False	False	False	False	False		False					2023-12-20 12:23:18	2023-12-20 12:23:18
35672	34519	False	False	False	True	False		False					2023-12-20 12:24:29	2023-12-20 12:24:29
35674	34390	False	False	False	True	False		False					2023-12-20 12:25:07	2023-12-20 12:25:07
35681	34296	False	False	False	True	False		False					2023-12-20 12:31:42	2023-12-20 12:31:42
32806	129814	False	False	False	False	False		False					2023-11-13 10:27:28	2023-11-13 10:27:28
32812	129971	False	False	False	False	False		False					2023-11-13 10:31:31	2023-11-13 10:31:31
32827	129388	False	False	False	False	False		False					2023-11-13 10:45:42	2023-11-13 10:45:42
32832	129658	False	False	False	False	False		False					2023-11-13 10:47:37	2023-11-13 10:47:37
32841	129785	False	False	False	False	False		False					2023-11-13 10:51:45	2023-11-13 10:51:45
32867	71548	False	False	False	False	False		False					2023-11-13 11:14:20	2023-11-13 11:14:20
32915	34670	False	False	False	False	False		False					2023-11-13 11:36:47	2023-11-13 11:36:47
32918	34442	False	False	False	False	False		False					2023-11-13 11:39:42	2023-11-13 11:39:42
32923	34195	False	False	False	False	False		False					2023-11-13 11:42:38	2023-11-13 11:42:38
32932	34577	False	False	False	False	False		False					2023-11-13 11:45:51	2023-11-13 11:45:51
32982	34435	False	False	False	False	False		False					2023-11-13 12:54:55	2023-11-13 12:54:55
33058	34361	False	False	False	False	False		False					2023-11-13 13:04:03	2023-11-13 13:04:03
33138	70440	False	False	False	False	False		False					2023-11-13 14:43:34	2023-11-13 14:43:34
35913	34628	False	False	False	False	False		False					2024-01-09 16:26:40	2024-01-09 16:26:40
35914	34205	False	False	False	False	False		False					2024-01-09 16:27:12	2024-01-09 16:27:12
35922	34142	False	False	False	True	False		False					2024-01-09 16:29:18	2024-01-09 16:29:18
35926	72092	False	False	False	False	False		False					2024-01-09 16:33:42	2024-01-09 16:33:42
35933	71127	False	False	False	False	False		False					2024-01-09 16:36:51	2024-01-09 16:36:51
35940	72374	False	False	False	False	False		False					2024-01-09 16:39:25	2024-01-09 16:39:25
35944	71017	False	False	False	False	False		False					2024-01-09 16:42:03	2024-01-09 16:42:03
35948	71511	False	False	False	True	False		False					2024-01-09 16:43:30	2024-01-09 16:43:30
35949	72512	False	False	False	False	False		False					2024-01-09 16:45:09	2024-01-09 16:45:09
35953	71274	False	False	False	False	False		False					2024-01-09 16:46:40	2024-01-09 16:46:40
35954	71194	False	False	False	False	False		False					2024-01-09 16:46:57	2024-01-09 16:46:57
35956	34425	False	False	False	True	False		False					2024-01-09 16:48:13	2024-01-09 16:48:13
33178	72213	False	False	False	False	False		False					2023-11-13 14:54:40	2023-11-13 14:54:40
33190	71297	False	False	False	False	False		False					2023-11-13 14:57:26	2023-11-13 14:57:26
33205	71860	False	False	False	False	False		False					2023-11-13 15:00:12	2023-11-13 15:00:12
33222	71539	False	False	False	False	False		False					2023-11-13 15:04:12	2023-11-13 15:04:12
33230	70500	False	False	False	False	False		False					2023-11-13 15:06:46	2023-11-13 15:06:46
33271	71535	False	False	False	False	False		False					2023-11-13 15:59:58	2023-11-13 15:59:58
33290	72017	False	False	False	False	False		False					2023-11-13 16:05:47	2023-11-13 16:05:47
33309	71171	False	False	False	False	False		False					2023-11-13 16:08:27	2023-11-13 16:08:27
33314	70962	False	False	False	False	False		False					2023-11-13 16:09:04	2023-11-13 16:09:04
33321	70899	False	False	False	False	False		False					2023-11-13 16:09:55	2023-11-13 16:09:55
33347	72076	False	False	False	False	False		False					2023-11-13 16:40:09	2023-11-13 16:40:09
33361	34324	False	False	False	False	False		False					2023-11-14 10:08:23	2023-11-14 10:08:23
33390	71589	False	False	False	False	False		False					2023-11-14 10:19:05	2023-11-14 10:19:05
33403	71296	False	False	False	False	False		False					2023-11-14 10:32:10	2023-11-14 10:32:10
33429	34625	False	False	False	True	False		False					2023-11-14 12:22:08	2023-11-14 12:22:08
33431	34334	False	False	False	True	False		False					2023-11-14 12:22:49	2023-11-14 12:22:49
33439	34136	False	False	False	False	False		False					2023-11-14 12:26:10	2023-11-14 12:26:10
33442	34387	False	False	False	False	False		False					2023-11-14 12:46:57	2023-11-14 12:46:57
33454	34708	False	False	False	False	False		False					2023-11-14 12:54:19	2023-11-14 12:54:19
33456	34658	False	False	False	True	False		False					2023-11-14 12:54:45	2023-11-14 12:54:45
33467	34230	False	False	False	False	False		False					2023-11-14 12:57:52	2023-11-14 12:58:36
33498	34262	False	False	False	False	False		False					2023-11-15 08:24:26	2023-11-15 08:24:26
33502	34253	False	False	False	True	False		False					2023-11-15 08:27:04	2023-11-15 08:27:04
33504	34272	False	False	False	True	False		False					2023-11-15 08:27:27	2023-11-15 08:27:27
33506	34383	False	False	False	True	False		False					2023-11-15 08:27:55	2023-11-15 08:27:55
33511	34147	False	False	False	False	False		False					2023-11-15 08:29:11	2023-11-15 08:29:11
34232	70817	False	False	False	False	False		False					2023-11-28 13:45:49	2023-11-28 13:45:49
34248	72484	False	False	False	False	False		False					2023-11-28 13:48:38	2023-11-28 13:48:38
34249	71049	False	False	False	False	False		False					2023-11-28 13:48:56	2023-11-28 13:48:56
34256	71643	False	False	False	False	False		False					2023-11-28 13:50:02	2023-11-28 13:50:02
34258	71852	False	False	False	True	False		False					2023-11-28 13:50:19	2023-11-28 13:50:19
35679	34593	False	False	False	True	False		False					2023-12-20 12:31:02	2023-12-20 12:31:02
35675	34371	False	False	False	False	False		False					2023-12-20 12:25:55	2023-12-20 12:25:55
35682	34570	False	False	False	False	False		False					2023-12-20 12:32:03	2023-12-20 12:32:03
35673	34166	False	False	False	True	False		False					2023-12-20 12:24:54	2023-12-20 12:24:54
34389	34682	False	False	False	True	False		False					2023-12-05 15:15:16	2023-12-05 15:15:16
34391	34177	False	False	False	True	False		False					2023-12-05 15:15:43	2023-12-05 15:15:43
34399	34619	False	False	False	False	False		False					2023-12-05 16:42:08	2023-12-05 16:42:08
34414	34576	False	False	False	False	False		False					2023-12-05 16:48:35	2023-12-05 16:48:35
34423	34337	False	False	False	True	False		False					2023-12-05 16:50:47	2023-12-05 16:50:47
34425	34168	False	False	False	True	False		False					2023-12-05 16:51:19	2023-12-05 16:51:19
35671	34611	False	False	False	False	False		False					2023-12-20 12:24:14	2023-12-20 12:24:14
35677	34190	False	False	False	True	False		False					2023-12-20 12:28:27	2023-12-20 12:28:27
35680	34716	False	False	False	False	False		False					2023-12-20 12:31:28	2023-12-20 12:31:28
32802	130126	False	False	False	False	False		False					2023-11-13 10:23:27	2023-11-13 10:23:27
32805	130123	False	False	False	False	False		False					2023-11-13 10:26:38	2023-11-13 10:26:38
32826	129291	False	False	False	False	False		False					2023-11-13 10:44:03	2023-11-13 10:44:03
32840	129901	False	False	False	False	False		False					2023-11-13 10:51:31	2023-11-13 10:51:31
32848	129324	False	False	False	False	False		False					2023-11-13 10:55:08	2023-11-13 10:55:08
32888	71642	False	False	False	False	False		False					2023-11-13 11:25:21	2023-11-13 11:25:21
32905	34124	False	False	False	False	False		False					2023-11-13 11:30:34	2023-11-13 11:30:34
32983	34384	False	False	False	False	False		False					2023-11-13 12:55:46	2023-11-13 12:55:46
32990	34717	False	False	False	False	False		False					2023-11-13 12:58:13	2023-11-13 12:58:13
33056	34155	False	False	False	False	False		False					2023-11-13 13:03:21	2023-11-13 13:03:21
33061	34729	False	False	False	False	False		False					2023-11-13 13:42:47	2023-11-13 13:42:47
33081	34201	False	False	False	False	False		False					2023-11-13 13:46:01	2023-11-13 13:46:01
33132	34154	False	False	False	False	False		False					2023-11-13 14:27:50	2023-11-13 14:27:50
33140	72277	False	False	False	False	False		False					2023-11-13 14:44:59	2023-11-13 14:44:59
33143	71262	False	False	False	False	False		False					2023-11-13 14:45:51	2023-11-13 14:45:51
33144	71523	False	False	False	False	False		False					2023-11-13 14:46:20	2023-11-13 14:46:20
33149	72204	False	False	False	False	False		False					2023-11-13 14:47:17	2023-11-13 14:47:17
33155	71309	False	False	False	False	False		False					2023-11-13 14:50:42	2023-11-13 14:50:42
33156	72502	False	False	False	False	False		False					2023-11-13 14:51:42	2023-11-13 14:51:42
33186	72043	False	False	False	False	False		False					2023-11-13 14:56:09	2023-11-13 14:56:09
33226	70638	False	False	False	False	False		False					2023-11-13 15:05:19	2023-11-13 15:05:19
33282	70933	False	False	False	False	False		False					2023-11-13 16:03:54	2023-11-13 16:03:54
33339	71382	False	False	False	False	False		False					2023-11-13 16:12:40	2023-11-13 16:12:40
33349	34275	False	False	False	False	False		False					2023-11-14 10:02:33	2023-11-14 10:02:33
33354	34504	False	False	False	False	False		False					2023-11-14 10:04:41	2023-11-14 10:04:41
33383	71436	False	False	False	False	False		False					2023-11-14 10:17:00	2023-11-14 10:17:00
33388	71136	False	False	False	False	False		False					2023-11-14 10:18:24	2023-11-14 10:18:24
33407	34260	False	False	False	False	False		False					2023-11-14 10:33:10	2023-11-14 10:33:10
33416	34433	False	False	False	False	False		False					2023-11-14 10:37:15	2023-11-14 10:37:51
33446	34561	False	False	False	False	False		False					2023-11-14 12:50:30	2023-11-14 12:50:30
33449	34264	False	False	False	False	False		False					2023-11-14 12:51:55	2023-11-14 12:51:55
33451	34596	False	False	False	True	False		False					2023-11-14 12:52:57	2023-11-14 12:52:57
33460	34694	False	False	False	True	False		False					2023-11-14 12:55:44	2023-11-14 12:55:44
33468	34419	False	False	False	True	False		False					2023-11-14 12:58:47	2023-11-14 12:58:47
33495	34309	False	False	False	True	False		False					2023-11-15 08:22:05	2023-11-15 08:22:05
33508	34643	False	False	False	True	False		False					2023-11-15 08:28:27	2023-11-15 08:28:27
33510	34738	False	False	False	True	False		False					2023-11-15 08:28:55	2023-11-15 08:28:55
33515	34553	False	False	False	True	False		False					2023-11-15 08:30:11	2023-11-15 08:30:11
33517	34618	False	False	False	True	False		False					2023-11-15 08:30:30	2023-11-15 08:30:30
33519	34420	False	False	False	True	False		False					2023-11-15 08:31:29	2023-11-15 08:31:29
33521	34501	False	False	False	True	False		False					2023-11-15 09:04:13	2023-11-15 09:04:13
34238	71834	False	False	False	False	False		False					2023-11-28 13:46:37	2023-11-28 13:46:37
34261	70595	False	False	False	False	False		False					2023-11-28 13:51:04	2023-11-28 13:51:04
34396	34313	False	False	False	True	False		False					2023-12-05 15:18:01	2023-12-05 15:18:01
34400	34754	False	False	False	True	False		False					2023-12-05 16:42:21	2023-12-05 16:42:21
34410	34244	False	False	False	False	False		False					2023-12-05 16:46:34	2023-12-05 16:46:34
34415	34667	False	False	False	True	False		False					2023-12-05 16:48:48	2023-12-05 16:48:48
34422	34475	False	False	False	False	False		False					2023-12-05 16:50:34	2023-12-05 16:50:34
33136	34562	False	False	False	False	False		False					2023-11-13 14:32:46	2023-11-13 15:57:49
33137	70854	False	False	False	False	False		False					2023-11-13 14:43:10	2023-11-13 14:43:10
33147	71550	False	False	False	False	False		False					2023-11-13 14:46:58	2023-11-13 14:46:58
33150	71545	False	False	False	False	False		False					2023-11-13 14:48:01	2023-11-13 14:48:01
33182	71746	False	False	False	False	False		False					2023-11-13 14:55:20	2023-11-13 14:55:20
33270	71906	False	False	False	False	False		False					2023-11-13 15:59:32	2023-11-13 15:59:32
33300	70942	False	False	False	False	False		False					2023-11-13 16:07:27	2023-11-13 16:07:27
33313	72390	False	False	False	False	False		False					2023-11-13 16:08:57	2023-11-13 16:08:57
33320	70651	False	False	False	False	False		False					2023-11-13 16:09:40	2023-11-13 16:09:40
33341	71663	False	False	False	False	False		False					2023-11-13 16:13:21	2023-11-13 16:14:29
33352	34322	False	False	False	False	False		False					2023-11-14 10:04:16	2023-11-14 10:04:16
33357	34217	False	False	False	False	False		False					2023-11-14 10:05:56	2023-11-14 10:05:56
33358	34139	False	False	False	False	False		False					2023-11-14 10:07:43	2023-11-14 10:07:43
33389	72152	False	False	False	False	False		False					2023-11-14 10:18:38	2023-11-14 10:18:38
33394	71944	False	False	False	False	False		False					2023-11-14 10:19:56	2023-11-14 10:19:56
33428	34594	False	False	False	False	False		False					2023-11-14 12:22:00	2023-11-14 12:22:00
33433	34212	False	False	False	False	False		False					2023-11-14 12:24:15	2023-11-14 12:24:15
33435	34164	False	False	False	True	False		False					2023-11-14 12:24:57	2023-11-14 12:24:57
33455	34268	False	False	False	True	False		False					2023-11-14 12:54:34	2023-11-14 12:54:34
33457	34130	False	False	False	True	False		False					2023-11-14 12:54:57	2023-11-14 12:54:57
33464	34423	False	False	False	False	False		False					2023-11-14 12:56:56	2023-11-14 12:56:56
33466	34167	False	False	False	True	False		False					2023-11-14 12:57:08	2023-11-14 12:57:08
33500	34216	False	False	False	False	False		False					2023-11-15 08:25:07	2023-11-15 08:25:07
33501	34701	False	False	False	False	False		False					2023-11-15 08:26:52	2023-11-15 08:26:52
34239	72545	False	False	False	False	False		False					2023-11-28 13:47:06	2023-11-28 13:47:06
34254	71619	False	False	False	False	False		False					2023-11-28 13:49:46	2023-11-28 13:49:46
34392	34127	False	False	False	False	False		False					2023-12-05 15:16:34	2023-12-05 15:16:34
34397	34622	False	False	False	True	False		False					2023-12-05 16:40:23	2023-12-05 16:40:23
34406	34648	False	False	False	True	False		False					2023-12-05 16:44:45	2023-12-05 16:44:45
34408	34690	False	False	False	True	False		False					2023-12-05 16:45:25	2023-12-05 16:45:25
34412	34560	False	False	False	True	False		False					2023-12-05 16:47:34	2023-12-05 16:47:34
34417	34664	False	False	False	False	False		False					2023-12-05 16:49:25	2023-12-05 16:49:25
34419	34597	False	False	False	True	False		False					2023-12-05 16:49:46	2023-12-05 16:49:46
34421	34414	False	False	False	True	False		False					2023-12-05 16:50:01	2023-12-05 16:50:01
34426	34427	False	False	False	True	False		False					2023-12-06 11:32:07	2023-12-06 11:32:07
35668	34615	False	False	False	False	False		False					2023-12-20 12:22:49	2023-12-20 12:22:49
35676	34445	False	False	False	False	False		False					2023-12-20 12:27:11	2023-12-20 12:28:08
35678	34204	False	False	False	False	False		False					2023-12-20 12:30:28	2023-12-20 12:30:28
35921	34486	False	False	False	True	False		False					2024-01-09 16:29:05	2024-01-09 16:29:05
35924	71857	False	False	False	True	False		False					2024-01-09 16:31:49	2024-01-09 16:31:49
35928	71742	False	False	False	False	False		False					2024-01-09 16:34:31	2024-01-09 16:34:31
35930	72439	False	False	False	False	False		False					2024-01-09 16:35:46	2024-01-09 16:35:46
35939	71387	False	False	False	False	False		False					2024-01-09 16:38:46	2024-01-09 16:38:46
35943	70658	False	False	False	False	False		False					2024-01-09 16:40:43	2024-01-09 16:40:43
35947	71081	False	False	False	False	False		False					2024-01-09 16:43:17	2024-01-09 16:43:17
35957	34266	False	False	False	False	False		False					2024-01-09 16:48:43	2024-01-09 16:48:43
35929	72396	False	False	False	False	False		False					2024-01-09 16:35:07	2024-01-09 16:35:07
35941	72201	False	False	False	False	False		False					2024-01-09 16:40:12	2024-01-09 16:40:12
35946	70915	False	False	False	False	False		False					2024-01-09 16:42:57	2024-01-09 16:42:57
35952	72467	False	False	False	False	False		False					2024-01-09 16:46:00	2024-01-09 16:46:00
35955	70984	False	False	False	True	False		False					2024-01-09 16:47:12	2024-01-09 16:47:12
35958	34546	False	False	False	True	False		False					2024-01-09 16:48:51	2024-01-09 16:49:20
35959	34227	False	False	False	False	False		False					2024-01-09 16:49:28	2024-01-09 16:50:26
32794	129428	False	False	False	False	False		False					2023-11-13 10:20:58	2023-11-13 10:20:58
32801	130287	False	False	False	False	False		False					2023-11-13 10:22:50	2023-11-13 10:22:50
32804	130165	False	False	False	False	False		False					2023-11-13 10:26:00	2023-11-13 10:26:00
32808	129012	False	False	False	False	False		False					2023-11-13 10:29:39	2023-11-13 10:29:39
32836	129032	False	False	False	False	False		False					2023-11-13 10:49:47	2023-11-13 16:14:42
32845	130117	False	False	False	False	False		False					2023-11-13 10:54:00	2023-11-13 10:54:00
32851	129767	False	False	False	False	False		False					2023-11-13 10:56:49	2023-11-13 10:56:49
32864	70641	False	False	False	False	False		False					2023-11-13 11:12:42	2023-11-13 11:12:42
32884	129417	False	False	False	False	False		False					2023-11-13 11:23:49	2023-11-13 11:23:49
32892	71363	False	False	False	False	False		False					2023-11-13 11:26:55	2023-11-13 11:26:55
32924	34614	False	False	False	False	False		False					2023-11-13 11:42:58	2023-11-13 11:42:58
32984	34176	False	False	False	False	False		False					2023-11-13 12:56:38	2023-11-13 12:56:38
32992	34545	False	False	False	False	False		False					2023-11-13 12:59:18	2023-11-13 12:59:18
34243	72260	False	False	False	False	False		False					2023-11-28 13:47:34	2023-11-28 13:47:34
34393	34181	False	False	False	False	False		False					2023-12-05 15:17:03	2023-12-05 15:17:03
34395	34491	False	False	False	True	False		False					2023-12-05 15:17:44	2023-12-05 15:17:44
34401	34444	False	False	False	False	False		False					2023-12-05 16:43:25	2023-12-05 16:43:25
34403	34610	False	False	False	False	False		False					2023-12-05 16:44:08	2024-01-09 16:51:24
34405	34487	False	False	False	True	False		False					2023-12-05 16:44:37	2023-12-05 16:44:37
34411	34265	False	False	False	False	False		False					2023-12-05 16:47:18	2023-12-05 16:47:18
34413	34744	False	False	False	True	False		False					2023-12-05 16:47:47	2023-12-05 16:47:47
34418	34160	False	False	False	True	False		False					2023-12-05 16:49:34	2023-12-05 16:49:34
33075	34563	False	False	False	False	False		False					2023-11-13 13:44:37	2023-11-13 15:58:21
33078	34174	False	False	False	False	False		False					2023-11-13 13:45:08	2023-11-13 13:45:08
33079	34215	False	False	False	False	False		False					2023-11-13 13:45:31	2023-11-13 13:45:31
33152	72525	False	False	False	False	False		False					2023-11-13 14:49:46	2023-11-13 14:49:46
33197	72170	False	False	False	False	False		False					2023-11-13 14:59:03	2023-11-13 14:59:03
33223	71409	False	False	False	False	False		False					2023-11-13 15:04:33	2023-11-13 15:04:33
33272	71709	False	False	False	False	False		False					2023-11-13 16:00:30	2023-11-13 16:00:30
33273	72127	False	False	False	False	False		False					2023-11-13 16:01:08	2023-11-13 16:01:08
33288	72449	False	False	False	False	False		False					2023-11-13 16:05:10	2023-11-13 16:05:10
33328	71513	False	False	False	False	False		False					2023-11-13 16:10:36	2023-11-13 16:10:36
33376	71025	False	False	False	False	False		False					2023-11-14 10:15:17	2023-11-14 10:15:17
33406	34270	False	False	False	False	False		False					2023-11-14 10:32:50	2023-11-14 10:32:50
33411	34706	False	False	False	False	False		False					2023-11-14 10:34:44	2023-11-14 10:34:44
33425	34295	False	False	False	True	False		False					2023-11-14 12:19:14	2023-11-14 12:19:14
33427	34572	False	False	False	True	False		False					2023-11-14 12:19:34	2023-11-14 12:19:34
33432	34173	False	False	False	False	False		False					2023-11-14 12:23:54	2023-11-14 12:23:54
33437	34590	False	False	False	False	False		False					2023-11-14 12:25:41	2023-11-14 12:25:41
33440	34343	False	False	False	False	False		False					2023-11-14 12:26:49	2023-11-14 12:26:49
33447	34678	False	False	False	True	False		False					2023-11-14 12:50:40	2023-11-14 12:50:40
33450	34330	False	False	False	True	False		False					2023-11-14 12:52:08	2023-11-14 12:52:08
33452	34652	False	False	False	True	False		False					2023-11-14 12:53:11	2023-11-14 12:53:11
33459	34702	False	False	False	False	False		False					2023-11-14 12:55:30	2023-11-14 12:55:30
33461	34731	False	False	False	True	False		False					2023-11-14 12:55:55	2023-11-14 12:55:55
33463	34588	False	False	False	True	False		False					2023-11-14 12:56:25	2023-11-14 12:56:25
33496	34267	False	False	False	True	False		False					2023-11-15 08:22:13	2023-11-15 08:22:13
33499	34225	False	False	False	False	False		False					2023-11-15 08:24:44	2023-11-15 08:24:44
33507	34172	False	False	False	False	False		False					2023-11-15 08:28:10	2023-11-15 08:28:10
33509	34695	False	False	False	True	False		False					2023-11-15 08:28:41	2023-11-15 08:28:41
33512	34207	False	False	False	False	False		False					2023-11-15 08:29:31	2023-11-15 08:29:31
33516	34341	False	False	False	True	False		False					2023-11-15 08:30:22	2023-11-15 08:30:22
32799	129449	False	False	False	False	False		False					2023-11-13 10:22:05	2023-11-13 16:14:50
32807	128877	False	False	False	False	False		False					2023-11-13 10:28:08	2023-11-13 10:28:08
32810	129848	False	False	False	False	False		False					2023-11-13 10:30:43	2023-11-13 10:30:43
32830	130221	False	False	False	False	False		False					2023-11-13 10:46:55	2023-11-13 10:46:55
32835	129114	False	False	False	False	False		False					2023-11-13 10:48:32	2023-11-13 10:48:32
32838	130279	False	False	False	False	False		False					2023-11-13 10:50:36	2023-11-13 10:50:36
32844	130081	False	False	False	False	False		False					2023-11-13 10:53:33	2023-11-13 10:53:33
32869	72063	False	False	False	False	False		False					2023-11-13 11:15:03	2023-11-13 11:15:03
32887	71484	False	False	False	False	False		False					2023-11-13 11:24:48	2023-11-13 11:24:48
32890	72187	False	False	False	False	False		False					2023-11-13 11:26:07	2023-11-13 11:26:07
32910	34162	False	False	False	False	False		False					2023-11-13 11:32:01	2023-11-13 11:32:01
32917	34629	False	False	False	False	False		False					2023-11-13 11:39:22	2023-11-13 11:39:22
32920	34472	False	False	False	False	False		False					2023-11-13 11:41:52	2023-11-13 11:41:52
33018	34471	False	False	False	False	False		False					2023-11-13 13:01:45	2023-11-13 13:01:45
33083	34370	False	False	False	False	False		False					2023-11-13 13:46:28	2023-11-13 13:46:28
33098	34641	False	False	False	False	False		False					2023-11-13 13:48:27	2023-11-13 13:48:27
33108	34202	False	False	False	False	False		False					2023-11-13 13:49:17	2023-11-13 13:49:17
49413	71314	False	False	False	True	False		False					2024-09-11 12:11:49	2024-09-11 12:11:49
49417	70807	False	False	False	True	False		False					2024-09-11 12:15:01	2024-09-11 12:15:01
49416	72054	False	False	False	False	False		False					2024-09-11 12:14:09	2024-09-11 12:14:09
