annotation_id	recording_id	is_low_quality	contains_human_speech	contains_unknown_birds	does_not_contain_birds	contains_birds_not_on_list	birds_not_on_list	has_boxes_for_all_bird_sounds	non_bird_area_x1	non_bird_area_x2	non_bird_area_y1	non_bird_area_y2	created	edited
35877	114038	True	False	False	False	False		True	6.647577070003181	7.688301051903634	1418.4210526315787	3739.4736842105262	2024-01-05 18:58:48	2024-01-05 18:58:48
35874	115133	True	False	False	False	False		False					2024-01-05 18:24:55	2024-01-05 18:24:55
35875	113257	True	False	False	False	False		False					2024-01-05 18:39:46	2024-01-05 18:39:46
35876	115906	False	False	True	False	False		False					2024-01-05 18:41:49	2024-01-05 18:41:49
35878	113488	True	False	False	False	False		False					2024-01-05 18:59:02	2024-01-05 18:59:02
35879	113708	True	False	False	False	False		False					2024-01-05 19:00:08	2024-01-05 19:00:08
35880	114503	True	False	False	False	False		False					2024-01-05 19:02:12	2024-01-05 19:02:12
35882	114803	True	False	True	False	False		False					2024-01-05 19:19:27	2024-01-05 19:19:27
35884	114192	True	False	False	False	False		False					2024-01-05 19:26:01	2024-01-05 19:26:01
35886	115222	True	False	False	False	False		False					2024-01-05 19:29:40	2024-01-05 19:29:40
35888	114350	True	False	True	False	False		False					2024-01-05 19:33:03	2024-01-05 19:33:03
35890	115654	False	False	False	False	False		False					2024-01-05 19:36:28	2024-01-05 19:36:28
35891	115048	False	False	False	True	False		False					2024-01-05 19:36:55	2024-01-05 19:36:55
35898	116059	False	False	False	False	False		False					2024-01-05 19:48:35	2024-01-05 19:48:35
35899	114534	True	False	True	False	False		False					2024-01-05 19:48:55	2024-01-05 19:48:55
35903	114323	False	False	False	False	False		False					2024-01-05 19:50:28	2024-01-05 19:50:28
35905	113798	True	False	False	False	False		False					2024-01-05 19:51:52	2024-01-05 19:51:52
35906	114533	False	False	False	False	False		False					2024-01-05 19:54:04	2024-01-05 19:54:04
35907	114685	True	False	False	False	False		False					2024-01-05 20:00:31	2024-01-05 20:00:31
35908	115355	False	False	True	False	False		False					2024-01-05 20:01:18	2024-01-05 20:01:18
35909	113495	False	False	False	True	False		False					2024-01-05 20:02:23	2024-01-05 20:02:23
35889	113838	True	False	False	False	False		False					2024-01-05 19:35:17	2024-01-05 19:35:17
35894	114969	False	False	False	True	False		False					2024-01-05 19:43:25	2024-01-05 19:43:25
35900	115736	False	False	False	False	False		False					2024-01-05 19:49:12	2024-01-05 19:49:12
35902	116107	True	False	True	False	False		False					2024-01-05 19:50:01	2024-01-05 19:50:01
35873	114811	True	False	False	False	False		False					2024-01-05 18:21:22	2024-01-05 18:21:22
35881	115216	True	False	False	False	False		False					2024-01-05 19:03:41	2024-01-05 19:03:41
35883	114062	True	False	False	False	False		False					2024-01-05 19:25:30	2024-01-05 19:25:30
35885	113753	False	False	False	True	False		False					2024-01-05 19:26:22	2024-01-05 19:26:22
35887	116358	False	False	False	False	False		False					2024-01-05 19:31:11	2024-01-05 19:31:11
35892	113560	True	False	False	False	False		False					2024-01-05 19:38:26	2024-01-05 19:38:26
35893	113625	False	False	False	False	False		False					2024-01-05 19:42:51	2024-01-05 19:42:51
35895	114558	False	False	False	True	False		False					2024-01-05 19:44:19	2024-01-05 19:44:19
35896	115402	True	False	False	False	False		False					2024-01-05 19:45:29	2024-01-05 19:45:29
35897	113973	False	False	False	False	False		False					2024-01-05 19:47:01	2024-01-05 19:47:01
35901	115334	False	False	False	True	False		False					2024-01-05 19:49:31	2024-01-05 19:49:31
35904	113702	False	False	False	False	False		False					2024-01-05 19:50:58	2024-01-05 19:50:58
