annotation_id	recording_id	is_low_quality	contains_human_speech	contains_unknown_birds	does_not_contain_birds	contains_birds_not_on_list	birds_not_on_list	has_boxes_for_all_bird_sounds	non_bird_area_x1	non_bird_area_x2	non_bird_area_y1	non_bird_area_y2	created	edited
33237	72222	False	False	False	False	False		False					2023-11-13 15:33:33	2023-11-13 15:33:33
33691	71512	False	False	False	True	False		False					2023-11-16 13:46:45	2023-11-16 13:46:45
33693	71411	False	False	False	False	False		False					2023-11-16 13:48:14	2023-11-16 13:48:14
33695	72127	False	False	False	False	False		False					2023-11-16 14:30:31	2023-11-16 14:30:31
33699	71192	False	False	False	False	False		False					2023-11-16 14:34:35	2023-11-16 14:34:35
33705	71774	False	False	False	False	False		False					2023-11-16 14:39:11	2023-11-16 14:39:11
33723	71256	False	False	False	False	False		False					2023-11-16 16:36:11	2023-11-16 16:36:11
33727	72535	False	False	False	True	False		False					2023-11-16 16:37:46	2023-11-16 16:37:46
33756	71445	False	False	False	True	False		False					2023-11-17 09:58:31	2023-11-17 09:58:31
33768	70944	False	False	False	True	False		False					2023-11-17 13:28:51	2023-11-17 13:28:51
33778	72224	False	False	False	True	False		False					2023-11-20 12:06:14	2023-11-20 12:06:14
33236	71294	False	False	False	False	False		False					2023-11-13 15:33:03	2023-11-13 15:33:03
33243	71456	False	False	False	False	False		False					2023-11-13 15:38:46	2023-11-13 15:38:46
33663	71170	False	False	False	False	False		False					2023-11-15 17:01:37	2023-11-15 17:01:37
33692	71817	False	False	False	False	False		False					2023-11-16 13:47:35	2023-11-16 13:47:35
33696	70773	False	False	False	True	False		False					2023-11-16 14:30:51	2023-11-16 14:30:51
33704	71051	False	False	False	False	False		False					2023-11-16 14:38:50	2023-11-16 14:38:50
33709	72141	False	False	False	False	False		False					2023-11-16 14:41:07	2023-11-16 14:41:07
33711	72270	False	False	False	False	False		False					2023-11-16 16:06:27	2023-11-16 16:06:27
33726	70990	False	False	False	True	False		False					2023-11-16 16:37:31	2023-11-16 16:37:31
33730	71343	False	False	False	True	False		False					2023-11-16 17:00:40	2023-11-16 17:00:40
33734	70531	False	False	False	True	False		False					2023-11-16 17:01:57	2023-11-16 17:01:57
33759	71859	False	False	False	False	False		False					2023-11-17 13:26:35	2023-11-17 13:26:35
33767	70468	False	False	False	True	False		False					2023-11-17 13:28:37	2023-11-17 13:28:37
33777	71659	False	False	False	False	False		False					2023-11-20 12:05:49	2023-11-20 12:05:49
33779	71264	False	False	False	False	False		False					2023-11-20 12:06:39	2023-11-20 12:06:39
33781	72197	False	False	False	True	False		False					2023-11-20 12:07:08	2023-11-20 12:07:08
33796	72158	False	False	False	True	False		False					2023-11-20 17:10:28	2023-11-20 17:10:28
33246	72423	False	False	False	False	False		False					2023-11-13 15:43:25	2023-11-13 15:43:25
33599	71820	False	False	False	True	False		False					2023-11-15 15:13:06	2023-11-15 15:13:06
33651	71418	False	False	False	False	False		False					2023-11-15 16:34:54	2023-11-15 16:34:54
33658	70540	False	True	False	True	False		False					2023-11-15 16:52:15	2023-11-15 16:52:15
33688	71447	False	False	False	False	False		False					2023-11-16 13:43:37	2023-11-16 13:43:37
33690	71143	False	False	False	False	False		False					2023-11-16 13:46:08	2023-11-16 13:46:08
33694	71632	False	False	False	True	False		False					2023-11-16 13:48:29	2023-11-16 13:48:29
33697	70581	False	False	False	False	False		False					2023-11-16 14:31:14	2023-11-16 14:31:14
33701	71967	False	False	False	False	False		False					2023-11-16 14:37:16	2023-11-16 14:37:16
33703	70608	False	False	False	True	False		False					2023-11-16 14:38:25	2023-11-16 14:38:25
33708	71867	False	False	False	True	False		False					2023-11-16 14:40:41	2023-11-16 14:40:41
33762	72349	False	False	False	False	False		False					2023-11-17 13:27:24	2023-11-17 13:27:24
33763	71688	False	False	False	False	False		False					2023-11-17 13:27:51	2023-11-17 13:27:51
33797	70471	False	False	False	True	False		False					2023-11-20 17:10:40	2023-11-20 17:10:40
33719	71960	False	False	False	True	False		False					2023-11-16 16:34:41	2023-11-16 16:34:41
33721	71969	False	False	False	True	False		False					2023-11-16 16:35:08	2023-11-16 16:35:08
33737	71461	False	False	False	False	False		False					2023-11-16 17:02:55	2023-11-16 17:02:55
33738	70372	False	False	False	False	False		False					2023-11-16 17:03:15	2023-11-16 17:03:15
33754	70974	False	False	False	True	False		False					2023-11-16 18:28:28	2023-11-16 18:28:28
33652	72076	False	False	False	False	False		False					2023-11-15 16:35:41	2023-11-15 16:35:41
33653	70813	False	False	False	False	False		False					2023-11-15 16:37:46	2023-11-15 16:37:46
33707	70854	False	False	False	False	False		False					2023-11-16 14:40:13	2023-11-16 14:40:13
33712	72149	False	False	False	False	False		False					2023-11-16 16:06:51	2023-11-16 16:06:51
33716	71443	False	False	False	True	False		False					2023-11-16 16:33:58	2023-11-16 16:33:58
33736	72135	False	False	False	False	False		False					2023-11-16 17:02:30	2023-11-16 17:02:30
33739	70896	False	False	False	True	False		False					2023-11-16 17:03:28	2023-11-16 17:03:28
33745	71779	False	False	False	True	False		False					2023-11-16 17:04:44	2023-11-16 17:04:44
33753	70566	False	False	False	True	False		False					2023-11-16 18:27:55	2023-11-16 18:27:55
33755	72065	False	False	False	True	False		False					2023-11-17 09:58:19	2023-11-17 09:58:19
