annotation_id	recording_id	is_low_quality	contains_human_speech	contains_unknown_birds	does_not_contain_birds	contains_birds_not_on_list	birds_not_on_list	has_boxes_for_all_bird_sounds	non_bird_area_x1	non_bird_area_x2	non_bird_area_y1	non_bird_area_y2	created	edited
28311	105200	False	False	False	False	False		False	5.006443298969073	8.94458762886598	0.0	10960.14705882353	2023-09-11 16:05:39	2023-09-11 16:09:20
28256	126591	False	True	False	True	False		False					2023-09-11 15:50:55	2023-09-11 15:50:55
28282	126531	True	False	False	False	False		False					2023-09-11 15:53:51	2023-09-11 15:53:51
28350	166812	False	False	False	False	False		False					2023-09-11 16:18:12	2023-09-11 16:18:12
28368	31707	False	False	False	False	False		False					2023-09-11 16:21:17	2023-09-11 16:21:17
28372	14553	False	False	False	False	False		False					2023-09-11 16:22:08	2023-09-11 16:22:08
28479	84864	True	False	False	False	False		False					2023-09-11 17:30:01	2023-09-11 17:30:01
28496	139537	False	False	False	True	False		False					2023-09-11 17:33:01	2023-09-11 17:33:01
28501	139759	False	False	False	True	False		False					2023-09-11 17:33:32	2023-09-11 17:33:32
28503	139396	True	False	False	True	False		False					2023-09-11 17:33:47	2023-09-11 17:33:47
28544	139493	False	False	False	True	False		False					2023-09-11 17:37:43	2023-09-11 17:37:43
28565	84724	False	False	False	False	False		False					2023-09-11 17:39:36	2023-09-11 17:39:36
28660	115366	False	False	False	True	False		False					2023-09-12 21:35:43	2023-09-12 21:35:43
28737	113525	False	False	False	False	False		False					2023-09-12 22:19:12	2023-09-12 22:19:12
28741	115342	True	False	False	False	False		False					2023-09-12 22:19:53	2023-09-12 22:19:53
28765	113296	False	False	False	False	False		False					2023-09-12 22:30:48	2023-09-12 22:30:48
28240	126741	True	False	False	False	False		False					2023-09-11 15:46:45	2023-09-11 15:46:45
28302	71366	True	False	False	False	False		False					2023-09-11 16:01:54	2023-09-11 16:01:54
28303	176576	True	True	False	False	False		False					2023-09-11 16:02:28	2023-09-11 16:02:28
28315	31723	False	False	False	False	False		False					2023-09-11 16:10:41	2023-09-11 16:10:41
28333	178719	False	False	False	False	False		False					2023-09-11 16:12:00	2023-09-11 16:14:53
28343	166251	True	False	False	False	False		False					2023-09-11 16:16:03	2023-09-11 16:16:03
28347	61136	True	False	False	True	False		False					2023-09-11 16:16:53	2023-09-11 16:16:53
28349	46219	False	False	False	True	False		False					2023-09-11 16:17:19	2023-09-11 16:17:19
28364	175801	False	False	False	False	False		False					2023-09-11 16:19:59	2023-09-11 16:19:59
28366	72531	True	False	False	True	False		False					2023-09-11 16:20:20	2023-09-11 16:20:20
28448	14521	False	False	False	True	False		False					2023-09-11 17:26:33	2023-09-11 17:26:33
28464	139292	False	False	False	True	False		False					2023-09-11 17:28:10	2023-09-11 17:28:10
28467	139491	False	False	False	True	False		False					2023-09-11 17:28:43	2023-09-11 17:28:43
28469	139449	True	False	False	True	False		False					2023-09-11 17:29:07	2023-09-11 17:29:07
28473	139875	False	False	False	True	False		False					2023-09-11 17:29:23	2023-09-11 17:29:23
28476	119408	False	False	False	True	False		False					2023-09-11 17:29:38	2023-09-11 17:29:38
28480	139774	True	False	False	False	False		False					2023-09-11 17:30:20	2023-09-11 17:30:20
28484	119383	False	False	False	True	False		False					2023-09-11 17:30:56	2023-09-11 17:30:56
28490	139748	True	False	False	False	False		False					2023-09-11 17:32:22	2023-09-11 17:32:22
28500	139354	False	False	False	True	False		False					2023-09-11 17:33:23	2023-09-11 17:33:23
28512	2535	True	True	False	True	False		False					2023-09-11 17:34:45	2023-09-11 17:34:45
28518	2576	False	False	False	True	False		False					2023-09-11 17:35:08	2023-09-11 17:35:08
28520	139909	False	False	False	True	False		False					2023-09-11 17:35:18	2023-09-11 17:35:18
28533	139510	False	False	False	False	False		True					2023-09-11 17:36:34	2023-09-11 17:36:34
28567	84812	False	False	False	False	False		False					2023-09-11 17:43:54	2023-09-11 17:43:54
28568	87334	False	False	False	False	False		False					2023-09-11 17:52:23	2023-09-11 17:52:23
28572	119675	False	False	False	False	False		False					2023-09-11 17:54:31	2023-09-11 17:54:31
28573	139607	False	False	False	True	False		False					2023-09-11 17:54:53	2023-09-11 17:54:53
28667	113660	False	False	False	False	False		False					2023-09-12 21:38:05	2023-09-12 21:38:05
28682	114692	False	False	False	False	False		False					2023-09-12 21:45:58	2023-09-12 21:45:58
28698	114029	False	False	False	False	False		False					2023-09-12 21:55:42	2023-09-12 21:55:42
28728	113945	True	False	False	True	False		False					2023-09-12 21:59:21	2023-09-12 21:59:21
28733	113462	False	False	False	False	False		False					2023-09-12 22:03:41	2023-09-12 22:03:41
28734	115627	True	False	False	False	False		False					2023-09-12 22:04:11	2023-09-12 22:04:11
28742	113775	False	True	False	True	False		False					2023-09-12 22:20:24	2023-09-12 22:20:24
28743	115418	False	False	False	False	False		False					2023-09-12 22:22:15	2023-09-12 22:22:15
28745	114015	False	False	False	False	False		False					2023-09-12 22:23:23	2023-09-12 22:23:23
28747	113445	False	False	False	False	False		False					2023-09-12 22:24:00	2023-09-12 22:24:00
28750	114073	True	False	False	False	False		False					2023-09-12 22:26:52	2023-09-12 22:26:52
28753	115522	True	False	False	False	False		False					2023-09-12 22:27:37	2023-09-12 22:27:37
28759	113971	False	False	False	True	False		False					2023-09-12 22:28:36	2023-09-12 22:28:36
28761	115613	False	False	False	True	False		False					2023-09-12 22:29:00	2023-09-12 22:29:00
28767	6684	False	False	False	False	False		False					2023-09-12 22:41:41	2023-09-12 22:41:41
28769	6142	False	False	False	False	False		False					2023-09-12 22:48:07	2023-09-12 22:48:07
29262	81846	False	True	False	True	False		False					2023-09-17 13:06:03	2023-09-17 13:06:03
29268	92800	False	False	False	True	False		False					2023-09-17 13:08:04	2023-09-17 13:08:04
29269	144614	False	False	False	True	False		False					2023-09-17 13:08:21	2023-09-17 13:08:21
29270	95591	False	False	False	True	False		False					2023-09-17 13:08:33	2023-09-17 13:08:33
29272	6201	False	False	False	True	False		False					2023-09-17 13:09:13	2023-09-17 13:09:13
29274	103984	False	False	False	False	False		False					2023-09-17 13:10:36	2023-09-17 13:10:36
29275	96575	False	False	False	False	False		False					2023-09-17 13:12:09	2023-09-17 13:12:09
29276	91921	False	False	False	True	False		False					2023-09-17 13:12:21	2023-09-17 13:12:21
29277	99883	False	False	False	False	False		False					2023-09-17 13:13:25	2023-09-17 13:14:00
29280	86471	False	False	False	False	False		False					2023-09-17 13:15:11	2023-09-17 13:15:11
29282	89688	False	False	False	False	False		False					2023-09-17 13:18:00	2023-09-17 13:18:00
29287	84249	False	False	False	True	False		False					2023-09-17 13:20:18	2023-09-17 13:20:18
29294	95040	False	False	False	False	False		False					2023-09-17 13:23:50	2023-09-17 13:23:50
29299	88204	False	False	False	False	False		False					2023-09-17 13:24:52	2023-09-17 13:24:52
29304	4292	False	False	False	False	False		False					2023-09-17 13:26:18	2023-09-17 13:26:18
29305	89361	False	False	False	False	False		False					2023-09-17 13:26:50	2023-09-17 13:26:50
29307	96866	False	False	False	False	False		False					2023-09-17 13:28:12	2023-09-17 13:28:12
29309	96948	False	False	False	False	False		False					2023-09-17 13:28:52	2023-09-17 13:28:52
29310	87405	False	False	False	False	False		False					2023-09-17 13:29:27	2023-09-17 13:29:27
29311	95834	False	False	False	False	False		False					2023-09-17 13:30:44	2023-09-17 13:30:44
29313	91958	False	False	False	True	False		False					2023-09-17 13:31:34	2023-09-17 13:31:34
29317	100496	False	False	False	True	False		False					2023-09-17 13:32:24	2023-09-17 13:32:24
29318	81738	False	False	False	False	False		False					2023-09-17 13:33:18	2023-09-17 13:33:18
29320	102086	False	False	False	False	False		False					2023-09-17 13:34:00	2023-09-17 13:34:00
29321	4500	False	False	False	False	False		False					2023-09-17 13:34:36	2023-09-17 13:34:36
29322	100069	False	False	False	False	False		False					2023-09-17 13:35:48	2023-09-17 13:35:48
29324	88640	False	False	False	False	False		False					2023-09-17 13:36:26	2023-09-17 13:36:26
29326	90516	False	False	False	False	False		False					2023-09-17 13:37:13	2023-09-17 13:37:13
29331	97372	False	False	False	False	False		False					2023-09-17 13:38:20	2023-09-17 13:38:20
29339	92408	False	False	False	False	False		False					2023-09-17 13:40:36	2023-09-17 13:40:36
29344	99449	False	False	False	False	False		False					2023-09-17 13:41:57	2023-09-17 13:41:57
29348	4022	False	False	False	False	False		False					2023-09-17 13:44:19	2023-09-17 13:44:19
29350	101711	False	False	False	False	False		False					2023-09-17 13:45:42	2023-09-17 13:45:42
29351	98851	False	False	False	False	False		False					2023-09-17 13:46:32	2023-09-17 13:46:32
29352	103743	False	False	False	True	False		False					2023-09-17 13:46:46	2023-09-17 13:46:46
