annotation_id	recording_id	is_low_quality	contains_human_speech	contains_unknown_birds	does_not_contain_birds	contains_birds_not_on_list	birds_not_on_list	has_boxes_for_all_bird_sounds	non_bird_area_x1	non_bird_area_x2	non_bird_area_y1	non_bird_area_y2	created	edited
42769	63453	False	False	False	True	False		False					2024-06-21 03:51:36	2024-06-21 03:51:36
42770	5700	False	False	True	False	False		False					2024-06-21 17:53:14	2024-06-21 17:53:14
42774	26376	False	False	False	False	False		True					2024-06-22 00:24:23	2024-06-22 00:24:23
42773	97277	False	False	False	False	False		True					2024-06-21 18:02:36	2024-06-21 18:02:36
42768	105759	False	False	False	False	False		True					2024-06-21 03:50:57	2024-06-21 03:50:57
42772	100835	False	False	False	False	False		True					2024-06-21 17:57:55	2024-06-21 17:57:55
42775	25364	False	False	False	False	False		True					2024-06-22 00:29:18	2024-06-22 00:29:18
