annotation_id	recording_id	is_low_quality	contains_human_speech	contains_unknown_birds	does_not_contain_birds	contains_birds_not_on_list	birds_not_on_list	has_boxes_for_all_bird_sounds	non_bird_area_x1	non_bird_area_x2	non_bird_area_y1	non_bird_area_y2	created	edited
53729	118302	False	False	False	False	False		False					2025-05-20 15:04:06	2025-05-20 15:24:25
53824	118286	True	False	False	False	False		False					2025-05-23 03:37:07	2025-05-23 03:37:07
53825	119203	True	True	False	True	False		False					2025-05-23 03:37:57	2025-05-23 03:37:57
53822	117356	False	False	False	False	False		False					2025-05-23 03:34:55	2025-05-23 03:34:55
